sha,date,chrome,firefox,safari
eea0b54014e970a2f94f1c35ec6e18ece76beb76,2018-08-07,602.0505256721168,1617.1788882804883,2900.3438625831423
203c34855f6871d6e55eaf7b55b50dad563f781f,2018-08-18,605.3869030161061,1521.908686731921,2966.686195133767
6aef6676d2f95c29de17666cc70d61b517939fbf,2018-08-19,610.2914971300024,1510.6315700370935,2961.3877466805093
0398567bac5d9bfde928cd200ac3f52c1acfcb7e,2018-08-21,610.5983233911483,1508.2236885018453,2968.056846396925
d2fa1bdc90e7a56f16f28d096de3a6c22f711033,2018-08-22,611.4085395004905,1498.2634298439534,2969.0906319761284
f4b8c1ed158c79fdb30ed70b2824da295f524755,2018-08-23,610.2342518277858,1532.237734897991,2971.6229301992894
6a9c5cbeae3571ee7ecd056e34c4cfe31eaa3223,2018-08-28,597.8329822165322,1500.5593049164072,3116.174332618362
3ede6629030918b00941c2fb7d176a18cbea16ea,2018-08-29,599.9526478811284,1505.5156499777734,3118.7156758822393
7078352c08e4aafbd6714577b50753e5d28ca472,2018-08-30,584.6670634466053,1524.116886785273,2974.3956844034924
1692453d95eb27ec9a92d877dbe2a1d5cd47e78e,2018-08-31,582.5559798137772,1526.35275430342,2979.5218933829983
268ce53f61d5005c808df3991c5ae47844fe66d8,2018-09-01,588.117638835184,1538.4544699896944,2970.5870323960703
3fd70a99bbed97c5b31e08a40162901c7355af7a,2018-09-02,589.8604956176082,1531.384304424666,2971.917234968499
3a58de991a53a5a358234a8ad4e3d7f8d733d34a,2018-09-03,589.6771622842748,1540.7635636109765,2977.225888730639
04bc9c5667911cce7361ee33244dfc8d7ed61212,2018-09-04,589.5489403533006,1526.6075887383915,2978.244636954891
7c50c216081d6ea3c9afe553ee7b64534020a1b2,2018-09-05,598.7867152104176,1500.956588605108,2966.116563250069
ddb3e30ef48c472fa5a5c819dbdadb0d02bf129e,2018-09-07,600.7270374747206,1550.089295813863,2942.837013587026
86579034357501943927f3dc4abf75d76c477383,2018-09-09,598.4969401153355,1541.4026530068709,2948.940804316024
9614def367ae8af8247142c34b00f755863d2fbb,2018-09-10,594.1285346633011,1544.1347182874283,2948.3057569791195
ae06d197525378b72a5460795392de5a091d1398,2018-09-14,728.3734174613816,1553.0401256481932,2954.222568033805
1343a173b66a7ba398bcb47a74bc8bf81ed11d40,2018-09-15,579.3118745902495,1568.7303077422896,2973.134415515552
677dfdd2337fd9b2cf50b371e5be7600f73a3a99,2018-09-16,579.7463874464642,1576.4765313007258,2974.958868189652
7897f9d5beff624590d2fc254d2a7eca6e2b1e8f,2018-09-22,782.4020054487554,1314.1579644751864,2849.5439724741577
61efc6b6063091fba52e182bc332a5815de0765c,2018-09-23,650.2014270455994,1307.6076076957631,2889.6839347806213
5bd512cdc76f762662915a2d3d9e49b021f14ff6,2018-09-24,750.6137675754466,1323.8762831869383,2872.5615399210246
b040cb2a07264d35b9f47cd9deb2fb2889fca6d4,2018-09-25,718.1068126882285,1272.5232347854753,2965.1531217449187
59909759c4e16ea97804409f7612b7981662d48b,2018-09-26,652.5355825294981,1282.66040798809,2985.0677013496643
ee2e69bfb1d44c4013a8ce94ca6932f86d63aa31,2018-10-01,692.3357700042155,1292.5004492359942,3031.4506536931417
67152fdecd6e7955f934a4aec9a15407cbcfa3ac,2018-10-02,644.973468416914,1305.4658966273562,2915.1107712517364
245cb5053c3a6152a0dd374d684d09a169dc18fe,2018-10-11,624.5447055903143,1322.699530373154,2979.4174307322996
d647a1bc742a533186d8297cae2a2bee669c7780,2018-10-12,583.7965652413172,1227.591408629833,3046.4204403149092
61720a8cda9b338f29afe0866428bb62196427b4,2018-10-13,585.0651838825385,1223.3496513617115,3051.8793901660465
74d709131e3c91d09f1708378648a01957c47b38,2018-10-14,586.1608378607507,1209.3992553065923,3052.4260395980327
937ed3c7b19bc4822a4909b2a8429a34c24a293a,2018-10-15,585.6337291566526,1211.6061390125003,3046.218763642281
99e577f57cbd9014f7576846bc6ad0c39db2ca15,2018-10-16,582.184738201573,1206.7833400045522,3010.444664058688
4f2038853851cb7c58986bc0c93478efa9ce1a62,2018-10-17,584.6737419058792,1110.1904901618907,3026.7783516936365
5acd3bcf6609691afc493aed8cb4446e8dc796ee,2018-10-18,577.576789638642,1106.8359959219836,3025.7798735710694
168de7c3328f9f7553993a5aae5ccd1bc1e748f5,2018-10-19,576.2103012605185,1101.538972835587,3039.3296489851914
d44bc3ed386ca3e3d387ee6ca4ff3fbc00838672,2018-10-20,564.8658870154464,1119.6389130953041,3058.847464593357
3dbc08a98225021b57e6d2dd70eec6081bcee6b0,2018-10-22,565.2291753151666,1133.4763476179708,3058.412979744611
f3e2b413499b3b2a9e6ff51c08ca9f0744c51139,2018-10-24,566.1044817044976,1111.8775415376817,3088.3592289549533
09a1d43536a9c7fad387f92c911745a141b38ed1,2018-10-25,568.5087659813173,1116.1238030661598,3080.469523593455
f5832ccdb3c303d03565d391ed7ce3bf9719f5c1,2018-10-26,563.5736355408088,1113.2187934467258,3088.009781688725
b622fea47d516f82e303c1954d0aee2652466c80,2018-10-27,561.5660409619998,1117.1941357091791,3086.2199976106663
71c05e71317fec5f71d5575cd636b0a8e3835f9c,2018-10-28,560.2203865733887,1108.7844026850291,3088.230297564752
0cc29e423fd0785b5f906a903d9010519595a4ac,2018-10-30,561.8906611855582,1122.6302905485306,3085.110099404331
75b0f336c50105c6fea47ad253d57219dfa744d3,2018-10-31,558.7602841603172,1123.6591998307526,3115.193115819775
8295368c82194ac6c1443571bdd57b464bfc55b4,2018-11-01,560.1604274529134,1121.7089967751895,3115.5945139193595
71fe0a6c3d286faafc6c5c9849d7f28d2f14ee20,2018-11-07,562.2914394333098,1119.4747736947181,3114.931114354657
349d41838068164e37a1cbd1c8c6ffeba4c72177,2018-11-08,563.0814322261828,1113.0006718281884,3120.172412848042
a516e7edca11e2efe462d2bfc83b5b88dd9f4072,2018-11-09,563.9733137709744,1064.7943400642782,3133.696638020026
a0610cf468e6208e74b2cfda77a565ab90fbd74e,2018-11-10,566.846975974904,1066.6154557251002,3139.1029492289217
7201104211385809c4c53914834f7fe5c7a8b425,2018-11-14,563.4012779462367,1069.3106417160034,3147.05335739889
6856483bcc86322198f10e0c42385a7f9127eb66,2018-11-15,569.751024752205,1059.3859699269935,3144.5646444629424
b4c61af0f410976b96279df7f75715091619057d,2018-11-16,570.8407024529652,1069.3892879170446,3146.2728840748
c1faeb4eb5346a6bcaeb3f406136cb0bfd68d7b5,2018-11-20,571.0703437440131,1067.433638952755,3144.420000427998
e340f910d3652a059fde65ac0d026df1a003a7be,2018-11-21,565.9562286830833,1060.5240846616216,3261.9394576822588
fe0e2ce1f30ee67ed4c3be7ae420d49b48bc5749,2018-11-22,567.4324191592739,1065.8588315813686,3272.7124831430356
1f92ddd1228e19c9524f27d04fac413ae77d1ea3,2018-11-23,568.7837369591211,1064.0784029064503,3270.750856036473
40e50ecff750feff8e62dc98a72e9bca3a8c94cf,2018-11-24,569.9595779377145,1055.5483435798121,3269.8710804371203
732cc9161d1302127fd4b99a50c13bdff7e253ce,2018-11-25,568.3459293361203,1054.9986410016884,3271.6870083143667
e94ae4b34ee6fa3b7d608a011818f34757193725,2018-11-26,568.9501997598861,1056.171156362145,3271.8851361158695
58523789a079f6b330c37247e035f76371dd1204,2018-11-27,569.0351316475704,1067.873617044737,3271.3867545846447
09972ca7bd566c05f4451b5dda4678e28850a563,2018-11-28,566.1524148873652,1078.1540228330075,3298.179926075679
38ba0516aac49af3e3cd971038266393aa0e107e,2018-11-29,566.3601797405989,1071.0454665953607,3288.4301123991604
00942a1ab7ce9e859adbdc45ea0551090a9a403d,2018-11-30,567.625905214987,1063.7547719726458,3293.7614513495664
d50692144c7e9f0835bcac87ed23f21a154fd382,2018-12-01,568.5295126002735,1080.140793115246,3291.1232074640625
ef72a20e3dbb89e06df6d193294aed9361f4ad42,2018-12-04,568.643677505136,1073.7297057460064,3297.5013109462348
614fd870e47c9f4e76291e5af4e32b676c0acac0,2018-12-05,569.1946852758578,1064.9554250476413,3300.0603957513426
093a97b6ecc6484c201d704d38b47bef1964d59d,2018-12-06,563.5967823074028,1097.7428177420384,3275.5278270580393
ffcb833670935c1806abf2fc3e5c7ba022c32f1f,2018-12-07,561.3475398831604,1085.7259552876983,3277.2087245148564
5349c6a6327372f856ecbe07d863d468a4236726,2018-12-09,561.6125245926405,1086.067144573743,3280.431474655911
48d5d5033d2f634125d0ae2dd494d68f8d01de79,2018-12-12,575.861566972169,1050.4544681691475,3346.8965949579833
4052654d786236b493d2df3cb80b9d3d1d0a8354,2018-12-13,575.5282336388357,1072.6190302152886,3350.524414996736
4094d6ae8bba520103ebe4df08c60ea3f24a2fa4,2018-12-16,558.294715661123,1065.5103116281875,3361.8687026546086
11971ac2161859001b861630338c0e47fee1b59a,2018-12-17,560.0090013754087,1043.5782210147322,3366.8888589870894
38c37851c8f82b4c909851aef02a71d8301d7922,2018-12-19,558.7343832997451,1049.2658879207202,3369.5073084904575
e7517084404fca126c4f89eb69217206689adf17,2018-12-23,564.1827013425585,1048.8686364152009,3363.6857066780753
e7517084404fca126c4f89eb69217206689adf17,2018-12-24,566.4303203901776,1034.879189488909,3357.6645356024087
a357943a203d0d587a30c9aa41c4772a0500ff79,2018-12-25,565.3594455286051,1066.518435243155,3360.1894838346047
4dbc8a0d7b1b1c032aaddc2579ec7239ad565127,2018-12-30,572.5506734922538,1062.4302773484183,3419.896717332256
75bc93d7d93eb39a83b4f862872976858d9cb0e2,2019-01-01,572.9316258732064,1056.9207535388944,3421.1181493719723
2e3e80c3b4c3652ff7a1be9118665bbd6d3b9ae7,2019-01-02,572.8607510116337,1052.3865554562753,3417.708327747298
4e6563687b9c03d2f54ce0f06ef0ccc8e0964328,2019-01-03,571.550673492254,1057.0366784863984,3420.257589537849
71e901cf4534417abfabe4d77a317817f5cc09db,2019-01-04,573.3506734922539,1045.6817535914734,3420.5837931940946
9c5701192b581208a028144cb0fc27e462541a49,2019-01-29,781.53347834535,880.6480156387136,3791.3132996112786
4139dfe3c5ad9c43f4286a549d9a480699ef719e,2019-01-30,549.6778587180639,929.1571082073649,3796.2547576243633
09c7c724f76a6512d829c20a5b84d0fabba661eb,2019-01-31,554.8536996966573,926.6137017052596,3801.916188526769
b0020d5df18998609b38786878f7a0b92cc680aa,2019-02-01,551.6317369176079,946.4749410883102,3795.9075104130616
78c15447152438264b49f4488683f60ee47d068f,2019-02-02,551.5313874200107,946.3232066679853,3829.0644529234187
18c828feb81aa835e7c9359ae64726d872db6ed4,2019-02-03,550.3313874200106,948.6643160763626,3824.966881203599
b879d5c7d8103cdb6948c2a4d8d8b31f845dae7b,2019-02-04,549.3313874200106,947.8930118627906,3815.938861695075
99b96dc0569ede4e842ec7f9c55a792df9092d9c,2019-02-05,552.3666851964061,943.9131982958382,3813.0370174282307
9830c5ab1191c788adf006023da46aea07da46f8,2019-02-06,555.1756193008258,948.3190879994597,3824.8404384307796
156d195398cb919b285c7c6487bc2718ce4382fa,2019-02-07,556.7262521808234,948.7581002882034,3822.4545360877064
7d5d8b89aba590b018d7ac402c233df89b42dcbd,2019-02-08,557.3481196960198,953.7249609025646,3799.1296119724025
345300fad3945a5f1441fb2b2001109ca48f36e8,2019-02-09,556.3350212821164,956.6779652396798,3794.994800387184
48b9be82df0e5099393401a3f43ed9c8570832be,2019-02-10,556.2372397325327,952.8453378057102,3797.3251969942435
a01ac89be3f48fa64bd96d36ac1a65ac9074eb4f,2019-02-11,557.0334844841368,955.3665435634026,3798.685823313145
88cb9e746220d069ddbb6098a2e49b35afabf1f0,2019-02-12,556.6016109873982,959.7294499855302,3794.0298881163576
d1f77cdd373524b0f348e47464ced3cfda7ca05b,2019-02-13,545.4440996704496,960.3482344026984,3804.234048162882
85614961e6ee65fe339a7a8e770499c80cccae28,2019-02-14,544.6724191943762,959.9183513254183,3801.553472691681
14b470e2e03c1e792bef6e2fafbc244b78af9f3b,2019-02-15,553.0193869284474,917.0486510616794,3833.1459006713985
2bed10ac31899a4812f7e1d32ac69ade0bbe7f4f,2019-02-16,543.2284342083279,961.1432504157591,3799.1708997207497
d5f07ed3b5186e553940a3d5c547067850a4e3f0,2019-02-18,550.9496414872876,962.2518794406742,3883.4439985536183
34e6ee21a64e1b2a9b774f102b1b183ea9858512,2019-02-19,555.259730459942,960.9766661107719,3886.7333134934734
7266a4200f24ade6c91608ab05a936770c92e2f0,2019-02-20,561.8130892356693,960.567261831583,3896.7351095419153
493fdc7e7908360273baa0ee13421fff692cf8ed,2019-02-21,559.2306122675269,968.5416341037994,3884.8913902479876
5803f5e36a2d8ff3d06e135f39803f9d282fb520,2019-02-22,569.2155637666451,920.9424789798072,3916.708425810083
4bc37b9ed1a901ad1fe872f2eacef3c5a8a2f0c3,2019-02-23,556.2143622675269,963.2369686205284,3894.5739226445294
8805f23ef629338b6d28ae25cc13839e99acea1b,2019-02-24,562.3954855490999,969.4276504925291,3872.521776840751
d41091aaeb206783b0c56a8d8cb32630936dc8ae,2019-02-25,558.5984134598567,964.0507902868096,3894.28459619244
22abb9c5c4a78f5deecc49417f5e57ba27f404cb,2019-02-26,558.1952676087286,965.792026855969,3899.296941394073
bb657c4bd0cc4729daa27c1f3a1e1f86ef5a1dc0,2019-02-27,561.5735366871068,969.4859548816781,3898.0212966958215
347653b608c3f36d9313feed45c2b9c20e161fa8,2019-02-28,596.3687308311892,916.3176264708648,3864.9008998659074
c00e66cde6cb2033da568f4dbaaddbe30a128959,2019-03-01,600.4702561729094,906.2114704062884,3865.497775671041
20715b3f6a3b774b78a9724abde411ccb34a6212,2019-03-02,597.044065696719,907.1166474335622,3898.6638774438857
20715b3f6a3b774b78a9724abde411ccb34a6212,2019-03-03,605.95769596275,961.8873384660209,3860.144934539468
c62b3eef67b47d093f31540fb9ef43cb9f07f063,2019-03-04,605.261573341979,907.9936132634313,3874.2280198152757
b3ebabb7719c1892e56aed9b5e13f8b4bddb1428,2019-03-05,602.491930484836,908.076828739291,3878.6835541075443
a69554e3d52b4f2154977592b926cc4ca505cdf9,2019-03-06,611.7536445264376,961.4743920566781,3856.9659930760185
7e2bcbc6ae0ab383f02cb4c10a9e8091c30ef61c,2019-03-07,564.0789869505422,940.8948862675102,3812.9579672724376
6693cdfab4e7dc0fa7de7a737ecc60beedc02388,2019-03-08,567.390736784177,935.3099887749687,3813.9257701541405
94573f7263a55f54becf4bcccbc0414cb4911749,2019-03-11,580.1443931825202,907.0037651061423,3916.0578088530524
2c929b12d8923298a7025f8a499819ae5f093a8b,2019-03-12,580.2189017015239,904.7532913693528,3930.6887099859873
5df243654fcf1672d8e76d461d989651d907873a,2019-03-13,581.6260445586669,905.8628151788766,3920.993438008221
1b8bf0be8de51658e7e71f7a65abe561b8fc9930,2019-03-14,579.6915680769425,907.9282913693529,3945.815423369954
7cc1301eaf905c0cb5fa32b4bc9252943ecdf6f4,2019-03-15,555.2409025056855,882.851601053168,3759.4635273475446
78a0ccb785b63ee5124bd86adf438248cc4922f5,2019-03-16,582.7654390568714,905.287455143222,3942.7993824448727
c7ec350b7558104179440081c237de04245be8dc,2019-03-18,583.5692377678886,905.7155499571986,3952.3095387682815
e45bda7edddd2cffb4169efe2f61812537b09abd,2019-03-19,582.7377527391558,902.3994785286272,3942.6265203444864
a8d97c0c7c58cdc2def51573e30c2cad92923d75,2019-03-20,582.803228929632,903.161383290532,3945.1708599498356
41cb5b6a73661d1c98dd9b55932e5c138dbdaa92,2019-03-23,554.0575502080275,906.7313900193989,4005.314112380493
3b0abc897b6f4f3997ed42b9ef902e98b2893d8d,2019-03-24,554.5742869027054,903.6455837178573,4015.933840124716
69e5802277ed34ad99092743b4313ab8eec7323e,2019-03-25,556.0953659765368,904.5574024064151,4020.612229110857
7e1dc7e07e56fc4dc8e1662d9c359758756070b8,2019-03-26,558.5028096802374,902.3126900071273,4002.511794672054
c2bd80a32f478b4029307523d6ee02c2aa695b19,2019-03-27,558.9625826591966,903.1538031171928,4013.320443349739
c6b4c117ceb0f89201188d017d6ba4b1e6cf1262,2019-03-28,557.9625826591966,903.1045797840169,4020.3363820647123
52d8660d0fb402e768c535a90006d0980a9d4bf7,2019-03-29,559.3884236377899,906.1900709595081,4018.055464983013
ecb5ceb84abcab34640cdbaf3d282b7bcb4029b5,2019-03-30,558.3646141139803,905.1606953477692,4002.5583825741455
d4f8820261cce3f9ee37353b6d76d247cb12a972,2019-03-31,559.7125826591966,906.0885541429913,4038.3066251344726
a8e6f75e3f7477bcaeff7516a3c540cc4680e7e2,2019-04-01,525.1927550753426,886.7890946783778,4011.9928421428895
24dd35d24272746f1d2ccb46b20d886235f0514b,2019-04-02,561.4358106308982,898.625404202187,4035.106792387344
664265ae58a4f422b257a6c7c590a5ca346434fa,2019-04-03,539.1995182122259,870.7244432071998,3778.083625136822
3b92b9b5955b48ae6db93e4537c98de1ce999f54,2019-04-04,562.6021704797998,897.545003312031,4054.4046830757416
c3c423be44cc049b7bf951ca3c755afd72a8d0ec,2019-04-05,560.0591494788235,895.1479533171945,4048.307634677709
923923a01f38577f471b1e613c4223a21ac027ff,2019-04-06,559.2514113835854,899.0539476858962,4052.1705562006296
b624370228950fef1ecbf00a82be80246a1bde52,2019-04-07,558.2621944471207,896.7393786711197,4045.521793060279
b4c54a188df4cb6c53bdbb68f34a7d4f66a96e40,2019-04-08,559.0598134947398,895.3007301826788,4053.3424808458117
38f02ed8bb05f69ab4b061d17220f8f46709a0a3,2019-04-09,559.3250294267157,899.6353625246645,3988.1261060256925
2d1cea9fdf329a1d7d03ecd505a8a216e57d85ba,2019-04-10,556.160722068091,889.3861586998678,4002.539288163934
0fbaeb4dbb1ac8ffdd8ff8a0b7faa3b330554146,2019-04-11,557.1011982585673,890.7207584972335,4000.5817290731397
89c7877e004716564ce0f519ca85fff9a939007a,2019-04-12,561.6614608316831,886.1837020366911,4007.1261502330917
3efff9b2d66aed3d8e2061205069883fd54df2be,2019-04-13,560.7006427888696,886.6545353700243,4008.8021655378698
1a9adfc150fb7e048e24f5a2e2f97ba7df340752,2019-04-15,583.7668810165727,934.759818170701,3882.6037205345406
0d32c192cb3aeae4cbf481518534903cdce8c5c9,2019-04-16,560.2326436626137,880.9244030610188,4009.51710247395
0b9bdba21214c2844a88ed7a7400697879c5e20b,2019-04-17,561.0394370221593,870.8802178365578,4016.3869484425563
0a4f439934918ec5820c5232cf3366c5694a4b64,2019-04-18,560.6144596481325,874.4989042175483,4004.6731485663186
4657e102531b29ebfbf73b547693288c51c8b8c0,2019-04-19,584.977451580846,928.3868017774089,3880.983326631971
c874e70e5afee485db2d2bf81f3a8c2779dcaa3b,2019-04-23,530.9730831041854,708.7617040286148,3413.064831016993
3625714dda1ad6aea9adea34455b9a61d5ac94ab,2019-04-24,562.2519055355784,872.3561552324952,4008.8802585489275
a7ca70d95f7a7b1f2421ad85ab2dd50f75df0934,2019-04-25,560.2638102974832,867.1882669917037,4011.1827599364287
301ce26e6c4fdc9c7b04dc86e009835662519c37,2019-04-27,561.6163073542539,870.8416729050876,3986.139532181359
9243b385b8653b365927103190ab423db9b8e54f,2019-04-29,562.6247486906192,874.4592928152144,4000.390988936512
4f26f67a4eb9aaae3c25beaa9a95b032bdbe68f6,2019-04-30,563.7080820239526,874.4753533539708,4001.445158197426
8da1cdcae2797119b5a1ca882e430c2b3d1f49d4,2019-05-01,564.3747486906193,874.9493859880034,4003.672591038115
5e447de33a3c3c0de7cb96513e8318ca673f182e,2019-05-02,570.5283561942267,879.4346540532715,3982.8048988366063
e5fa2ad49fb3fc72bd9d8b396955a85758c0711a,2019-05-03,566.7669267739738,888.8401092145735,3987.747865363551
f3b732280680933af122ca424b809a5276bf6a36,2019-05-06,567.0977503947975,875.7057651272884,3992.2733634763467
921a5dad0dbb2b3b004cb91aba2156e019ae081d,2019-05-07,569.314417061464,879.3664794130025,3998.9456691229275
aa929d12a020e0961b5b837eea6207dbcc98daf7,2019-05-08,568.4334657524056,878.6537961928324,3998.3731759422576
1dc0f0ac3a17b85065a90050e14d64bb8c14b1fe,2019-05-09,567.7402591119512,877.3621295261657,3998.467058601393
98cac08c5f064da91c6be5b056c8b89d1b49a2a7,2019-05-10,566.392942021937,879.229404890821,4011.526431309629
0c79d0d99c720f679fa089374971778e461e6662,2019-05-11,567.5596086886037,876.2016060230221,4010.6562041265734
127f2d619d867b7271c7b759521be7080bca2534,2019-05-12,565.3096086886037,878.2419906384068,4011.498551194502
0884f14f722d89675d951dd72e9a35502aff6bc6,2019-05-13,566.892942021937,878.8349393563554,4010.9275191043657
4c38864fbf8c347a9cf21076caf3942692250cc1,2019-05-14,568.735449667197,879.4529885115015,4012.8022330681833
35f192b9edab761c3d00d1427a276c463bf51d38,2019-05-15,569.8714735231989,881.969730042877,4017.883876303331
a44abc74a6c413e695b49473b58333d65ad08e0b,2019-05-16,574.0209444226698,999.6864931162598,4014.1715448046157
89c336cf4ab9a87cd40df6ab231fb424cf8f9e45,2019-05-17,572.0811001010379,894.6287414572587,4052.1001772017407
163424c5e76ef73bd0ddecf9b8aa7aabc555ccb1,2019-05-18,570.4144334343713,897.1742026627201,4047.0393479454833
6777c592f4895dc043a8a3f25974fcc83e8cb598,2019-05-19,572.6644334343713,898.4204081239254,4047.7999186388056
1ffed3dcdccec640b36e7312b009126469e70b26,2019-05-20,572.8878934605837,895.8420699124478,4041.955115088919
e8a896ba533074208ac6ce75ec1fd6df7dec75e5,2019-05-21,574.8701076966158,897.2815941420965,4047.077220083951
095dac6b871c798e75bceedcb135867da7ae431a,2019-05-22,566.6201076966158,855.4569537599602,4092.0533807336574
747759339a939935ced544dc2faeeaaf9b0075fc,2019-05-23,564.1196620638173,857.14559589465,4092.684980885555
a00eb7eb65b3372a510f25419403d7adf82c952a,2019-05-24,564.9887096828649,860.9670244660787,4098.47280835381
ac3d096a5972dea5ecca1c43e324086895db7c6f,2019-05-25,564.1288363757438,856.1331375761441,4108.030995136996
a4df0fa7be958c11e80caf57fd36c935d11a2a34,2019-05-26,565.0958525400076,847.2378516038234,4117.505433168102
057bc299a3c3e324a84f6f8e332c2e4cd02afe73,2019-05-27,565.319502921234,852.7274630832133,4119.425622472851
a6a3a634c463305c0c8e81d069a2f89be78a3b75,2019-05-28,565.1052172069482,850.8155583213085,4120.455877408763
eeb34a17faace5d8b05abee1f4c56536a44a9cee,2019-05-29,536.3032470464125,828.551550821382,3875.098220976395
edc6d2dac18b0a4d46cba57ee36f14db25a9c94e,2019-05-30,537.0532470464125,830.0039317737628,3877.70790223989
4cf5295e8d52d4e7318e485e9821d0188e863d6f,2019-06-03,510.7824047525057,838.4522123774235,4044.4997132839653
3e07a6ab685f2f924ee066017d50d9708f74b3d9,2019-06-04,515.3564092600765,836.6561983803648,4045.3651943231675
488f0f02d28b33060a091e3961e6849abe97bc4c,2019-06-05,544.8201531992885,853.7304737708048,4299.616341184567
3840f46213d9a991acc9288e3863530f7502c05e,2019-06-06,515.0972349481498,826.2690404389165,4056.999737436273
03fff324c7345277c2a581564bd972f2b5c9f74a,2019-06-07,491.1745069988638,778.6528327662569,3916.0851547727634
a2ed321bccafcf3d34a1d1c186ae96858ac2a6d8,2019-06-08,509.04748068864785,820.6343991454048,4063.5442300376894
6ba1179816f5158500b8f203a067bed688975118,2019-06-10,510.4978301862451,822.9727352426961,4067.116588543381
1bdd1b190160c52908b843994b3ebd0a1d6d57ca,2019-06-11,508.9941546253982,825.8287637799219,4065.0890867206795
293630965d1396176e0fc18e862ea3705c403c27,2019-06-12,506.24061742651196,895.3448339656104,4059.70371154982
b06ef73185873bbc1b7fd32d3d96c000e5163038,2019-06-13,513.5254565039478,825.7677131528266,4098.6265616854025
fdf8ff01960e031fe0381133f5a39e1b8e372454,2019-06-14,516.2754565039478,823.9068171847304,4109.399639302973
4100d1d51b885185c50902397f7d203d89efc24c,2019-06-15,510.58041914202437,818.9464690667289,4116.640926218388
fc5cf5b4f416e285daaa211c85c52071af702b0a,2019-06-16,512.0057113905431,816.2723544209896,4118.614705919704
c81dc02d6b1b4a5a5925d6cb27f16af7b897cb59,2019-06-17,511.52952091435264,813.8563238892366,4120.302865070468
f64ccd6f3956e0d593393a4868838c9489928882,2019-06-18,545.9299465091825,836.4603756719654,4366.37510410436
17de974a80b0d9a6ff48dc24796441057afad5a0,2019-06-19,544.5661847520947,835.3423423111533,4367.343230073935
5303a4e841969e0b5991c45c276027a671e3ba20,2019-06-20,517.8827100920124,812.7936901177792,4118.526334357533
3cb5a99e5521936fb8819de8aaba806050b84184,2019-06-22,500.51991817867156,815.023343797433,4116.85463810109
e58f6806fee2388fcd172a840153e56dbbd2ce46,2019-06-24,498.76407022545516,815.4037433867877,4117.782983148308
5059d2c77703d67d2f76931b44e6d2437526b6e9,2019-06-25,499.4711606256981,812.5751208189389,4122.006186574778
88bac6b712530867081709212b365a6a01feee04,2019-06-26,498.262868313346,807.1810731998913,4121.961686008316
ef77ba9ca4f582ac49e3aa7a1569134f149696b0,2019-08-23,526.2972323657335,818.0226649025218,4421.896140749897
3bac98b37f29ec287e115fcecff566eb081131a8,2019-08-24,527.3980733443268,819.2242028090598,4415.687804239314
6933aa6626e5dbbe66a5c2b1835b511a6438a632,2019-08-25,526.7972323657335,815.9464250312819,4413.628016190688
552bd3bf8bc1beb528c6e9b6b730c3cbc3968345,2019-08-26,529.335426810178,817.225906110105,4408.441269095705
49b0aca116ecce1db83f1bbd4574a10555224315,2019-08-27,510.5459615357548,813.9253750164279,4515.384471726843
0a80ac883be37fc74859cd04815795e2a74077a1,2019-08-28,529.1457222309037,818.0268455826155,4572.935493106395
dce52f4c2f9cca055d56b95f04aae886bcb80a92,2019-08-29,530.068398652535,819.5443261393359,4574.050931635458
fb9b5a1d816ab6e90f20534d6f3282f82075e460,2019-08-30,527.8454133461694,831.0476838079029,4560.912538240764
8509904597cfaa936f973569b9b7d8843787a3b6,2019-08-31,642.5941416752586,828.8437592416388,4556.7380440227735
629e3ba6a9e50c2fadef93e7dece7fff1711e824,2019-09-01,644.5060937649629,830.2365755893618,4552.604080777054
c05529a9dfbda874a8f1f48eb20248a794c52e71,2019-09-02,643.5802527863697,827.4574089226951,4554.908780547149
e118216e534b865413a06a48aade6a264d2f4d69,2019-09-03,650.5803072526005,829.2776878130675,4550.000095448303
4490750ec49e4a0defa724950e0160ccce42a532,2019-09-04,651.7890882283167,831.1291013994811,4575.56940554228
ea477214a448d7e5d731fa9ced0e4fd8d78f76ec,2019-09-05,654.1027897333836,830.5022106431785,4677.356787278189
ff403bcc13d34c1c8a8b86c1680b45b48958b6d9,2019-09-06,639.1864751838846,831.0371955375259,4681.15459421927
756a676d640e9a772f565964285b2f20f6164fce,2019-09-07,641.4082118022906,829.1740075832163,4682.96442036903
35e1951893278b627c9966de7d47e014da1f5f22,2019-09-09,636.8804340245129,832.1956164797272,4686.010920766777
73837c92a6753c8576a7641ab1ca54b9169f0092,2019-09-10,622.405163891995,830.6171046110784,4638.968432928428
e2498db8b0ffa8175fc10d32f3aa76783430af98,2019-09-11,637.5784972253284,835.3013680856991,4690.760817598934
b3a1b49e4b73cc0650d0042378d9b6b2911f0807,2019-09-12,637.5581220227891,833.3819080154899,4697.842147563849
1719e88c8b2042b1831f5d178d3a81d6af7ca265,2019-09-13,638.1638267207757,833.7999067151753,4693.232034855654
bf42dca1ce568ce559d5a4cad507239035b91dcb,2019-09-14,642.3638267207757,834.1327919752441,4701.835067073182
6fd5e1e086ce590a4780a30d129688abe2115bb9,2019-09-15,650.3638267207756,830.3800141974665,4697.936249377115
149354218b0d2f62f1907d9fe8becfc94a8d138f,2019-09-16,650.6913725254367,826.3154615409608,4700.369810107925
9b5a07c75793477c12a9eb67f3d8b594dbab0e82,2019-09-17,660.14221350403,828.1041635662067,4699.243084016243
d473076149ead1fcc22d01ef91d08bfe5af206cd,2019-09-18,658.1938684996719,829.5553471034004,4705.657918885075
59d5350b143cbb45c8a80704ea7cd3d3a5341a69,2019-09-19,668.0595130564244,805.0270416531795,4718.432720793771
95e65dd9b03054969c44616b5ea28300387da547,2019-09-20,679.8595130564244,805.6788026699406,4720.341904387956
42b4a3fa60fdc4cbb622e3196ed89c4bfae32737,2019-09-21,682.047167377412,805.1052146573157,4730.395096231905
e2f106dd72cc285e677557599c17c554a0f2d3bd,2019-09-22,681.047167377412,806.9030568151578,4729.761635650692
086bc41857e0c2b0644b6ac2f8aa31f432743118,2019-09-23,681.0891285745846,807.5497229950618,4731.202154373945
3bff4fcbad687be221f6830969fe4f7086ce2cf8,2019-09-24,686.0035140081642,808.3536075360289,4718.928008666547
c3c56f5ba3199e766c7cba15f52faac45955dbde,2019-09-27,688.5644387707332,801.0086695683274,4715.013464236645
68abc3a55e4dcca5a5fc18c778619af0dee25d77,2019-09-29,687.3977721040665,794.5003362349939,4722.665482419676
563a1ecea1478f6ef34c50259c3ff66bb5ea4fc3,2019-09-30,691.5977721040665,798.6215416961995,4721.611443450631
f1e1bd6bfa544af8059ff8ef79d622281f9ec0a8,2019-10-01,694.8397763332889,795.159240108898,4727.664428337225
4786b7387504f691ead311c58c2da512ced8472d,2019-10-02,697.8306020213624,795.6159861406439,4728.824279291569
29dca2c03643edcf3a9461f57fca0cdf6075495d,2019-10-03,701.3205920113526,793.9816854413432,4724.671323205016
f4483de68497c00c9be34dbbca1bef9ad9a04732,2019-10-04,701.9630996566124,794.395351220009,4726.869206172442
6c1b9ea175aface98eef5e8851b75a00d0a1ba72,2019-10-05,703.7872586780192,797.5956553291917,4728.201686483893
2ae499f937640068f33d547423bfeb8c3dbf5295,2019-10-07,709.120108919565,908.7560655057233,4852.208653123958
6e56893172d7f8bc833e9859c97ad5e52e9eb937,2019-10-08,712.1756644751206,908.2564623311201,4852.037654986295
4c1bbd4b27cfa527485d4f56609895c9df55212b,2019-10-09,712.3756644751205,907.8059243499588,4874.596825373838
a8797562829ef022ee4a0b74ce0aeca25953f6d9,2019-10-10,712.2867755862317,907.7435668721093,4874.71991442146
8c525ef0c1afccc54e4d6f09a57c1a2c437ec37b,2019-10-11,713.229293521383,907.5344250832635,4875.258268548417
0ab72f38a06396ba83cacc1ddfcfb85b465f6634,2019-10-12,715.6251268547164,908.1687751776136,4880.725460914639
f934e6289fd56ce993a2ca29896f04696121148b,2019-10-13,716.6251268547164,907.7042663531048,4882.41241687206
c7abd94317e9a039ee0a93324571e94b91a9ab09,2019-10-14,717.7310948111578,909.8772996116803,4888.524820506186
47f50fdf187474e184bafebbea8ce16736c3b22f,2019-10-15,721.2992766293397,908.6327175270981,4890.013354348776
5afa7f6c3321e6435f6e4e119214f7c826dd8bae,2019-10-16,720.8101857202489,912.0559071152878,4896.475503415556
776c49d09c52ec0770b847892380f96b09655b14,2019-10-17,741.7918165838821,934.5887308304367,4617.233601769121
1153db2f81f227f5b410bea76f66b9a9cd1ce4fe,2019-10-18,745.3971779817846,959.3464501565169,4612.669691436676
fbc0925b2a275532252d79995204da95712b37e7,2019-10-19,745.3551265963318,962.1297834898502,4615.865915999116
02fae42fbd22ae0bbf0963dfb525520fa30e174a,2019-10-20,745.4162467916689,962.337550449309,4635.204863601672
9c6848c2e4d7284ba326fe7898c6616c9b29854d,2019-10-21,743.5654058130756,962.5508194025778,4632.387685248846
2f293bc9a0b276b0fd58af0b8fbc2f5875e56360,2019-10-22,613.2404058130757,968.3958837826422,4660.653807769066
f87822f99f72472616b0b02cde46e76b47d7ce65,2019-10-23,614.5224922508896,980.2369305136889,4629.285761552392
511fea02e78967d7f7fd99c1a884b4c06468dd3e,2019-10-24,621.0177303461278,982.3899314016899,4626.321718065016
b1e94422f865fe7aa6361d4345863d99cda35110,2019-10-25,619.944813679461,984.5996793590465,4628.955314160727
f80d75c4b83d2234beb25ada9b6fb3ae47903f81,2019-10-26,619.3781470127944,978.5996793590463,4629.66567080094
1092d667b008dbd598fee995ec890c669f9ffe52,2019-10-27,619.8885636794611,981.1698354655662,4633.37319368071
76589cc94fb7977892b1deb69838b9e537b5f692,2019-10-28,620.3885636794611,977.1734068941375,4634.528590425746
efe71da0885bec25ff8466160abd4bce44bbb2f8,2019-10-29,620.705162233812,982.2772528829836,4638.224652696808
86dc5375aeb59fa9810d10f333d4ad42eb322650,2019-10-30,619.0937287246176,990.3176288863696,4627.519032443635
dd8b3c711e034e06372a5fe356bfbaf45100433c,2019-10-31,591.6885659630184,1001.4287503918596,4680.669754860657
e86dd95bfeaf1e1195405a30b41c0f6e8548a091,2019-11-01,585.9479987870718,1008.0503898687215,4677.513295740296
d4a7c5c8ff1f9a56e692b19469e655fd7f684582,2019-11-02,588.3881676182406,1010.7882879260056,4680.84994875376
b3a2d4f7f55420ca09ebc0107112bc9f33733013,2019-11-03,589.113161200888,1009.0638597314818,4677.5170108166
d9b281edc4ca4669bcae42700fe48b343c354590,2019-11-04,589.9048278675547,1010.8993509069729,4681.258384093081
cdeed2384b3c08033a56076ebfb1dd250ca897ab,2019-11-05,589.738161200888,1007.1771286847508,4686.486201473038
2d18475e25d5a46a68ed899caf838e55639775f7,2019-11-06,589.2683597060865,975.159649211942,4608.468855580706
bd66eaf4732572de37bbd163842ac060bfe37f84,2019-11-07,588.6481216108484,972.0889421412348,4620.0812887993125
186457c2f6c0f52d9939cddeefeaebcff38d681b,2019-11-08,589.496398636494,973.0893499507878,4644.125040217899
70fdd27f4cecb8a5cae3dafa76ba05265531c9e2,2019-11-09,584.1329955166252,974.3403256609015,4666.2468370858805
dfb9b282712436e313020da5871ab2bdca44e7c2,2019-11-11,582.7937735481213,976.4659137236571,4669.133443893504
29675aba0993eb9543825568753a1b01385c7c28,2019-11-12,582.8349823393302,977.0770248347682,4670.728558348365
ea8f87db32e6ee3caa101b9cfb44e28d896388b1,2019-11-13,583.5613065190437,976.2539986917891,4666.2772689290005
3292bf3e2b1848a667d8e772c6e15a493308aeb2,2019-11-14,584.93928270952,971.8177215105857,4671.713335296541
b01952269edf77ada0b59c3d6190a48439ee1df2,2019-11-15,583.6850110008364,970.4218881772523,4674.889743214115
89aa3f42131cce5a77268ddaeb2fab8a2e29c2a6,2019-11-16,583.2058443341698,973.4218881772523,4674.363616709857
fb96a45f854c47c73183f2d8cca19a4bea0e44c8,2019-11-17,584.9231062389317,972.5008739762012,4679.316711965832
ee893908a206f562a35f202fce67e667bc19f603,2019-11-18,587.4192004881329,969.2759719071556,4587.061973739292
cfcdb31e6f20d37e9e6a7642d42aa44e2ff22c7c,2019-11-19,582.4865586198841,973.4538868222388,4678.389502308421
5d71a0085efb9464d714dea6198db6273bc31b1c,2019-11-20,585.9949969952341,973.0302757111276,4685.570260721722
d3d50312c51ace1ba0bac95c38181658135a8f26,2019-11-21,586.8116636619008,972.2503082411232,4681.2742621764
e3376d24eb7ecef921d6fa60202e11fc19ee24e7,2019-11-22,586.2450292529085,964.1429869842718,4682.710078598011
0c3a6b1df6317496373d9ce3044d19704e9a6379,2019-11-23,586.1088113041906,969.1429869842717,4687.733668295862
29cfeaf1ea98a1d05378bfb735575e3e9dbbc72b,2019-11-25,587.4546446375239,861.8985425398274,4694.2519709939315
0b93a71f27ef7801ff69d787097b49c4e8ec5c40,2019-11-26,590.5270024543504,866.1074683315611,4683.93446931186
b980ca9454ebdac791ff153be731b8cea392ff99,2019-11-27,589.5820100996102,864.2499358015654,4685.5792126582
22393de8e68d97914be254cda51cae0a8e8763be,2019-11-28,589.631169121017,864.6457691348988,4687.634571912517
995900fc628dcbfd79fb78dc816e5bea17119c84,2019-11-29,592.848909020007,868.2911588272344,4688.516040273688
561b765308e6d188618f3ba73091bb598d8357ce,2019-11-30,592.9622499986002,870.1661588272343,4691.908142912286
923cb3c2e315d6bf945254bf2f751d20718d9922,2019-12-02,592.0822423533403,861.5133810494565,4691.805395821387
9e9653f27892915358f7bc448e991b76417b4dcf,2019-12-03,579.6528772739753,841.3569985672613,4687.193404654447
a72f7784bee60746ef18a75589f8e4aceb8df742,2019-12-04,583.8909725120704,844.1261652339281,4689.2862265725535
87ad8c31863ea6b2ef959b6a4e7292fe6fba73e8,2019-12-05,585.5963296549276,843.0589376615318,4689.098435517281
8f704cc3b3ce17cbda5ea8af66ec3649b50efb29,2019-12-06,583.3172450900672,840.4536215695779,4691.251461665146
091fc5233ac9af258fbc9faa5eaa4c0a754133b2,2019-12-07,582.187284772607,843.8286215695779,4687.599277014006
445af40713119b84d86d3b2d78b10bc1e788fb94,2019-12-08,584.7934355662577,841.6341771251334,4691.331655068325
cfa7532fc63d30acb16f9eb82ef30e718c2661d9,2019-12-09,583.4511736614957,846.8238485846264,4692.903785186903
622d7254cb5a3bed5b621bda39882c3338aaf35f,2019-12-10,584.3886736614957,844.3652637912021,4687.437190382425
d09c77af120af9c9db2065378186f7942e2f157f,2019-12-11,591.2521045601711,832.1353193803217,4709.774381383506
178762b6fce688979e261f3ac808651d2bce0832,2019-12-12,587.0205569411235,836.0936418062458,4715.033854062675
18b9f8da25e431cadd63be5bbf5fbcf4a5530800,2019-12-13,591.2284226719576,834.1468506185063,4722.101278008128
5e5a9f523a50e6b875223b6ad44d7cdf84eb7195,2019-12-14,586.4159226719576,833.1274061740619,4728.444691625741
361a62ec8c977a4876d424906120feaa9493bfff,2019-12-15,588.5111607671956,833.8343506185063,4721.823027731523
80b2a8f11ace6b83ad7c4ef0d43ff5cdaf2df864,2019-12-16,584.5415461475134,832.7328748545343,4723.506696840081
455a12ebb9f41d4950c2f1ff78d348603a65bac7,2019-12-17,587.0445474619414,831.6205570928961,4762.5809566605385
bf21d03497737638921b0947966867be30a8aac7,2019-12-18,586.4436470138888,830.8215950282978,4768.917320552098
0ae74ec621f758cfe426ab7cb71b5dd6be0a241c,2019-12-19,587.4269803472222,829.1715950282978,4770.140428472086
c8158bdeea965ceecd5a95d507e75e863fdc6d0e,2019-12-20,603.0765770222413,881.2731634639027,3602.650674125115
ba353b09d0874bf884c744da16ab885c0f3bf403,2019-12-21,602.2432436889079,882.9451331608724,3601.1550927362264
b048002b012a8290b7dbdb0f0d685454e8837b6f,2019-12-22,602.2224103555745,878.9154182161207,3607.404756389687
e936890351047304cdc98d31d555f6d6a068097e,2019-12-23,603.2849103555745,881.7604109386502,3604.377164870737
7ed322c3132993bcb5734702b40621448670fc76,2019-12-24,600.2224103555745,880.8923553830947,3602.6864345477043
36507c8b6fe2d51971da07c913589ef1621f1651,2019-12-25,574.1500697088849,770.2217927637045,3386.475570497771
fcbfea4e5dfbc252635770745280fad0d382fc15,2019-12-27,604.4140770222413,882.7620523527917,3620.8735598246935
6e3355fddd773b0b3f76cabac9cb3f2a101b27d7,2019-12-30,602.9515770222413,881.8451331608724,3637.349453054479
fda9fa30b9c18f3689f09384c0d4f104c6e6fd4d,2019-12-31,608.3474103555745,883.1562442719835,3634.8838471326226
8aacd823f26b4d5a66f6a8774381a058f8d151a6,2020-01-02,606.2849103555745,877.863742592893,3638.198475445912
c5f090c0e768bccdc6b0c7711c4adc2d3311c230,2020-01-03,607.4099103555745,874.1409322851197,3637.994516365913
3e77495f7f1920daa0c706e7b287dee0ef3279e2,2020-01-04,607.4099103555745,875.599265618453,3642.730330021893
e30880f3341ca022f7009af13eb871872d02caaf,2020-01-05,606.2849103555745,873.9548211740087,3637.810803576629
c9b91800ba93af794459ceb3d03c9b2242f805ea,2020-01-06,607.9984663994694,876.8155512812808,3641.387087262235
f559f8bc4f7a219ac08db260cfc270c556119dac,2020-01-07,611.5726254208761,874.6931978448524,3641.9006898018347
57119ba2c3177038126580db1fd19224c4eef771,2020-01-08,611.5726254208761,873.4012861900194,3656.0926827374306
ef82683b68712cd1276da1a4a74bd9ae06c9fbef,2020-01-09,612.5442780016841,885.7053215044134,3593.0905255103244
3d894444a84e3999a2094e84a877eb8cba94e14e,2020-01-10,614.216847360965,885.9830750670378,3590.1291244168533
b1d8b4ac4dc04fd1da16cb309ed675fa6a07bfd6,2020-01-11,609.9382759323935,886.774994258957,3594.827433290226
21b984ec521b005665f33d80bcd165d69e1cec1f,2020-01-13,614.8771037712213,884.7074340413966,3595.97340057294
30b4a2b527324b03441d7afc7e24a1bc0edfb4a9,2020-01-14,616.9950982767158,884.44279728926,3592.3101472699113
2e46c94850c3a76181dbdda54d1ff0cfa7eb7ee5,2020-01-15,620.6090052031228,883.3580750670378,3594.8574705746164
99aa9f99e5210107343c9cf89b8550bebf026b53,2020-01-16,618.9631718697896,883.4877988882091,3599.213576689131
b9607ef83f80ba7898def5f60c76c3e47ec9576f,2020-01-17,609.8805834896347,886.8206139794198,3604.865140203025
2f346208c2a115a601b580e7869fe112b97c4246,2020-01-18,610.0871102961615,888.7019130206819,3609.0272156130864
12d729aa101686df75bfada4591e66b1d0375ae0,2020-01-19,611.9698483913995,888.3913501876558,3611.4985801261314
b3bb7d0e0a97d3b86618271309fa15182938515d,2020-01-20,613.9301658517171,887.7499360462418,3609.808101445617
f3058053697bfb2ac7e9e42f80dbccc2d5fe5a7a,2020-01-21,612.9301658517171,889.9647218351655,3620.18747779806
ef6f3f030261b545af4734d9cdb6b64b3fb18e39,2020-01-22,610.2069149359661,887.4249360462419,3619.212548507832
9940584f86638e9e558928d0a5fc7266f1848cec,2020-01-23,612.7575101740614,890.7943804906862,4389.590224620554
8cc440c7bfe7d3e2f56dfddbec1fa324939aa37f,2020-01-24,620.7093963255443,886.709183609742,4384.567935293105
b8251ea96a23673c8cb401662c5b0f225d651bd3,2020-01-25,622.3996845460957,887.7712014388514,4392.54987546409
e1edaa3dd1bea4415ee88e042affee32028d7f1d,2020-01-26,623.8163512127624,888.3848378024878,4395.128860109451
0432a10692b21cbca806cc9c97dfda62da2f7ac1,2020-01-27,623.8015498512503,888.143101738397,4393.554793031992
7cdb0c3e8d078f8e524d07f9d78ab49143db9426,2020-01-28,609.3853521135567,891.272838694497,4397.5661165554675
c206a3b3b144ae607acb040303a7740073eba8a0,2020-01-29,608.0353521135567,894.8426799643382,5169.641696446532
25bab3bad2001737f68619666fbe88cef9afb843,2020-01-30,612.5132267749927,897.3405190100785,5169.7160784284
3061f228d3d8b900b3aec8c7642ff58fc04ea011,2020-01-31,612.3785800358623,895.0605885015433,5170.115260335036
c67d8f5bdace9762af3ea99417fb5f2140438e14,2020-02-01,609.9351017749927,906.5091996126545,5172.499807487202
9a559c43f8c4469af284d460f89b295eae4edc9b,2020-02-03,609.270246702529,903.9968384075023,5173.148014577099
e5b8dd0f0afdbca692a0fac93d44546cb30deb89,2020-02-04,607.8420604280193,905.5110935520482,5168.714328661907
a4f09b650d25c865045f29fb3f86b428616b2e45,2020-02-05,578.3214880430891,914.4803494883505,5189.927674388983
bb7e23a786e03c257471df0e6254822adc68c8d6,2020-02-06,580.6139862662083,914.1500863104889,5162.138338392518
7f14d2635cfd4f679d4ab04503666b38bf333a44,2020-02-07,588.6576370598591,941.644993568896,5179.6826179149875
4f09d6508beb51df94feeb09c431549fdb26a201,2020-02-08,589.5693434090655,940.9621200576643,5186.194931293488
c12f01a9262ca74984d9ea3c19b4a2b0ef8689cb,2020-02-10,588.2151767423989,944.639017214686,5186.453573839478
0e615f38afaa95df7f5b410508f4eec4d155d6ed,2020-02-11,601.4821139718362,944.7349884474443,5197.129831481688
3bd5f27ee8de83b8fe42223cdbe2b3f623f0a1aa,2020-02-12,603.0029473051694,949.0610671210445,5195.777162300135
b3e75834ebe16092377f0451f2962ea34e743ac8,2020-02-13,599.2790821598195,936.3680793129779,5228.674008702638
8636d919cb3584807955d30ef2c1024cf74e29cc,2020-02-14,602.3874154931528,933.9325995149981,5220.475558277198
a0e98c989d439743f660721ec3f0e8412b763523,2020-02-15,601.7874154931529,937.670168912422,5226.980202134109
8debe68e88d3b10393ea3dc5862d4130c663f496,2020-02-16,602.6207488264862,935.3983371148774,5225.388180711757
4c07693c5f44b64d972b51853876d529a328a2d9,2020-02-17,602.3874154931528,927.9117661816648,5226.277710568511
d71abd7b5c65772a4155ee28ae04db2c72d74214,2020-02-18,598.9749154931529,927.6020439594425,5227.114880689574
1da573091425a30508c38875f0dd32f3ae43a08e,2020-02-19,600.574915493153,929.1061154967332,5244.6848153525625
49f939d528a6a328b4278c5a0ef73a11d5b978b0,2020-02-20,661.3519856288993,931.3926966314665,5307.896205949916
cb9c3cad6fbeb2ea8e6cb2424536c95e9be3b557,2020-02-21,620.9353189622327,927.2915150394267,5323.194923845919
a378af216e6a703d9553c579293fd0f8c396c63a,2020-02-22,618.5394856288993,929.1996410759109,5319.9688816506905
9b38d0ac614a4132804b076c461738871689fae7,2020-02-24,619.9966601851124,915.1500296510112,5318.346036068384
75053d2566e740d46e738426a924d6ba8fdc42ea,2020-02-25,621.4133268517791,919.6045838909972,5337.738615066072
4127e2ceb2c7fe8a9385f56364840ddc3fe95a70,2020-02-26,610.5107708293701,935.8983485945092,5335.358837502639
6d086b32af84cebab48ef8414baf923fa558e6f4,2020-02-27,612.1387470198463,934.900849678014,5344.842499656858
c8e70f99b91eb726dd15244ab51fb87c6f7f9757,2020-02-28,613.588717562763,938.1159152485349,5341.717968487753
ddf26e73d3f23ef896efc7977d06707e74f46941,2020-02-29,613.901217562763,935.416273201538,5345.674574945156
a6d22dfcf521a9c9f2c43cd1baac4c83924e899c,2020-03-02,614.4508970499425,935.7855709830229,5339.853182581024
1c72611f0020534154146177001ff8758de254fd,2020-03-03,614.9288169467903,937.1582070072947,5342.797889842596
06705ea82c8a9d1866665c8abd069dd3b0f8c12b,2020-03-04,614.4407217086952,935.0733468856474,5348.634674714207
78f14c537b62447d64aeb65a30ede77c5d26db41,2020-03-05,616.5984598039331,938.6169282818742,5344.142881939684
0340fbd868733cdb192d67fed637e70d01430e6f,2020-03-06,614.9686978991713,937.891856131802,5267.916465902359
7c966db714c251c2b7bc243b9657e5dff72aa8dc,2020-03-07,614.6294007927689,937.391856131802,5271.519853639179
ccffa8eb7a8e8a9c3886e6a474a7012974091912,2020-03-09,614.6502341261023,934.8823412064288,5269.125921596607
90d1be516a4db2f71ffac6ec2dc3f3c44bc1bf5b,2020-03-10,614.2335674594356,942.7266477514484,5267.516576376791
413a5f533f40757314d81ee99fed3f04a148ec00,2020-03-11,614.9419007927689,942.9698323222781,5275.399735141389
13587fef36cd1df92d3e38d6e5916b380e971857,2020-03-12,568.9875781709464,967.980053585441,5310.030445778637
4c698c2c113d37c4a71f0bd0d1f32d631fa51a76,2020-03-13,574.0334115042798,989.4383869187743,5325.681470604477
d2f4f5f7a7d347b7a7379b631f16f32525ab7dc3,2020-03-14,573.736377297584,987.2425535854411,5324.977493403141
1c35d6fc9e109724169e7ca364e02694e2009f02,2020-03-15,580.8984143346211,983.6053302797139,5340.027831627273
3712eda8757f15375fd10dd6531318a76acd1ec7,2020-03-16,601.6212457186366,986.792553585441,5351.265410060347
