date,chrome-version,chrome-interop-2026-anchor-positioning,chrome-interop-2026-attr,chrome-interop-2026-contrast-color,chrome-interop-2026-container-style-queries,chrome-interop-2026-custom-highlights,chrome-interop-2026-dialogs-and-popovers,chrome-interop-2026-fetch,chrome-interop-2026-indexeddb,chrome-interop-2026-jspi-for-wasm,chrome-interop-2026-media-pseudo-classes,chrome-interop-2026-navigation,chrome-interop-2026-scoped-custom-element-registries,chrome-interop-2026-scroll-driven-animations,chrome-interop-2026-scroll-snap,chrome-interop-2026-shape,chrome-interop-2026-view-transitions,chrome-interop-2026-webcompat,chrome-interop-2026-webrtc,chrome-interop-2026-webtransport,chrome-interop-2026-zoom,edge-version,edge-interop-2026-anchor-positioning,edge-interop-2026-attr,edge-interop-2026-contrast-color,edge-interop-2026-container-style-queries,edge-interop-2026-custom-highlights,edge-interop-2026-dialogs-and-popovers,edge-interop-2026-fetch,edge-interop-2026-indexeddb,edge-interop-2026-jspi-for-wasm,edge-interop-2026-media-pseudo-classes,edge-interop-2026-navigation,edge-interop-2026-scoped-custom-element-registries,edge-interop-2026-scroll-driven-animations,edge-interop-2026-scroll-snap,edge-interop-2026-shape,edge-interop-2026-view-transitions,edge-interop-2026-webcompat,edge-interop-2026-webrtc,edge-interop-2026-webtransport,edge-interop-2026-zoom,firefox-version,firefox-interop-2026-anchor-positioning,firefox-interop-2026-attr,firefox-interop-2026-contrast-color,firefox-interop-2026-container-style-queries,firefox-interop-2026-custom-highlights,firefox-interop-2026-dialogs-and-popovers,firefox-interop-2026-fetch,firefox-interop-2026-indexeddb,firefox-interop-2026-jspi-for-wasm,firefox-interop-2026-media-pseudo-classes,firefox-interop-2026-navigation,firefox-interop-2026-scoped-custom-element-registries,firefox-interop-2026-scroll-driven-animations,firefox-interop-2026-scroll-snap,firefox-interop-2026-shape,firefox-interop-2026-view-transitions,firefox-interop-2026-webcompat,firefox-interop-2026-webrtc,firefox-interop-2026-webtransport,firefox-interop-2026-zoom,safari-version,safari-interop-2026-anchor-positioning,safari-interop-2026-attr,safari-interop-2026-contrast-color,safari-interop-2026-container-style-queries,safari-interop-2026-custom-highlights,safari-interop-2026-dialogs-and-popovers,safari-interop-2026-fetch,safari-interop-2026-indexeddb,safari-interop-2026-jspi-for-wasm,safari-interop-2026-media-pseudo-classes,safari-interop-2026-navigation,safari-interop-2026-scoped-custom-element-registries,safari-interop-2026-scroll-driven-animations,safari-interop-2026-scroll-snap,safari-interop-2026-shape,safari-interop-2026-view-transitions,safari-interop-2026-webcompat,safari-interop-2026-webrtc,safari-interop-2026-webtransport,safari-interop-2026-zoom,interop-version,interop-interop-2026-anchor-positioning,interop-interop-2026-attr,interop-interop-2026-contrast-color,interop-interop-2026-container-style-queries,interop-interop-2026-custom-highlights,interop-interop-2026-dialogs-and-popovers,interop-interop-2026-fetch,interop-interop-2026-indexeddb,interop-interop-2026-jspi-for-wasm,interop-interop-2026-media-pseudo-classes,interop-interop-2026-navigation,interop-interop-2026-scoped-custom-element-registries,interop-interop-2026-scroll-driven-animations,interop-interop-2026-scroll-snap,interop-interop-2026-shape,interop-interop-2026-view-transitions,interop-interop-2026-webcompat,interop-interop-2026-webrtc,interop-interop-2026-webtransport,interop-interop-2026-zoom
2026-01-01,143.0.7499.169,961,942,200,894,961,934,806,1000,1000,0,946,16,935,922,875,967,844,595,125,1000,143.0.3650.96,961,942,200,894,971,942,806,1000,1000,100,939,16,940,906,916,969,888,606,132,1000,146.0.1,152,116,760,47,640,701,690,41,76,0,2,5,86,574,41,745,733,364,34,1000,26.2 (21623.1.14.11.9),991,118,800,835,644,268,731,41,76,400,919,808,928,465,826,937,444,470,0,545,-,151,123,250,47,582,284,546,41,76,0,2,5,86,442,45,713,333,304,0,545
2026-01-02,143.0.7499.169,961,942,200,894,961,934,806,1000,1000,0,946,16,935,906,875,972,844,606,125,1000,143.0.3650.96,961,942,200,894,971,942,806,1000,1000,100,926,16,933,906,916,974,888,596,133,1000,146.0.1,152,116,760,47,640,701,690,41,76,0,2,5,86,574,41,745,733,364,34,1000,26.2 (21623.1.14.11.9),991,118,800,835,644,268,731,41,76,400,919,808,928,465,826,935,444,470,0,545,-,151,123,250,47,582,284,546,41,76,0,2,5,86,442,45,713,333,297,0,545
2026-01-04,143.0.7499.169,961,942,200,894,961,934,806,1000,1000,0,946,16,935,906,875,972,844,606,125,1000,143.0.3650.96,961,942,200,894,971,942,806,1000,1000,100,935,16,940,906,916,972,888,596,133,1000,146.0.1,152,116,760,47,640,701,690,41,76,0,2,5,86,574,41,745,733,364,34,1000,26.2 (21623.1.14.11.9),991,118,800,835,644,268,731,41,76,400,919,808,928,465,826,935,555,470,0,545,-,151,123,250,47,582,284,546,41,76,0,2,5,86,442,45,716,333,288,0,545
2026-01-05,143.0.7499.169,961,942,200,894,961,934,806,1000,1000,0,946,16,935,922,875,972,844,606,125,1000,143.0.3650.96,961,942,200,894,971,942,766,1000,1000,100,942,16,940,906,916,982,888,606,133,1000,146.0.1,152,116,760,47,640,701,690,41,76,0,2,5,86,582,41,745,733,364,34,1000,26.2 (21623.1.14.11.9),991,118,800,835,644,268,731,41,76,400,919,808,928,465,826,935,444,470,0,545,-,151,123,250,47,582,284,511,41,76,0,2,5,86,442,45,716,333,304,0,545
2026-01-06,143.0.7499.169,961,942,200,894,961,934,806,1000,1000,0,946,16,935,922,875,977,844,585,125,1000,143.0.3650.96,961,942,200,894,971,887,806,1000,1000,100,942,16,940,906,916,974,888,585,133,1000,146.0.1,152,116,760,47,640,701,690,41,76,0,2,5,86,574,41,745,733,364,34,1000,26.2 (21623.1.14.11.9),991,118,800,835,644,268,731,41,76,400,919,808,928,465,826,937,555,470,0,545,-,151,123,250,47,582,284,546,41,76,0,2,5,86,442,45,713,333,256,0,545
2026-01-07,143.0.7499.192,961,942,200,894,961,934,806,1000,1000,0,946,16,935,906,875,972,844,595,125,1000,143.0.3650.96,961,942,200,894,971,942,806,1000,1000,100,937,16,940,906,916,974,888,574,133,1000,146.0.1,152,116,760,47,640,701,690,41,76,0,2,5,86,574,41,745,733,364,34,1000,26.2 (21623.1.14.11.9),991,118,800,835,644,268,731,41,76,400,919,808,928,465,826,937,444,470,0,545,-,151,123,250,47,582,284,546,41,76,0,2,5,86,442,45,718,333,280,0,545
2026-01-09,143.0.7499.192,961,942,200,894,961,934,806,1000,1000,0,946,16,935,922,875,956,844,606,125,1000,143.0.3650.139,961,942,200,894,971,942,806,1000,1000,100,939,16,940,906,916,972,888,606,133,1000,146.0.1,152,116,760,47,640,701,690,41,76,0,2,5,86,574,41,745,733,364,34,1000,26.2 (21623.1.14.11.9),991,118,800,835,644,268,731,41,76,400,919,808,928,465,826,937,555,465,0,545,-,151,123,250,47,582,284,546,41,76,0,2,5,86,442,45,716,333,304,0,545
2026-01-10,143.0.7499.192,961,994,200,894,961,934,806,1000,1000,0,946,16,935,922,875,964,844,606,125,1000,143.0.3650.139,961,994,200,894,971,942,806,1000,1000,100,942,16,940,906,916,969,888,606,133,1000,146.0.1,152,116,760,47,640,701,690,41,76,0,2,5,86,574,41,745,733,364,34,1000,26.2 (21623.1.14.11.9),991,118,800,835,644,268,731,41,76,400,919,812,928,465,826,937,555,470,0,545,-,151,116,250,47,582,284,546,41,76,0,2,5,86,442,45,716,333,304,0,545
2026-01-11,143.0.7499.192,961,994,200,894,961,934,806,1000,1000,0,946,16,935,922,875,969,844,606,125,1000,143.0.3650.139,961,994,200,894,971,942,806,1000,1000,100,944,16,940,906,916,967,888,606,133,1000,146.0.1,152,116,760,47,640,701,690,41,76,0,2,5,86,574,41,745,733,364,34,1000,26.2 (21623.1.14.11.9),991,118,800,835,644,268,731,41,76,400,919,812,928,465,826,937,555,470,0,545,-,151,116,250,47,582,284,546,41,76,0,2,5,86,442,45,716,333,304,0,545
2026-01-12,143.0.7499.192,961,993,200,894,961,934,806,1000,1000,0,946,16,935,906,875,969,844,594,125,1000,143.0.3650.139,961,993,200,894,971,942,806,1000,1000,100,939,16,940,906,916,964,888,606,133,1000,146.0.1,152,117,760,47,640,701,690,41,76,0,2,5,86,574,41,745,733,364,34,1000,26.2 (21623.1.14.11.9),991,118,800,835,644,268,731,41,76,400,919,812,928,465,826,935,444,470,0,545,-,151,117,250,47,582,284,546,41,76,0,2,5,86,442,45,716,333,304,0,545
2026-01-16,143.0.7499.192,961,993,200,894,961,934,806,1000,1000,0,946,16,935,906,875,967,844,605,125,1000,143.0.3650.139,961,993,200,894,971,942,806,1000,1000,233,937,16,940,906,916,969,888,606,116,1000,147.0,828,117,760,47,649,701,690,41,76,0,859,5,86,582,41,778,844,353,34,1000,26.2 (21623.1.14.11.9),991,118,800,835,644,268,731,41,76,600,919,812,928,465,826,937,555,479,0,545,-,823,117,250,47,592,284,546,41,76,0,784,5,86,442,45,744,444,304,0,545
2026-01-17,143.0.7499.192,961,993,200,894,961,934,806,1000,1000,0,946,16,934,922,875,982,844,606,125,1000,144.0.3719.82,991,993,200,894,971,942,806,1000,1000,233,971,16,920,906,916,984,888,596,133,1000,147.0.1,828,117,760,47,649,701,690,41,76,0,861,5,86,574,41,778,844,364,34,1000,26.2 (21623.1.14.11.9),991,118,800,835,644,268,731,41,76,600,919,812,934,465,826,935,444,480,0,545,-,823,117,250,47,592,284,546,41,76,0,784,5,86,442,45,746,444,303,0,545
2026-01-18,143.0.7499.192,961,993,200,894,961,934,806,1000,1000,0,946,16,934,922,875,974,844,605,125,1000,144.0.3719.82,991,993,200,894,971,942,806,1000,1000,233,966,16,939,906,916,984,888,606,133,1000,147.0.1,828,117,760,47,649,701,690,41,76,0,861,5,86,574,41,778,844,364,34,1000,26.2 (21623.1.14.11.9),991,118,800,835,644,268,731,41,76,600,919,812,934,465,826,937,555,480,0,545,-,823,117,250,47,592,284,546,41,76,0,784,5,86,442,45,746,444,319,0,545
2026-01-19,143.0.7499.192,961,993,200,894,961,934,806,1000,1000,0,946,16,934,906,875,982,844,596,125,1000,144.0.3719.82,991,993,200,894,971,942,806,1000,1000,233,975,16,939,906,916,987,888,606,132,1000,147.0.1,828,117,760,47,649,701,690,41,76,0,861,5,86,574,41,778,844,364,34,1000,26.2 (21623.1.14.11.9),991,118,800,835,644,268,731,41,76,600,919,812,934,465,826,937,555,477,0,545,-,823,117,250,47,592,284,546,41,76,0,789,5,86,442,45,749,444,319,0,545
2026-01-21,144.0.7559.96,991,993,200,894,971,934,806,1000,1000,0,978,16,935,922,875,982,844,606,125,1000,144.0.3719.82,991,993,200,894,980,934,806,1000,1000,0,955,16,932,906,916,987,844,596,125,1000,147.0.1,828,117,960,47,659,701,690,41,76,0,859,5,86,574,41,778,844,364,34,1000,26.2 (21623.1.14.11.9),991,118,1000,835,644,268,731,41,76,600,919,812,934,465,826,935,555,480,0,545,-,832,117,200,47,592,284,525,41,76,0,789,5,86,442,45,751,444,319,0,545
2026-01-22,144.0.7559.96,991,993,200,894,971,990,806,1000,1000,0,978,16,935,906,875,982,844,606,125,1000,144.0.3719.82,991,993,200,894,980,990,806,1000,1000,0,973,16,932,906,916,984,844,606,125,1000,147.0.1,828,117,960,47,659,757,690,41,76,0,861,5,86,574,41,778,844,364,34,1000,26.2 (21623.1.14.11.9),991,118,1000,835,644,268,731,41,76,600,919,812,934,465,826,935,555,480,0,545,-,832,117,200,47,592,268,525,41,76,0,807,5,86,442,45,749,444,319,0,545
2026-01-23,144.0.7559.96,991,993,200,894,955,990,806,1000,1000,0,978,16,935,922,875,974,844,606,125,1000,144.0.3719.82,991,993,200,894,964,990,806,1000,1000,0,973,16,932,906,916,979,844,590,125,1000,147.0.1,828,117,960,47,675,757,690,41,76,0,861,5,86,574,41,778,844,364,34,1000,26.2 (21623.1.14.11.9),991,118,1000,835,660,268,731,41,76,600,919,812,934,465,826,932,555,480,0,545,-,832,117,200,47,592,268,525,41,76,0,807,5,86,442,45,749,444,294,0,545
2026-01-25,144.0.7559.96,991,993,200,894,964,990,806,1000,1000,0,978,16,935,930,875,982,844,606,125,1000,144.0.3719.92,991,993,200,894,974,990,806,1000,1000,0,973,16,932,906,916,967,844,606,125,1000,147.0.1,828,117,960,47,675,757,690,41,76,0,861,5,86,574,41,783,844,364,34,1000,26.2 (21623.1.14.11.9),991,118,1000,835,670,268,731,41,76,600,919,812,934,465,826,937,444,480,0,545,-,832,117,200,47,586,268,525,41,76,0,805,5,86,442,45,754,444,319,0,545
2026-01-26,144.0.7559.96,991,993,200,894,964,990,806,1000,1000,0,978,16,935,922,875,977,844,606,125,1000,144.0.3719.92,991,993,200,894,974,990,806,1000,1000,0,973,16,932,906,916,977,844,596,107,1000,147.0.1,828,117,960,47,675,757,690,41,76,0,861,5,86,574,41,783,844,364,34,1000,26.2 (21623.1.14.11.9),991,118,1000,835,670,268,731,41,76,600,919,812,934,465,826,937,555,480,0,545,-,832,117,200,47,586,268,525,41,76,0,805,5,86,442,45,756,444,319,0,545
2026-01-27,144.0.7559.96,991,993,200,894,964,990,806,1000,1000,0,978,16,935,922,875,974,844,606,125,1000,144.0.3719.92,991,993,200,894,974,990,806,1000,1000,0,971,16,932,906,916,972,844,606,125,1000,147.0.1,828,117,960,47,675,757,690,41,76,0,861,5,86,574,41,788,844,364,34,1000,26.2 (21623.1.14.11.9),991,118,1000,835,670,268,731,41,76,600,919,812,934,465,826,932,555,474,0,545,-,832,117,200,47,586,268,525,41,76,0,805,5,86,442,45,759,444,319,0,545
2026-01-28,144.0.7559.109,991,993,200,894,964,990,846,1000,1000,0,978,16,935,922,875,987,844,606,125,1000,144.0.3719.92,991,993,200,894,974,990,806,1000,1000,0,973,16,932,906,916,982,844,600,125,1000,147.0.2,828,117,960,47,675,757,690,41,76,0,859,5,86,574,41,790,844,364,34,1000,26.2 (21623.1.14.11.9),991,118,1000,835,670,268,731,41,76,600,919,811,934,465,826,934,444,480,0,545,-,832,117,200,47,586,268,525,41,76,0,803,5,86,442,45,761,444,309,0,545
2026-02-01,145.0.7632.26,991,993,200,894,964,990,846,1000,1000,0,978,16,935,922,875,984,888,606,125,1000,144.0.3719.104,991,993,200,894,974,990,846,1000,1000,0,969,16,932,906,916,972,888,600,125,1000,147.0.2,829,117,960,47,675,757,690,41,76,0,863,5,86,574,41,790,888,364,34,1000,26.2 (21623.1.14.11.9),991,118,1000,835,670,268,731,41,76,600,916,809,934,465,826,936,555,480,0,545,-,832,117,200,47,586,268,525,41,76,0,807,5,86,442,45,760,444,308,0,545
2026-02-02,145.0.7632.26,991,993,200,894,964,990,846,1000,1000,0,978,16,935,922,875,972,888,596,125,1000,144.0.3719.104,991,993,200,894,974,990,846,1000,1000,0,971,16,932,906,916,984,888,606,125,1000,147.0.2,829,117,960,47,675,757,690,41,76,0,863,5,86,574,41,790,888,364,34,1000,26.2 (21623.1.14.11.9),991,118,1000,835,670,268,731,41,76,600,914,809,934,465,826,935,444,480,0,545,-,832,117,200,47,586,268,525,41,76,0,805,5,86,442,45,761,444,319,0,545
2026-02-03,145.0.7632.26,991,993,200,894,964,990,846,1000,1000,0,978,16,935,922,875,972,888,606,125,1000,144.0.3719.104,991,993,200,894,974,990,846,1000,1000,0,960,16,932,906,916,982,888,590,125,1000,147.0.2,829,117,960,47,675,757,690,41,76,0,863,5,86,574,41,790,888,359,34,1000,26.2 (21623.1.14.11.9),991,118,1000,835,670,268,731,41,76,600,916,809,934,465,826,935,444,474,0,545,-,832,117,200,47,586,268,525,41,76,0,795,5,86,442,45,761,444,297,0,545
2026-02-04,144.0.7559.133,991,993,200,894,964,990,846,1000,1000,0,975,16,935,922,875,964,888,606,125,1000,144.0.3719.104,991,993,200,894,974,990,846,1000,1000,0,969,16,932,906,916,972,888,606,125,1000,147.0.2,829,117,960,47,675,757,690,41,76,0,861,5,86,574,41,790,888,364,34,1000,26.2 (21623.1.14.11.9),991,118,1000,835,670,268,731,41,76,600,916,809,934,465,826,935,444,480,0,545,-,832,117,200,47,586,268,525,41,76,0,802,5,86,442,45,761,444,319,0,545
2026-02-05,145.0.7632.46,991,993,200,894,964,990,846,1000,1000,0,978,16,935,922,875,984,888,606,125,1000,144.0.3719.104,991,993,200,894,974,990,846,1000,1000,0,971,16,932,906,916,974,888,596,125,1000,147.0.3,919,117,960,47,675,757,690,41,76,0,872,5,86,574,41,790,888,364,34,1000,26.2 (21623.1.14.11.9),991,118,1000,835,670,268,731,41,76,600,916,809,934,465,826,932,444,480,0,545,-,923,117,200,47,586,268,525,41,76,0,815,5,86,442,45,764,444,302,0,545
2026-02-06,145.0.7632.46,991,993,200,894,964,990,846,1000,1000,0,978,16,935,922,875,974,888,606,125,1000,144.0.3719.115,991,993,200,894,974,990,846,1000,1000,0,971,16,932,906,916,974,888,606,125,1000,147.0.3,919,117,1000,47,675,757,690,41,76,0,870,5,86,574,41,790,888,370,34,1000,26.2 (21623.1.14.11.9),991,118,1000,835,670,268,731,41,76,600,916,809,934,465,826,937,444,480,0,545,-,923,117,200,47,586,268,525,41,76,0,814,5,86,442,45,761,444,328,0,545
2026-02-07,145.0.7632.46,991,993,200,894,964,990,846,1000,1000,0,978,16,935,922,875,982,888,606,125,1000,144.0.3719.115,991,993,200,894,974,990,846,1000,1000,0,971,16,932,906,916,977,888,606,125,1000,147.0.3,919,117,1000,47,675,757,690,41,76,0,870,5,86,574,41,790,888,364,34,1000,26.2 (21623.1.14.11.9),991,118,1000,835,670,268,731,41,76,600,916,809,934,465,826,935,555,480,0,545,-,923,117,200,47,586,268,525,41,76,0,814,5,86,442,45,761,444,319,0,545
2026-02-08,145.0.7632.46,991,993,200,894,964,990,846,1000,1000,0,978,16,935,922,875,979,888,606,125,1000,144.0.3719.115,991,993,200,894,974,990,846,1000,1000,0,971,16,932,906,916,979,888,606,125,1000,147.0.3,919,117,1000,47,675,757,690,41,76,0,872,5,86,582,41,790,888,364,34,1000,26.2 (21623.1.14.11.9),982,118,1000,835,670,268,731,41,76,600,916,809,934,465,826,935,444,480,0,545,-,919,117,200,47,586,268,525,41,76,0,816,5,86,442,45,764,444,319,0,545
2026-02-09,145.0.7632.46,991,993,200,894,964,990,846,1000,1000,0,978,16,935,922,875,977,888,606,125,1000,144.0.3719.115,991,993,200,894,974,990,846,1000,1000,0,971,16,932,906,916,977,888,606,125,1000,147.0.3,919,117,1000,47,675,757,690,41,76,0,872,5,86,574,41,790,888,364,34,1000,26.2 (21623.1.14.11.9),991,118,1000,835,670,268,731,41,76,600,916,809,934,465,826,935,555,479,0,545,-,923,117,200,47,586,268,525,41,76,0,816,5,86,442,45,764,444,317,0,545
2026-02-10,145.0.7632.46,991,993,200,894,964,990,846,1000,1000,0,978,16,935,922,875,992,888,606,125,1000,144.0.3719.115,991,993,200,894,974,990,846,1000,1000,0,966,16,932,906,916,977,888,606,125,1000,147.0.3,919,117,1000,47,675,757,690,41,76,0,872,5,86,582,41,790,888,364,34,1000,26.2 (21623.1.14.11.9),991,118,1000,835,670,268,731,41,76,600,916,809,934,465,826,935,555,480,0,545,-,923,117,200,47,586,268,525,41,76,0,811,5,86,442,45,761,444,319,0,545
2026-02-12,145.0.7632.46,991,993,200,894,964,990,846,1000,1000,0,978,16,935,922,875,992,888,596,125,1000,144.0.3719.115,991,993,200,894,974,990,846,1000,1000,0,971,16,932,906,916,987,888,596,125,1000,147.0.3,919,117,1000,47,675,757,690,41,76,0,872,5,86,574,41,790,888,364,34,1000,26.2 (21623.1.14.11.9),991,118,1000,835,670,268,731,41,76,600,916,809,934,465,826,975,555,474,0,545,-,923,117,200,47,586,268,525,41,76,0,816,5,86,442,45,761,444,310,0,545
2026-02-13,145.0.7632.67,991,993,200,894,964,998,846,1000,1000,0,978,16,935,922,875,992,888,606,649,1000,144.0.3719.115,991,993,200,894,974,998,846,1000,1000,0,971,16,932,906,916,987,888,606,618,1000,147.0.3,919,117,1000,47,675,757,690,41,76,0,872,5,86,574,41,790,888,364,702,1000,26.2 (21623.1.14.11.9),991,118,1000,835,670,268,731,41,76,600,916,809,934,465,826,970,444,479,0,545,-,923,117,200,47,586,268,525,41,76,0,816,5,86,442,45,761,444,319,0,545
2026-02-15,145.0.7632.76,991,993,200,894,964,998,846,1000,1000,0,978,16,955,922,875,989,888,606,649,1000,145.0.3800.58,991,993,200,894,974,998,846,1000,1000,0,973,16,959,906,916,987,888,606,647,1000,147.0.3,919,117,1000,47,675,757,690,41,76,0,872,5,86,574,41,790,888,364,702,1000,26.2 (21623.1.14.11.9),991,118,1000,835,670,268,731,41,76,600,916,809,954,465,826,972,555,480,0,545,-,923,117,200,47,586,268,525,41,76,0,815,5,86,442,45,760,444,319,0,545
2026-02-16,145.0.7632.76,991,993,200,894,964,998,846,1000,1000,0,978,16,955,922,875,992,888,606,649,1000,145.0.3800.58,991,993,200,894,974,998,846,1000,1000,0,973,16,959,906,916,987,888,606,649,1000,147.0.3,919,117,1000,47,675,757,690,41,76,0,870,5,86,574,41,790,888,364,702,1000,26.2 (21623.1.14.11.9),991,118,1000,835,670,268,731,41,76,600,916,809,954,465,826,973,555,469,0,545,-,923,117,200,47,586,268,525,41,76,0,814,5,86,442,45,761,444,315,0,545
2026-02-17,145.0.7632.76,987,993,200,894,964,998,846,1000,1000,0,978,16,955,922,875,992,888,606,649,1000,145.0.3800.58,991,993,200,894,974,998,846,1000,1000,0,964,16,933,906,916,987,888,606,647,1000,147.0.4,919,117,1000,47,675,757,690,41,76,0,872,5,86,574,41,790,888,364,702,1000,26.3 (21623.2.7.11.6),991,118,1000,835,670,268,731,41,76,600,916,809,954,465,826,970,444,480,0,545,-,919,117,200,47,586,268,525,41,76,0,807,5,86,442,45,761,444,319,0,545
2026-02-18,145.0.7632.76,991,993,200,894,964,998,846,1000,1000,0,978,16,955,922,875,989,888,606,649,1000,145.0.3800.65,991,993,200,894,974,998,846,1000,1000,0,971,16,959,906,916,987,888,606,645,1000,147.0.4,919,117,1000,47,675,757,690,41,76,0,870,5,86,574,41,790,888,364,702,1000,26.3 (21623.2.7.11.6),991,118,1000,835,670,268,731,41,76,600,916,809,954,465,826,970,555,480,0,545,-,923,117,200,47,586,268,525,41,76,0,811,5,86,442,45,761,444,319,0,545
2026-02-20,145.0.7632.77,991,993,200,894,964,998,846,1000,1000,0,978,15,955,922,875,992,888,606,649,1000,145.0.3800.65,991,993,200,894,974,998,846,1000,1000,0,973,15,959,906,916,987,888,606,649,1000,147.0.4,919,117,1000,47,675,757,690,41,76,0,872,4,86,574,41,790,888,364,702,1000,26.3 (21623.2.7.11.6),991,118,1000,835,670,268,731,41,76,600,916,807,954,465,826,973,444,480,0,545,-,923,117,200,47,586,268,525,41,76,0,815,4,86,442,45,761,444,319,0,545
2026-02-21,145.0.7632.77,991,993,200,894,964,998,842,1000,1000,0,978,15,955,922,875,989,888,606,649,1000,145.0.3800.70,991,993,200,894,974,998,846,1000,1000,0,973,15,959,906,916,987,888,606,649,1000,147.0.4,919,117,1000,47,675,757,690,41,76,0,872,4,86,574,41,790,888,364,702,1000,26.3 (21623.2.7.11.6),991,118,1000,835,670,268,731,41,76,600,916,807,954,465,826,973,555,480,0,545,-,923,117,200,47,586,268,525,41,76,0,816,4,86,442,45,761,444,319,0,545
2026-02-22,145.0.7632.77,991,993,200,894,964,998,846,1000,1000,0,978,15,955,922,875,992,888,606,649,1000,145.0.3800.70,991,993,200,894,974,998,846,1000,1000,0,971,15,959,906,916,987,888,606,647,1000,147.0.4,919,117,1000,47,675,757,690,41,76,0,870,4,86,574,41,790,888,364,702,1000,26.3 (21623.2.7.11.6),991,118,1000,835,670,268,731,41,76,600,916,807,954,465,826,975,444,480,0,545,-,923,117,200,47,586,268,525,41,76,0,811,4,86,442,45,761,444,319,0,545
2026-02-23,145.0.7632.77,991,993,200,894,964,998,846,1000,1000,0,978,15,955,922,875,992,888,606,649,1000,145.0.3800.70,991,993,200,894,974,998,846,1000,1000,0,973,15,952,906,916,987,888,606,628,1000,147.0.4,919,117,1000,47,675,757,690,41,76,0,872,4,86,574,41,790,888,364,702,1000,26.3 (21623.2.7.11.6),991,118,1000,835,670,268,731,41,76,600,916,807,954,465,826,972,555,480,0,545,-,923,117,200,47,586,268,525,41,76,0,816,4,86,442,45,761,444,319,0,545
2026-02-24,145.0.7632.117,991,993,200,894,964,998,846,1000,1000,0,978,15,955,922,875,992,888,606,649,1000,145.0.3800.70,991,993,200,894,974,998,846,1000,1000,0,973,15,959,906,916,987,888,606,649,1000,147.0.4,919,117,1000,47,675,757,690,41,76,0,872,4,86,574,41,790,888,364,702,1000,26.3 (21623.2.7.11.6),991,118,1000,835,670,268,731,41,76,600,916,807,954,465,826,969,444,480,0,545,-,923,117,200,47,586,268,525,41,76,0,816,4,86,442,45,760,444,319,0,545
2026-02-25,145.0.7632.117,991,993,200,894,964,998,846,1000,1000,0,978,15,955,922,875,989,888,788,649,1000,145.0.3800.70,991,993,200,894,974,998,846,1000,1000,0,973,15,959,906,916,987,888,788,632,1000,148.0,921,117,1000,47,675,757,713,41,76,0,874,15,86,574,875,790,888,510,702,1000,26.3 (21623.2.7.11.6),991,118,1000,838,670,268,731,41,76,600,916,807,954,465,826,973,555,678,0,545,-,925,117,200,47,586,268,547,41,76,0,816,15,86,442,901,761,444,230,0,545
2026-02-26,146.0.7680.31,991,993,200,894,964,998,846,1000,1000,0,981,946,955,922,875,992,888,773,649,1000,145.0.3800.70,991,993,200,894,974,998,846,1000,1000,0,971,15,959,906,916,987,888,788,647,1000,148.0,921,117,1000,47,675,757,713,41,76,0,874,15,86,574,875,790,888,510,702,1000,26.3 (21623.2.7.11.6),991,118,1000,838,670,268,731,41,76,600,916,807,954,465,826,970,555,678,0,545,-,925,117,200,47,586,268,547,41,76,0,816,15,86,442,901,761,444,227,0,545
2026-02-27,146.0.7680.31,995,993,200,894,964,998,846,1000,1000,0,981,943,955,922,875,992,888,777,649,1000,145.0.3800.82,995,993,200,894,974,998,846,1000,1000,0,973,15,946,906,916,987,888,780,645,1000,148.0,925,117,1000,47,675,757,713,41,76,0,876,15,86,551,875,790,888,510,702,1000,26.3 (21623.2.7.11.6),995,118,1000,838,670,268,731,41,76,800,916,807,954,465,826,970,444,678,0,545,-,925,117,200,47,586,268,547,41,76,0,818,15,86,442,901,761,444,230,0,545
2026-02-28,146.0.7680.31,995,993,200,894,964,998,846,1000,1000,0,981,943,955,922,875,992,888,787,649,1000,145.0.3800.82,995,993,200,894,974,998,846,1000,1000,0,966,15,952,906,916,987,888,776,647,1000,148.0,925,117,1000,47,675,757,713,41,76,0,874,15,86,574,875,790,888,510,702,1000,26.3 (21623.2.7.11.6),995,118,1000,838,670,268,731,41,76,800,916,807,954,465,826,973,444,678,0,545,-,925,117,200,47,586,268,547,41,76,0,812,15,86,442,901,761,444,229,0,545
2026-03-01,146.0.7680.31,995,993,200,894,964,998,846,1000,1000,0,981,943,955,922,875,992,888,777,649,1000,145.0.3800.82,995,993,200,894,974,998,846,1000,1000,0,973,15,959,906,916,987,888,788,645,1000,148.0,925,117,1000,47,675,757,713,41,76,0,876,15,86,574,875,790,888,510,702,1000,26.3 (21623.2.7.11.6),995,118,1000,838,670,268,731,41,76,800,916,807,954,465,826,973,555,678,0,545,-,925,117,200,47,586,268,547,41,76,0,817,15,86,442,901,761,444,230,0,545
2026-03-04,146.0.7680.31,995,993,200,894,964,998,846,1000,1000,0,981,943,955,922,875,989,888,777,649,1000,145.0.3800.82,995,993,200,894,974,998,846,1000,1000,0,973,15,959,906,916,987,888,787,644,1000,148.0,925,117,1000,47,675,757,713,41,76,0,876,15,86,574,875,790,888,510,702,1000,26.3 (21623.2.7.11.6),995,118,1000,838,670,268,731,41,76,800,916,807,954,465,826,973,555,678,0,545,-,925,117,200,47,586,268,547,41,76,0,818,15,86,442,901,761,444,230,0,545
2026-03-05,146.0.7680.31,995,993,200,894,964,998,846,1000,1000,0,981,943,955,922,875,992,888,776,649,1000,145.0.3800.82,995,993,200,894,974,998,846,1000,1000,0,973,15,959,906,916,987,888,792,647,1000,148.0,925,117,1000,47,675,757,713,41,76,0,876,15,86,574,875,790,888,510,702,1000,26.3 (21623.2.7.11.6),995,118,1000,838,670,268,731,41,76,800,916,807,954,465,826,973,555,678,0,545,-,925,117,200,47,586,268,547,41,76,0,818,15,86,442,901,761,444,230,0,545
2026-03-06,146.0.7680.66,995,994,200,894,964,998,846,1000,1000,0,981,943,955,922,875,992,888,777,649,1000,145.0.3800.82,995,994,200,894,974,998,846,1000,1000,0,973,15,959,906,916,987,888,788,630,1000,148.0,925,117,1000,47,673,757,713,41,76,0,876,15,86,574,875,790,888,510,702,1000,26.3 (21623.2.7.11.6),995,118,1000,838,668,268,731,41,76,800,916,807,954,465,826,973,444,678,0,545,-,925,117,200,47,584,268,547,41,76,0,817,15,86,442,901,761,444,230,0,545
2026-03-07,146.0.7680.66,995,994,200,894,964,998,846,1000,1000,0,981,943,955,922,875,989,888,777,649,1000,145.0.3800.97,995,994,200,894,974,998,846,1000,1000,0,973,15,959,906,916,987,888,786,647,1000,148.0,925,117,1000,47,673,757,713,41,76,0,876,15,86,574,875,790,888,510,702,1000,26.3 (21623.2.7.11.6),995,118,1000,838,668,268,731,41,76,800,916,807,954,465,826,973,444,678,0,545,-,925,117,200,47,584,268,547,41,76,0,818,15,86,442,901,761,444,230,0,545
2026-03-08,146.0.7680.66,995,994,200,894,964,998,846,1000,1000,0,981,943,955,922,875,992,888,777,649,1000,145.0.3800.97,995,994,200,894,974,998,846,1000,1000,0,973,15,959,906,916,987,888,788,647,1000,148.0,925,117,1000,47,673,757,713,41,76,0,876,15,86,574,875,790,888,510,702,1000,26.3 (21623.2.7.11.6),995,118,1000,838,668,268,731,41,76,800,916,807,954,465,826,973,555,678,0,545,-,925,117,200,47,584,268,547,41,76,0,818,15,86,442,901,761,444,230,0,545
2026-03-09,146.0.7680.66,995,994,200,894,964,998,846,1000,1000,0,981,943,955,922,875,989,888,788,649,1000,145.0.3800.97,995,994,200,894,974,998,846,1000,1000,0,973,15,959,906,916,987,888,777,647,1000,148.0,925,117,1000,47,673,757,713,41,76,0,876,15,86,574,875,790,888,510,702,1000,26.3 (21623.2.7.11.6),995,118,1000,838,668,268,731,41,76,1000,916,807,954,465,826,973,555,678,0,545,-,925,117,200,47,584,268,547,41,76,0,818,15,86,442,901,761,444,230,0,545
2026-03-10,146.0.7680.66,995,994,200,894,964,998,846,1000,1000,0,981,943,955,930,875,992,888,788,649,1000,145.0.3800.97,995,994,200,894,974,998,846,1000,1000,0,973,15,959,906,916,987,888,788,647,1000,148.0,925,117,1000,47,673,757,713,41,76,0,876,15,86,574,875,790,888,510,702,1000,26.3 (21623.2.7.11.6),995,118,1000,838,668,268,731,41,76,800,916,807,954,465,826,970,555,672,0,545,-,925,117,200,47,584,268,547,41,76,0,818,15,86,442,901,761,444,230,0,545
2026-03-11,146.0.7680.72,995,994,200,894,964,998,846,1000,1000,0,981,943,955,922,875,989,888,776,649,1000,145.0.3800.97,995,994,200,894,974,998,846,1000,1000,0,973,15,959,906,916,987,888,788,585,1000,148.0.2,925,117,1000,47,673,757,713,41,76,0,876,15,86,582,875,790,888,510,702,1000,26.3 (21623.2.7.11.6),995,118,1000,838,668,268,731,41,76,800,916,807,954,465,826,973,555,678,0,545,-,925,117,200,47,584,268,547,41,76,0,818,15,86,442,901,761,444,230,0,545
2026-03-13,146.0.7680.76,995,994,200,894,964,998,846,1000,1000,0,981,943,955,922,875,992,888,777,649,1000,145.0.3800.97,995,994,200,894,974,998,846,1000,1000,0,971,15,919,906,916,987,888,787,649,1000,148.0.2,925,117,1000,47,673,754,713,41,76,0,876,15,86,574,875,790,888,510,702,1000,26.3 (21623.2.7.11.6),995,118,1000,838,668,268,731,41,76,1000,916,801,954,465,826,973,555,677,0,545,-,925,117,200,47,584,268,547,41,76,0,818,15,86,442,901,761,444,230,0,545
2026-03-14,146.0.7680.80,995,994,200,894,964,998,846,1000,1000,0,981,943,955,922,875,989,888,777,649,1000,146.0.3856.59,995,994,200,894,974,998,846,1000,1000,0,972,943,956,922,916,987,888,788,649,1000,148.0.2,925,117,1000,47,673,757,713,41,76,0,876,15,86,574,875,790,888,510,702,1000,26.3 (21623.2.7.11.6),995,118,1000,838,668,268,731,41,76,1000,916,801,954,465,826,973,555,678,0,545,-,925,117,200,47,584,268,547,41,76,0,818,15,86,442,901,761,444,230,0,545
2026-03-27,147.0.7727.24,1000,994,1000,894,964,998,846,1000,1000,0,981,966,962,922,875,989,888,788,768,1000,146.0.3856.84,1000,994,200,894,974,998,846,1000,1000,0,975,943,943,922,916,984,888,792,763,1000,149.0,949,117,1000,47,711,968,713,41,76,0,887,15,86,597,875,793,888,553,820,1000,26.4 (21624.1.16.11.4),994,118,1000,838,673,268,731,41,76,1000,916,933,948,465,826,978,444,692,585,964,-,947,117,200,47,599,268,547,41,76,0,825,15,86,442,901,761,444,276,490,964
2026-03-28,147.0.7727.24,1000,994,1000,894,964,998,846,1000,1000,0,981,966,962,922,875,989,888,787,768,1000,146.0.3856.84,1000,994,200,894,974,998,846,1000,1000,0,975,943,956,922,916,982,888,792,768,1000,149.0,949,117,1000,47,711,968,713,41,76,0,885,15,86,597,875,793,888,553,820,1000,26.4 (21624.1.16.11.4),994,118,1000,838,673,268,731,41,76,800,916,933,948,465,826,975,555,697,585,934,-,947,117,200,47,599,268,547,41,76,0,823,15,86,442,901,761,444,276,490,934
2026-03-29,147.0.7727.24,1000,994,1000,894,964,998,846,1000,1000,0,981,966,962,922,875,989,888,777,768,1000,146.0.3856.84,1000,994,200,894,974,998,846,1000,1000,0,975,943,956,922,916,987,888,792,768,1000,149.0,949,117,1000,47,711,968,713,41,76,0,887,15,86,597,875,793,888,553,820,1000,26.4 (21624.1.16.11.4),994,118,1000,838,673,268,731,41,76,1000,916,933,948,465,826,974,555,698,585,934,-,947,117,200,47,599,268,547,41,76,0,825,15,86,442,901,763,444,276,490,934
2026-03-30,147.0.7727.24,1000,994,1000,894,964,998,846,1000,1000,0,981,966,962,922,875,989,888,776,768,1000,146.0.3856.84,1000,994,200,894,974,998,846,1000,1000,0,974,943,956,922,916,987,888,792,751,1000,149.0,949,117,1000,47,711,968,713,41,76,0,887,15,86,597,875,793,888,553,820,1000,26.4 (21624.1.16.11.4),994,118,1000,838,673,268,731,41,76,800,916,933,948,465,826,978,444,692,585,934,-,947,117,200,47,599,268,547,41,76,0,825,15,86,442,901,764,444,276,490,934
2026-03-31,147.0.7727.24,1000,994,1000,894,964,998,846,1000,1000,0,981,966,962,922,875,992,888,787,768,1000,146.0.3856.84,1000,994,200,894,974,998,846,1000,1000,0,962,943,956,922,916,987,888,792,766,1000,149.0,949,117,1000,47,711,968,713,41,76,0,885,15,86,597,875,793,888,553,820,1000,26.4 (21624.1.16.11.4),994,118,1000,838,673,268,731,41,76,800,916,933,948,465,826,975,444,698,585,964,-,947,117,200,47,599,268,547,41,76,0,813,15,86,442,901,764,444,276,490,964
2026-04-01,147.0.7727.24,1000,994,1000,894,964,998,846,1000,1000,0,981,966,962,922,875,992,888,766,768,1000,146.0.3856.84,1000,994,200,894,974,998,846,1000,1000,0,965,943,956,922,916,987,888,777,766,1000,149.0,949,117,1000,47,711,968,713,41,76,0,887,15,86,597,875,793,888,553,820,1000,26.4 (21624.1.16.11.4),994,118,1000,838,673,274,731,41,76,1000,916,933,948,465,826,977,555,698,585,934,-,947,117,200,47,599,274,547,41,76,0,816,15,86,442,901,763,444,276,490,934
2026-04-02,147.0.7727.50,1000,994,1000,894,964,1000,846,1000,1000,0,981,966,962,922,875,992,888,777,768,1000,146.0.3856.97,1000,994,200,894,974,1000,846,1000,1000,0,975,943,956,922,916,987,888,788,766,1000,149.0,949,117,1000,47,711,970,713,41,76,0,887,15,86,597,875,793,777,553,820,1000,26.4 (21624.1.16.11.4),994,118,1000,838,673,268,731,41,76,800,916,933,948,465,826,975,555,698,585,934,-,947,117,200,47,599,268,547,41,76,0,825,15,86,442,901,764,444,276,490,934
2026-04-03,147.0.7727.50,1000,994,1000,894,964,1000,846,1000,1000,0,981,966,962,922,875,992,888,867,768,1000,146.0.3856.97,1000,994,200,894,974,1000,846,1000,1000,0,975,943,956,922,916,987,888,858,766,1000,149.0,949,117,1000,47,711,970,713,41,76,0,887,15,86,597,875,793,888,632,820,1000,26.4 (21624.1.16.11.4),994,118,1000,838,673,240,731,41,76,800,912,933,948,465,826,975,555,749,585,934,-,947,117,200,47,599,240,547,41,76,0,820,15,86,442,901,764,444,299,490,934
2026-04-04,147.0.7727.50,1000,994,1000,894,964,1000,846,1000,1000,0,981,966,962,922,875,989,888,856,768,1000,146.0.3856.97,1000,994,200,894,974,1000,806,1000,1000,0,975,943,956,922,916,987,888,867,747,1000,149.0,949,117,1000,47,711,970,713,41,76,0,887,15,86,597,875,793,888,632,820,1000,26.4 (21624.1.16.11.4),994,118,1000,838,673,268,731,41,76,800,916,933,948,465,826,974,444,749,585,964,-,947,117,200,47,599,268,507,41,76,0,824,15,86,442,901,762,444,304,473,964
2026-04-05,147.0.7727.50,1000,994,1000,894,964,1000,846,1000,1000,0,981,966,962,922,875,989,888,856,768,1000,146.0.3856.97,1000,994,200,894,974,1000,846,1000,1000,0,975,943,956,922,916,987,888,867,747,1000,149.0,949,117,1000,47,711,970,713,41,76,0,885,15,86,597,875,793,888,632,820,1000,26.4 (21624.1.16.11.4),994,118,1000,838,673,268,731,41,76,800,916,933,948,465,826,973,555,749,585,934,-,947,117,200,47,599,268,547,41,76,0,823,15,86,442,901,764,444,304,481,934
2026-04-06,147.0.7727.50,1000,994,1000,894,964,1000,846,1000,1000,0,981,966,962,922,875,989,888,856,768,1000,146.0.3856.97,1000,994,200,894,974,1000,846,1000,1000,0,975,943,956,922,916,987,888,867,765,1000,149.0,949,117,1000,47,711,970,713,41,76,0,887,15,86,597,875,793,888,632,820,1000,26.4 (21624.1.16.11.4),994,118,1000,838,673,268,731,41,76,800,916,933,948,465,826,975,555,749,585,934,-,947,117,200,47,599,268,547,41,76,0,825,15,86,442,901,761,444,304,490,934
2026-04-08,147.0.7727.56,1000,994,1000,894,964,1000,846,1000,1000,0,981,966,962,922,875,992,888,856,768,1000,146.0.3856.109,1000,994,200,894,974,1000,846,1000,1000,0,969,943,956,922,916,984,888,867,766,1000,149.0.2,949,117,1000,47,711,970,713,41,76,0,887,15,85,597,875,793,888,632,820,1000,26.4 (21624.1.16.11.4),994,118,1000,838,673,268,731,41,76,800,916,933,948,465,826,975,555,749,579,934,-,947,117,200,47,599,268,547,41,76,0,823,15,85,442,901,761,444,304,485,934
2026-04-09,147.0.7727.56,1000,994,1000,894,964,1000,846,1000,1000,0,981,966,962,922,875,989,888,855,768,1000,146.0.3856.109,1000,994,200,894,974,1000,846,958,1000,0,957,943,956,922,916,984,888,871,768,1000,149.0.2,949,117,1000,47,711,970,713,41,76,0,887,15,85,605,875,793,888,632,820,1000,26.4 (21624.1.16.11.4),994,118,1000,838,673,268,731,41,76,1000,916,933,948,465,826,975,555,748,585,934,-,947,117,200,47,599,268,547,36,76,0,810,15,85,442,901,761,444,304,490,934
2026-04-10,147.0.7727.56,1000,994,1000,894,964,1000,846,1000,1000,0,981,966,962,922,875,989,888,856,768,1000,146.0.3856.109,1000,994,200,894,974,1000,846,1000,1000,0,972,943,956,922,916,987,888,871,749,1000,149.0.2,949,117,1000,47,711,970,713,41,76,0,887,15,85,597,875,793,888,632,820,1000,26.4 (21624.1.16.11.4),994,118,1000,838,673,268,731,41,76,800,916,933,948,465,826,975,444,749,585,934,-,947,117,200,47,599,268,547,41,76,0,825,15,85,442,901,764,444,304,481,934
2026-04-11,147.0.7727.56,1000,994,1000,894,964,1000,846,1000,1000,0,981,966,962,922,875,989,888,856,768,1000,147.0.3912.60,1000,994,1000,894,974,1000,846,1000,1000,0,972,966,963,922,916,987,888,871,765,1000,149.0.2,949,117,1000,47,711,970,713,41,76,0,887,15,85,605,875,793,888,632,820,1000,26.4 (21624.1.16.11.4),994,118,1000,838,673,268,731,41,76,1000,916,933,948,465,826,975,444,749,585,934,-,947,117,1000,47,599,268,547,41,76,0,824,15,85,442,901,764,444,304,490,934
2026-04-12,147.0.7727.56,1000,994,1000,894,964,1000,846,1000,1000,0,981,966,962,922,875,992,888,856,768,1000,147.0.3912.60,1000,994,1000,894,974,1000,846,1000,1000,0,975,966,963,922,916,987,888,867,766,1000,149.0.2,949,117,1000,47,711,970,713,41,76,0,887,15,85,597,875,793,888,632,820,1000,26.4 (21624.1.16.11.4),994,118,1000,838,673,268,731,41,76,1000,916,933,948,465,826,975,444,749,585,934,-,947,117,1000,47,599,268,547,41,76,0,825,15,85,442,901,764,444,304,490,934
2026-04-13,147.0.7727.56,1000,994,1000,894,964,1000,846,1000,1000,0,981,966,962,922,875,992,888,867,768,1000,147.0.3912.60,1000,994,1000,894,974,1000,846,1000,1000,0,975,966,963,922,916,987,888,866,765,1000,149.0.2,949,117,1000,47,711,970,713,41,76,0,887,15,85,597,875,793,888,632,820,1000,26.4 (21624.1.16.11.4),994,118,1000,838,673,268,731,41,76,800,916,933,948,465,826,975,555,748,585,934,-,947,117,1000,47,599,268,547,41,76,0,824,15,85,442,901,764,444,304,490,934
2026-04-14,147.0.7727.56,1000,994,1000,894,964,1000,846,1000,1000,0,981,966,962,922,875,992,888,856,768,1000,147.0.3912.60,1000,994,1000,894,974,1000,846,1000,1000,0,972,966,963,922,916,987,888,867,768,1000,149.0.2,949,117,1000,47,711,970,713,41,76,0,887,15,85,597,875,793,888,632,820,1000,26.4 (21624.1.16.11.4),994,118,1000,838,673,268,731,41,76,800,916,933,948,465,826,975,444,749,585,934,-,947,117,1000,47,599,268,547,41,76,0,823,15,85,442,901,764,444,304,490,934
2026-04-15,147.0.7727.56,1000,994,1000,894,964,1000,846,1000,1000,0,981,966,962,922,875,992,888,855,768,1000,147.0.3912.60,1000,994,1000,894,974,1000,846,1000,1000,0,968,966,963,922,916,984,888,845,732,1000,149.0.2,949,117,1000,47,711,970,713,41,76,0,887,15,85,597,875,793,888,632,820,1000,26.4 (21624.1.16.11.4),994,118,1000,838,673,268,731,41,76,1000,916,933,948,465,826,975,555,749,585,934,-,947,117,1000,47,599,268,547,41,76,0,821,15,85,442,901,761,444,304,472,934
2026-05-01,148.0.7778.97,999,997,1000,894,964,1000,846,1000,1000,0,981,1000,965,922,875,994,888,856,651,1000,147.0.3912.98,999,997,1000,894,972,1000,846,1000,1000,0,975,1000,969,906,916,984,888,860,649,1000,150.0.1,953,126,1000,47,980,998,713,41,76,1000,904,15,85,632,875,798,1000,657,686,1000,26.4 (21624.1.16.11.4),994,127,1000,836,673,268,731,41,76,800,916,933,951,465,826,975,555,749,644,934,-,952,126,1000,47,636,268,547,41,76,0,840,15,85,465,901,769,444,329,484,934
2026-05-02,148.0.7778.97,999,997,1000,894,964,1000,846,1000,1000,0,981,1000,965,922,875,994,888,856,651,1000,147.0.3912.98,999,997,1000,894,972,1000,846,1000,1000,0,967,1000,956,906,916,984,888,856,651,1000,150.0.1,953,126,1000,47,980,998,713,41,76,1000,909,15,85,632,875,798,1000,657,686,1000,26.4 (21624.1.16.11.4),994,127,1000,836,673,268,731,41,76,800,917,933,951,465,826,978,555,749,644,934,-,952,126,1000,47,636,268,547,41,76,0,840,15,83,465,901,769,444,329,484,934
2026-05-03,148.0.7778.97,999,997,1000,894,964,1000,846,1000,1000,0,981,1000,965,922,875,994,888,845,651,1000,147.0.3912.98,999,997,1000,894,972,1000,846,1000,1000,0,974,1000,956,906,916,984,888,871,626,1000,150.0.1,953,126,1000,47,980,998,713,41,76,1000,909,15,85,632,875,798,1000,657,686,1000,26.4 (21624.1.16.11.4),994,127,1000,836,673,274,731,41,76,800,917,933,951,465,826,975,444,749,644,934,-,952,126,1000,47,636,274,547,41,76,0,845,15,85,465,901,769,444,329,459,934
2026-05-06,148.0.7778.97,999,997,1000,894,964,1000,846,1000,1000,0,936,1000,965,922,875,994,888,856,651,1000,147.0.3912.98,999,997,1000,894,972,1000,846,1000,1000,0,929,1000,969,906,916,984,888,865,651,1000,150.0.1,953,126,1000,47,980,998,713,41,76,933,895,15,85,632,875,798,1000,657,686,1000,26.4 (21624.1.16.11.4),994,127,1000,836,673,268,731,41,76,933,872,933,951,465,826,978,555,748,644,964,-,952,126,1000,47,636,268,547,41,76,0,809,15,85,465,901,769,444,326,484,964
2026-05-07,148.0.7778.97,999,997,1000,894,964,1000,846,1000,1000,0,936,1000,965,922,875,992,888,856,651,1000,147.0.3912.98,999,997,1000,894,972,1000,846,1000,1000,0,929,1000,969,906,916,982,888,865,651,1000,150.0.1,953,126,1000,47,980,998,713,41,76,933,900,15,85,632,875,798,1000,657,686,1000,26.4 (21624.1.16.11.4),994,127,1000,836,673,268,731,41,76,933,872,933,951,465,826,975,444,749,644,934,-,952,126,1000,47,636,268,547,41,76,0,814,15,85,465,901,766,444,329,484,934
2026-05-08,148.0.7778.97,999,997,1000,894,964,1000,846,1000,1000,0,936,1000,965,922,875,994,888,866,651,1000,148.0.3967.54,999,997,1000,894,974,1000,846,1000,1000,0,920,1000,967,906,916,987,888,812,647,1000,150.0.2,953,126,1000,47,980,998,713,41,76,933,900,15,85,632,875,798,1000,657,686,1000,26.4 (21624.1.16.11.4),994,127,1000,836,673,296,731,41,76,933,872,932,951,465,826,975,444,749,644,934,-,952,126,1000,47,638,296,547,41,76,0,805,15,85,465,901,769,444,313,484,934
2026-05-10,148.0.7778.97,999,996,1000,894,964,1000,846,1000,1000,0,936,1000,965,922,875,994,888,855,651,1000,148.0.3967.54,999,996,1000,894,974,1000,846,1000,1000,0,927,1000,967,906,916,989,888,867,651,1000,150.0.2,953,123,1000,47,980,998,713,41,76,933,900,15,85,632,875,798,888,657,686,1000,26.4 (21624.1.16.11.4),994,124,1000,836,673,296,731,41,76,733,872,932,951,465,826,975,555,749,644,964,-,952,123,1000,47,638,296,547,41,76,0,811,15,85,465,901,771,444,329,484,964
2026-05-12,148.0.7778.97,999,996,1000,894,964,1000,846,1000,1000,0,936,1000,965,922,875,993,888,856,651,1000,148.0.3967.54,999,996,1000,894,974,1000,846,1000,1000,0,922,1000,967,906,916,988,888,867,596,1000,150.0.2,953,123,1000,47,980,998,713,41,76,933,900,15,85,632,875,798,1000,657,686,1000,26.5 (21624.2.5.11.4),989,124,1000,836,673,512,731,41,76,733,872,932,973,496,826,974,444,757,644,939,-,952,123,1000,47,638,512,547,41,76,0,809,15,85,496,901,771,444,336,449,939
2026-05-13,148.0.7778.167,999,996,1000,894,964,1000,846,1000,1000,0,936,1000,965,922,875,993,888,854,651,1000,148.0.3967.54,999,996,1000,894,974,1000,846,1000,1000,0,924,1000,967,906,916,988,888,860,643,1000,150.0.3,953,123,1000,47,980,998,713,41,76,933,900,15,85,632,875,798,1000,657,686,1000,26.5 (21624.2.5.11.4),989,124,1000,836,673,512,731,41,76,933,872,932,973,496,826,974,555,756,644,939,-,952,123,1000,47,638,512,547,41,76,0,809,15,85,496,901,771,444,327,475,939
2026-05-14,148.0.7778.167,999,996,1000,894,964,1000,846,1000,1000,0,936,1000,965,906,875,990,888,856,651,1000,148.0.3967.54,999,996,1000,894,974,1000,846,1000,1000,0,927,1000,967,906,916,988,888,867,649,1000,150.0.3,953,123,1000,47,980,998,713,41,76,933,900,15,85,632,875,798,1000,657,686,1000,26.5 (21624.2.5.11.4),989,124,1000,836,673,512,731,41,76,733,872,932,973,496,826,974,555,757,644,939,-,952,123,1000,47,638,512,547,41,76,0,811,15,85,489,901,771,444,336,484,939
2026-05-16,148.0.7778.167,999,997,1000,894,964,931,846,1000,1000,0,940,989,968,922,875,993,888,856,651,1000,148.0.3967.70,999,997,1000,894,974,931,846,1000,1000,0,933,989,968,906,958,985,888,854,651,1000,150.0.3,953,122,1000,47,980,929,713,41,76,933,902,15,85,632,916,798,1000,657,686,1000,26.5 (21624.2.5.11.4),989,124,1000,836,673,547,731,41,76,733,876,935,974,496,868,974,555,757,644,969,-,952,122,1000,47,638,538,547,41,76,0,812,15,85,496,862,769,444,325,484,969
2026-05-17,148.0.7778.167,999,997,1000,894,964,931,846,1000,1000,0,940,989,968,922,875,993,888,855,651,1000,148.0.3967.70,999,997,1000,894,974,931,846,1000,1000,0,933,989,968,906,958,988,888,856,651,1000,150.0.3,953,122,1000,47,980,929,713,41,76,933,902,15,85,632,916,798,1000,657,686,1000,26.5 (21624.2.5.11.4),989,124,1000,836,673,547,731,41,76,733,876,935,974,496,868,974,444,756,644,939,-,952,122,1000,47,638,538,547,41,76,0,812,15,85,496,862,771,444,326,484,939
2026-05-20,148.0.7778.178,999,997,1000,894,964,931,846,1000,1000,0,940,989,968,922,875,993,888,855,651,1000,148.0.3967.70,999,997,1000,894,974,931,846,1000,1000,0,933,989,968,906,1000,988,888,867,651,1000,151.0,987,122,1000,970,990,931,713,41,76,933,936,15,85,696,916,801,1000,669,686,1000,26.5 (21624.2.5.11.4),989,124,1000,836,673,547,731,41,76,933,876,935,974,496,910,974,555,757,644,939,-,981,122,1000,784,638,538,547,41,76,0,815,15,85,496,826,774,444,347,484,939
2026-05-22,149.0.7827.22,999,1000,1000,947,980,935,846,1000,1000,0,942,980,969,922,875,993,888,856,651,1000,148.0.3967.83,999,997,1000,894,974,935,846,1000,1000,0,929,970,968,906,1000,988,888,867,651,1000,151.0.1,987,122,1000,970,990,935,713,41,76,933,939,15,85,696,916,801,1000,669,686,1000,26.5 (21624.2.5.11.4),989,124,1000,836,673,552,731,41,76,733,874,942,974,496,910,974,555,757,644,969,-,981,122,1000,784,638,544,547,41,76,0,815,15,85,496,826,774,444,347,484,969
2026-05-23,149.0.7827.22,999,1000,1000,947,980,935,846,1000,1000,0,942,980,969,922,875,993,888,867,651,1000,148.0.3967.83,999,997,1000,894,974,935,806,1000,1000,0,931,970,968,906,1000,988,888,867,651,1000,151.0.1,987,122,1000,970,990,935,713,41,76,933,938,15,85,696,916,801,1000,669,686,1000,26.5 (21624.2.5.11.4),989,124,1000,836,673,552,731,41,76,733,874,942,974,496,910,977,444,748,644,939,-,981,122,1000,784,638,544,522,41,76,0,815,15,85,496,826,774,444,342,484,939
2026-05-24,149.0.7827.22,999,1000,1000,947,980,935,846,1000,1000,0,942,980,969,922,875,993,888,855,651,1000,148.0.3967.83,999,997,1000,894,974,935,846,1000,1000,0,931,970,968,906,1000,988,888,867,651,1000,151.0.1,987,122,1000,970,990,935,713,41,76,933,936,15,85,696,916,801,1000,669,686,1000,26.5 (21624.2.5.11.4),989,124,1000,836,673,552,731,41,76,933,874,942,974,496,910,974,555,757,644,939,-,981,122,1000,784,638,544,547,41,76,0,812,15,85,496,826,774,444,347,484,939
2026-05-26,149.0.7827.22,999,1000,1000,947,980,935,846,1000,1000,0,942,980,969,922,875,993,888,856,651,1000,148.0.3967.83,999,997,1000,894,974,935,846,1000,1000,0,931,970,962,906,1000,988,888,856,651,1000,151.0.1,987,122,1000,970,990,935,713,41,76,933,939,15,85,696,916,801,1000,669,686,1000,26.5 (21624.2.5.11.4),989,124,1000,836,673,552,731,41,76,733,874,942,974,496,910,974,555,757,644,969,-,981,122,1000,784,638,544,547,41,76,0,815,15,85,496,826,774,444,336,484,969
2026-06-02,149.0.7827.54,999,1000,1000,947,980,935,846,1000,1000,0,938,980,969,922,875,993,888,861,651,1000,148.0.3967.96,999,997,1000,894,974,935,846,1000,1000,0,924,955,967,906,1000,988,888,872,651,1000,151.0.2,987,123,1000,970,990,935,713,39,76,933,943,19,85,696,916,801,1000,674,686,1000,26.5 (21624.2.5.11.4),989,124,1000,836,673,552,731,39,76,733,872,934,974,496,910,977,555,753,644,939,-,981,123,1000,784,638,544,547,39,76,0,812,19,85,496,826,776,444,349,484,939
2026-06-03,149.0.7827.54,999,1000,1000,947,980,935,846,1000,1000,0,938,980,969,922,875,993,888,861,651,1000,148.0.3967.96,999,997,1000,894,974,935,846,1000,1000,0,922,955,967,906,1000,988,888,872,651,1000,151.0.3,987,123,1000,970,990,935,713,39,76,933,945,19,85,696,916,801,1000,674,686,1000,26.5 (21624.2.5.11.4),989,124,1000,836,673,552,731,39,76,733,872,934,974,473,910,977,555,758,644,939,-,981,123,1000,784,638,544,547,39,76,0,815,19,85,473,826,776,444,349,484,939
