date,chrome-version,chrome-interop-2021-aspect-ratio,chrome-interop-2021-flexbox,chrome-interop-2021-grid,chrome-interop-2021-position-sticky,chrome-interop-2021-transforms,chrome-interop-2022-cascade,chrome-interop-2022-color,chrome-interop-2022-contain,chrome-interop-2022-dialog,chrome-interop-2022-forms,chrome-interop-2022-scrolling,chrome-interop-2022-subgrid,chrome-interop-2022-text,chrome-interop-2022-viewport,chrome-interop-2022-webcompat,firefox-version,firefox-interop-2021-aspect-ratio,firefox-interop-2021-flexbox,firefox-interop-2021-grid,firefox-interop-2021-position-sticky,firefox-interop-2021-transforms,firefox-interop-2022-cascade,firefox-interop-2022-color,firefox-interop-2022-contain,firefox-interop-2022-dialog,firefox-interop-2022-forms,firefox-interop-2022-scrolling,firefox-interop-2022-subgrid,firefox-interop-2022-text,firefox-interop-2022-viewport,firefox-interop-2022-webcompat,safari-version,safari-interop-2021-aspect-ratio,safari-interop-2021-flexbox,safari-interop-2021-grid,safari-interop-2021-position-sticky,safari-interop-2021-transforms,safari-interop-2022-cascade,safari-interop-2022-color,safari-interop-2022-contain,safari-interop-2022-dialog,safari-interop-2022-forms,safari-interop-2022-scrolling,safari-interop-2022-subgrid,safari-interop-2022-text,safari-interop-2022-viewport,safari-interop-2022-webcompat
2022-01-01,96.0.4664.110,993,982,977,1000,948,86,416,961,836,912,895,98,692,0,223,95.0.2,976,982,898,892,971,86,411,842,126,873,715,816,893,0,677,15.2 (15612.3.6.1.8),958,920,956,968,824,97,690,308,103,625,737,98,714,0,139
2022-01-03,96.0.4664.110,993,982,977,1000,948,86,416,961,836,917,895,98,692,0,223,95.0.2,976,982,898,892,971,86,411,842,126,873,715,816,893,0,677,15.2 (15612.3.6.1.8),958,920,956,968,825,97,685,308,103,625,737,98,714,0,139
2022-01-04,96.0.4664.110,993,982,977,1000,948,86,416,961,836,912,895,98,692,0,223,95.0.2,976,982,898,892,971,86,411,842,126,873,715,816,893,0,677,15.2 (15612.3.6.1.8),952,920,955,968,825,97,685,308,103,625,737,98,714,0,139
2022-01-05,97.0.4692.71,993,985,977,1000,949,86,416,953,870,920,895,98,692,0,223,95.0.2,976,982,898,892,971,86,411,842,126,873,715,816,893,0,677,15.2 (15612.3.6.1.8),958,920,955,968,825,97,685,308,103,625,737,98,714,0,139
2022-01-06,97.0.4692.71,987,985,977,1000,949,86,416,953,870,920,895,98,692,0,223,95.0.2,976,982,898,892,971,86,411,842,126,873,715,816,893,0,677,15.2 (15612.3.6.1.8),957,920,955,968,825,97,685,308,103,625,737,98,714,0,139
2022-01-07,97.0.4692.71,993,985,977,1000,949,86,416,953,870,920,895,98,692,0,223,95.0.2,976,982,898,892,971,86,411,842,126,873,715,816,893,0,677,15.2 (15612.3.6.1.8),958,920,956,968,825,97,685,308,103,625,737,98,714,0,139
2022-01-08,97.0.4692.71,993,985,977,1000,949,86,416,953,870,920,895,98,692,0,223,95.0.2,976,982,898,892,971,86,411,842,126,873,715,816,893,0,677,15.2 (15612.3.6.1.8),951,920,955,968,825,97,685,308,103,625,737,98,714,0,139
2022-01-09,97.0.4692.71,993,985,977,1000,949,86,416,953,870,920,895,98,692,0,223,95.0.2,976,982,898,892,971,86,411,842,126,873,715,816,893,0,677,15.2 (15612.3.6.1.8),958,920,956,968,824,97,685,308,103,625,737,98,714,0,139
2022-01-11,97.0.4692.71,993,985,977,1000,949,86,416,953,882,920,895,98,692,0,223,95.0.2,976,982,898,892,971,86,411,842,126,873,715,816,893,0,677,15.2 (15612.3.6.1.8),951,920,956,968,825,97,690,308,103,625,737,98,714,0,139
2022-01-12,97.0.4692.71,993,985,977,1000,949,86,416,953,882,920,895,98,692,0,223,96.0,976,984,912,892,971,86,437,842,126,879,729,816,893,0,677,15.2 (15612.3.6.1.8),958,920,956,968,825,97,690,308,103,625,737,98,714,0,139
2022-01-13,97.0.4692.71,993,985,977,1000,949,86,416,953,893,920,895,98,692,0,223,96.0,976,984,912,892,971,86,437,842,126,879,729,816,893,0,820,15.2 (15612.3.6.1.8),957,920,955,968,825,97,690,308,103,625,737,98,714,0,282
2022-01-14,97.0.4692.71,987,985,977,1000,949,86,416,953,893,920,895,98,692,0,223,96.0,976,984,912,892,971,86,437,842,126,879,729,816,893,0,820,15.2 (15612.3.6.1.8),952,920,956,968,825,97,690,308,103,625,737,98,714,0,282
2022-01-16,97.0.4692.71,993,985,977,1000,949,86,416,953,893,920,895,98,692,0,223,96.0.1,976,984,912,892,971,86,437,842,126,879,729,816,893,0,820,15.2 (15612.3.6.1.8),951,920,955,968,825,97,690,308,103,625,737,98,714,0,282
2022-01-17,97.0.4692.71,993,985,977,1000,949,86,416,953,893,920,895,98,692,0,223,96.0.1,976,984,912,892,971,86,437,842,126,879,729,816,893,0,820,15.2 (15612.3.6.1.8),958,920,955,968,825,97,690,308,103,625,737,98,714,0,282
2022-01-19,97.0.4692.71,987,985,977,1000,949,86,416,953,893,920,895,98,692,0,223,96.0.1,976,984,912,892,971,86,437,842,126,879,729,816,893,0,820,15.2 (15612.3.6.1.8),957,920,955,968,825,97,690,308,103,625,737,98,714,0,282
2022-01-20,97.0.4692.99,993,985,977,1000,949,86,416,953,901,920,895,98,692,23,223,96.0.1,976,984,912,892,971,86,437,842,126,879,729,816,893,23,820,15.2 (15612.3.6.1.8),952,920,955,968,825,97,690,308,103,625,737,98,714,23,282
2022-01-21,97.0.4692.99,987,985,977,1000,949,86,416,953,901,920,895,98,692,23,223,96.0.2,976,984,912,892,971,86,437,842,126,878,729,816,893,23,820,15.2 (15612.3.6.1.8),958,920,955,968,825,97,690,308,103,626,737,98,714,23,282
2022-01-22,97.0.4692.99,987,985,977,1000,949,86,416,953,901,920,905,98,692,23,223,96.0.2,976,984,912,892,971,86,437,842,126,878,729,816,893,23,820,15.2 (15612.3.6.1.8),957,920,955,968,825,97,690,308,103,626,743,98,714,23,282
2022-02-04,98.0.4758.80,993,985,978,1000,950,86,416,953,939,920,917,98,692,23,223,96.0.3,976,984,912,892,971,86,437,842,126,877,739,816,893,23,820,15.3 (15612.4.9.1.7),951,920,955,968,825,97,690,308,103,632,743,98,714,23,282
2022-02-05,98.0.4758.80,987,985,978,1000,950,86,416,953,939,920,917,98,692,23,223,96.0.3,976,984,912,892,971,86,437,842,126,877,739,816,893,23,820,15.3 (15612.4.9.1.7),957,920,956,968,825,97,690,308,103,627,743,98,714,23,282
2022-02-06,98.0.4758.80,993,985,978,1000,950,86,416,953,939,920,917,98,692,120,223,96.0.3,976,984,912,892,971,86,437,842,126,877,739,816,893,114,820,15.3 (15612.4.9.1.7),958,920,956,968,825,97,690,308,103,627,743,98,714,114,282
2022-02-08,98.0.4758.80,993,985,978,1000,950,86,416,953,939,920,917,98,692,120,223,96.0.3,976,984,912,892,971,86,437,842,126,877,739,816,893,114,820,15.3 (15612.4.9.1.7),957,920,956,968,825,97,688,308,103,627,743,98,714,114,282
2022-02-09,98.0.4758.80,987,985,978,1000,950,86,416,953,939,920,917,98,692,120,223,97.0,976,990,912,892,963,612,447,842,126,877,737,816,990,114,820,15.3 (15612.4.9.1.7),957,920,955,968,824,97,688,308,103,627,743,98,714,114,282
2022-02-10,98.0.4758.80,993,985,978,1000,946,86,416,953,939,920,917,98,692,120,223,97.0,976,990,912,892,963,612,447,842,126,877,738,816,990,114,820,15.3 (15612.4.9.1.7),951,920,956,968,825,97,688,308,103,632,743,98,714,114,282
2022-02-16,98.0.4758.102,993,985,978,1000,946,86,416,953,962,920,917,98,692,120,223,97.0,976,990,912,892,963,612,447,842,126,877,737,816,990,114,820,15.3 (15612.4.9.1.8),958,920,955,968,825,97,688,308,103,632,743,98,714,114,282
2022-02-17,98.0.4758.102,987,985,978,1000,946,86,416,953,962,920,917,98,692,120,223,97.0,976,990,912,892,963,612,447,842,126,877,738,816,990,114,820,15.3 (15612.4.9.1.8),952,920,955,968,825,97,688,308,103,627,743,98,714,114,282
2022-02-18,98.0.4758.102,993,985,978,1000,946,86,416,953,945,920,917,98,692,120,223,97.0.1,976,990,912,892,963,612,447,842,126,877,738,816,990,114,820,15.3 (15612.4.9.1.8),952,920,956,968,824,97,688,308,103,627,743,98,714,114,282
2022-02-21,98.0.4758.102,993,985,978,1000,946,86,416,953,945,920,917,98,692,120,223,97.0.1,976,990,912,892,963,612,447,842,126,877,739,816,990,114,820,15.3 (15612.4.9.1.8),957,920,955,968,825,97,688,308,103,627,743,98,714,114,282
2022-02-25,98.0.4758.102,993,985,978,1000,946,86,416,953,934,920,917,98,692,120,223,97.0.1,976,990,912,892,963,612,447,842,126,877,738,778,990,114,820,15.3 (15612.4.9.1.8),952,920,956,968,825,97,688,308,103,627,743,98,714,114,282
2022-02-26,98.0.4758.102,993,985,978,1000,946,86,416,953,934,920,917,98,692,120,223,97.0.1,976,990,912,892,963,612,447,842,126,877,738,778,990,114,820,15.3 (15612.4.9.1.8),952,920,956,968,825,97,688,308,103,627,743,98,714,114,282
2022-03-04,99.0.4844.51,993,985,980,1000,953,631,416,953,934,923,917,98,692,120,223,97.0.1,976,990,912,892,963,612,447,842,126,877,739,778,990,114,820,15.3 (15612.4.9.1.8),958,920,955,968,825,97,688,308,103,627,743,98,714,114,282
2022-03-07,99.0.4844.51,987,985,980,1000,953,631,416,953,934,923,917,98,692,120,223,97.0.2,976,990,912,892,963,612,447,842,126,877,737,778,990,114,820,15.3 (15612.4.9.1.8),957,920,956,968,825,97,688,308,103,632,743,98,714,114,282
2022-03-09,99.0.4844.51,987,985,980,1000,953,631,416,953,934,923,917,98,692,120,223,98.0,976,990,912,892,963,612,447,842,913,878,739,778,990,114,820,15.3 (15612.4.9.1.8),952,920,956,968,825,97,688,308,103,627,743,98,714,114,282
2022-03-10,99.0.4844.51,993,985,980,1000,953,631,416,953,934,923,917,98,692,120,223,98.0,976,990,912,892,963,612,447,842,924,878,738,778,990,114,820,15.3 (15612.4.9.1.8),957,920,956,968,825,97,688,308,103,627,743,98,714,114,282
2022-03-15,99.0.4844.51,987,985,980,1000,953,631,416,953,934,918,917,117,692,120,223,98.0.1,976,990,912,892,963,612,447,842,913,873,737,797,990,114,820,15.3 (15612.4.9.1.8),958,920,955,968,824,97,688,308,103,627,743,117,714,114,282
2022-03-25,99.0.4844.82,993,985,980,1000,953,654,416,948,934,923,917,117,692,120,223,98.0.2,976,990,912,892,963,635,447,842,924,878,739,797,990,114,820,15.4 (16613.1.17.1.11),971,954,963,1000,873,635,858,885,915,653,803,117,811,659,424
2022-03-26,99.0.4844.84,993,985,980,1000,953,654,416,948,934,923,917,117,692,120,223,98.0.2,976,990,912,892,963,635,447,842,913,878,738,797,990,114,820,15.4 (16613.1.17.1.11),971,954,963,1000,873,635,858,885,927,663,803,117,811,659,424
2022-03-27,99.0.4844.84,993,985,980,1000,953,654,416,948,934,923,917,117,692,120,223,98.0.2,976,990,912,892,963,635,447,842,924,878,739,797,990,114,820,15.4 (16613.1.17.1.11),971,954,963,1000,873,635,858,885,881,653,803,117,811,659,424
2022-03-28,99.0.4844.84,993,985,980,1000,953,654,416,948,934,918,917,117,692,120,223,98.0.2,976,990,912,892,963,635,447,842,913,878,739,797,990,114,820,15.4 (16613.1.17.1.11),971,954,963,1000,873,635,858,885,927,663,803,117,811,659,424
2022-03-29,99.0.4844.84,987,985,980,1000,953,654,416,948,934,918,917,117,692,120,223,98.0.2,976,990,912,892,963,635,447,842,913,878,739,797,990,114,820,15.4 (16613.1.17.1.11),971,954,963,1000,873,635,858,885,927,663,794,117,811,659,424
2022-03-30,100.0.4896.60,993,985,980,1000,946,654,416,948,945,923,917,117,692,120,223,98.0.2,976,990,912,892,963,635,447,842,930,878,738,797,990,114,820,15.4 (16613.1.17.1.11),971,954,963,1000,873,635,858,885,926,668,794,117,811,659,424
2022-03-31,100.0.4896.60,993,985,980,1000,946,654,416,948,945,923,917,117,692,120,223,98.0.2,976,990,912,892,963,635,447,842,919,878,738,797,990,114,820,15.4 (16613.1.17.1.11),971,954,963,1000,873,635,858,885,932,663,803,117,811,659,424
2022-04-01,100.0.4896.60,993,985,980,1000,946,654,416,948,945,918,917,117,692,120,223,98.0.2,976,990,912,892,963,635,447,842,919,878,737,797,990,114,820,15.4 (16613.1.17.1.13),971,954,963,1000,873,635,858,885,932,663,794,117,811,659,424
2022-04-02,100.0.4896.60,993,985,980,1000,946,654,416,948,945,923,917,117,692,120,223,98.0.2,976,990,912,892,963,635,447,842,919,878,739,797,990,114,820,15.4 (16613.1.17.1.13),971,954,963,1000,873,635,858,885,910,653,803,117,811,659,424
2022-04-03,100.0.4896.60,993,985,980,1000,946,654,416,948,945,918,917,117,692,120,223,98.0.2,976,989,912,892,963,635,447,842,919,878,737,797,990,114,820,15.4 (16613.1.17.1.13),971,954,963,1000,873,635,858,885,932,663,803,117,811,659,424
2022-04-05,100.0.4896.75,993,985,980,1000,946,654,416,948,945,923,917,117,692,120,223,98.0.2,976,990,912,892,963,635,447,842,919,878,739,797,990,114,820,15.4 (16613.1.17.1.13),971,954,963,1000,873,635,858,885,934,663,803,117,811,659,424
2022-04-06,100.0.4896.75,993,985,980,1000,946,654,416,948,945,918,917,117,692,120,223,99.0,976,990,912,892,962,635,447,842,919,878,738,797,990,114,820,15.4 (16613.1.17.1.13),971,954,963,1000,873,635,858,885,923,653,803,117,811,659,424
2022-04-07,100.0.4896.75,987,985,980,1000,946,654,416,948,945,923,917,117,692,120,223,99.0,976,990,912,892,962,635,447,842,919,878,739,797,990,114,820,15.4 (16613.1.17.1.13),971,954,963,1000,873,635,858,885,916,668,803,117,811,659,424
2022-04-08,100.0.4896.75,993,985,980,1000,946,654,416,948,945,918,917,137,692,120,223,99.0,976,990,912,892,962,635,447,842,919,878,739,797,990,114,820,15.4 (16613.1.17.1.13),971,954,963,1000,873,635,858,885,934,663,803,137,811,659,424
2022-04-09,100.0.4896.75,993,985,980,1000,946,654,416,948,945,923,917,137,692,120,223,99.0,976,990,912,892,962,635,447,842,919,878,739,797,990,114,820,15.4 (16613.1.17.1.13),971,954,963,1000,873,635,858,885,934,663,803,137,811,659,424
2022-04-10,100.0.4896.75,993,985,980,1000,946,654,416,948,945,923,917,137,692,120,223,99.0,976,990,912,892,962,635,447,842,919,878,739,797,990,114,820,15.4 (16613.1.17.1.13),971,954,963,1000,873,635,858,885,934,663,803,137,811,659,424
2022-04-11,100.0.4896.75,993,985,980,1000,946,654,416,948,945,923,917,137,692,120,223,99.0,976,990,912,892,962,635,447,842,919,878,739,797,990,114,820,15.4 (16613.1.17.1.13),971,954,963,1000,873,635,858,885,923,653,794,137,811,659,424
2022-04-12,100.0.4896.88,993,985,980,1000,946,654,416,948,945,923,917,137,692,120,223,99.0,976,990,912,892,962,635,447,842,919,878,737,797,990,114,820,15.4 (16613.1.17.1.13),971,954,963,1000,873,635,858,885,934,663,803,137,811,659,424
2022-04-13,100.0.4896.88,993,985,980,1000,946,654,416,948,945,928,917,137,692,120,223,99.0.1,976,990,912,892,962,635,447,842,919,878,739,797,990,120,820,15.4 (16613.1.17.1.13),971,954,963,1000,873,635,858,885,934,663,803,137,811,665,424
2022-04-14,100.0.4896.88,993,985,980,1000,946,654,416,948,945,928,917,137,692,120,223,99.0.1,976,990,912,892,962,635,447,842,919,878,739,797,990,120,820,15.4 (16613.1.17.1.13),971,954,963,1000,873,635,858,885,923,653,803,137,811,665,424
2022-04-15,100.0.4896.127,993,985,980,1000,946,654,416,948,945,923,917,137,692,120,223,99.0.1,976,990,912,892,962,635,447,842,919,878,738,797,990,120,820,15.4 (16613.1.17.1.13),971,954,963,1000,873,635,858,885,934,663,803,137,811,665,424
2022-04-16,100.0.4896.127,993,985,980,1000,946,654,416,948,945,928,917,137,692,120,223,99.0.1,976,990,912,892,962,635,447,842,930,878,738,797,990,120,820,15.4 (16613.1.17.1.13),971,954,963,1000,872,635,858,885,905,658,803,137,811,665,424
2022-04-17,100.0.4896.127,993,985,980,1000,946,654,416,948,945,928,917,137,692,120,223,99.0.1,976,990,912,892,962,635,447,842,919,878,738,797,990,120,820,15.4 (16613.1.17.1.13),971,954,963,1000,873,635,858,885,923,653,803,137,811,665,424
2022-04-18,100.0.4896.127,993,985,980,1000,946,654,416,948,945,928,917,137,692,120,223,99.0.1,976,990,912,892,962,635,447,842,919,878,739,797,990,120,820,15.4 (16613.1.17.1.13),971,954,963,1000,873,635,858,885,927,668,803,137,811,665,424
2022-04-19,100.0.4896.127,993,985,980,1000,946,654,416,948,945,928,927,137,692,120,223,99.0.1,976,990,912,892,962,635,447,842,930,878,739,797,990,120,820,15.4 (16613.1.17.1.13),971,954,963,1000,873,635,858,885,927,668,795,137,811,665,424
2022-04-20,100.0.4896.127,993,985,980,1000,946,654,416,948,945,928,927,137,692,120,223,99.0.1,976,990,912,892,962,635,447,842,930,878,739,836,990,120,820,15.4 (16613.1.17.1.13),971,954,963,1000,873,635,858,885,923,653,804,137,811,665,424
2022-04-21,100.0.4896.127,987,985,980,1000,946,654,416,948,945,928,927,137,692,120,223,99.0.1,976,990,912,892,962,635,447,842,919,878,737,836,990,120,820,15.4 (16613.1.17.1.13),971,954,963,1000,873,635,858,885,934,663,804,137,811,665,424
2022-04-22,100.0.4896.127,993,985,980,1000,946,654,416,948,945,928,927,137,692,120,223,99.0.1,976,990,912,892,962,635,447,842,919,878,739,836,990,120,820,15.4 (16613.1.17.1.13),971,954,963,1000,873,635,858,885,934,663,805,137,811,665,424
2022-04-23,100.0.4896.127,993,985,980,1000,946,654,416,948,945,933,927,137,692,120,223,99.0.1,976,990,912,892,962,635,447,842,930,883,739,836,990,120,820,15.4 (16613.1.17.1.13),971,954,963,1000,873,635,858,885,927,673,805,137,811,665,424
2022-04-24,100.0.4896.127,993,985,980,1000,946,654,416,948,945,934,927,137,692,120,223,99.0.1,976,990,912,892,962,635,447,842,919,883,737,836,990,120,820,15.4 (16613.1.17.1.13),971,954,963,1000,873,635,858,885,934,668,805,137,811,665,424
2022-04-25,100.0.4896.127,993,985,980,1000,946,654,416,948,945,934,927,137,692,120,223,99.0.1,976,990,912,892,962,635,447,842,919,883,738,836,990,120,820,15.4 (16613.1.17.1.13),971,954,963,1000,873,635,858,885,923,658,805,137,811,665,424
2022-04-26,100.0.4896.127,993,985,980,1000,946,654,416,948,945,934,927,137,692,120,223,99.0.1,976,990,912,892,962,635,447,842,919,883,739,836,990,120,820,15.4 (16613.1.17.1.13),971,954,963,1000,873,635,858,885,934,668,805,137,811,665,424
2022-04-27,101.0.4951.41,993,985,980,1000,946,680,442,953,962,934,927,137,692,120,223,99.0.1,976,990,912,892,962,662,447,842,930,883,738,836,990,120,820,15.4 (16613.1.17.1.13),971,954,963,1000,873,659,858,885,888,658,795,137,811,665,424
2022-04-30,101.0.4951.41,993,985,980,1000,946,680,442,953,962,934,927,137,692,120,223,99.0.1,976,990,912,892,962,662,447,842,919,883,737,836,990,120,820,15.4 (16613.1.17.1.13),971,954,963,1000,873,659,858,885,934,668,805,137,811,665,424
2022-05-01,101.0.4951.41,993,985,980,1000,946,680,442,953,962,934,927,137,692,120,223,99.0.1,976,990,912,892,962,662,447,842,919,883,739,836,990,120,820,15.4 (16613.1.17.1.13),971,954,963,1000,873,659,858,885,911,663,805,137,811,665,424
2022-05-03,101.0.4951.54,993,985,980,1000,946,680,442,953,962,934,927,176,692,120,223,99.0.1,976,990,912,892,962,662,447,842,919,883,738,856,990,120,820,15.4 (16613.1.17.1.13),971,954,963,1000,873,659,858,885,893,663,805,176,811,665,424
2022-05-04,101.0.4951.54,993,985,980,1000,946,759,442,953,962,934,927,176,692,120,223,100.0,976,990,912,892,962,741,447,842,924,884,739,856,990,120,820,15.4 (16613.1.17.1.13),971,954,963,1000,873,659,858,885,934,668,805,176,811,665,424
2022-05-05,101.0.4951.54,993,985,980,1000,946,759,442,953,962,934,927,176,692,120,223,100.0,976,990,912,892,962,741,447,842,924,884,739,856,990,120,820,15.4 (16613.1.17.1.13),971,954,963,1000,873,659,858,885,934,668,800,176,811,665,424
2022-05-06,101.0.4951.54,987,985,980,1000,946,759,442,953,962,934,927,176,692,120,223,100.0,976,990,912,892,962,741,447,842,924,884,739,856,990,120,820,15.4 (16613.1.17.1.13),971,954,963,1000,873,659,858,885,934,668,805,176,811,665,424
2022-05-07,101.0.4951.54,987,985,980,1000,946,759,442,953,962,934,927,176,692,120,366,100.0,976,990,912,892,962,741,447,842,924,884,739,856,990,120,820,15.4 (16613.1.17.1.13),971,954,963,1000,872,659,858,885,934,668,805,176,811,665,567
2022-05-08,101.0.4951.54,987,985,980,1000,946,759,442,953,962,934,927,176,692,120,366,100.0,976,990,912,892,962,741,447,842,924,884,739,856,990,120,820,15.4 (16613.1.17.1.13),971,954,963,1000,873,659,858,885,934,668,805,176,811,665,567
2022-05-09,101.0.4951.54,987,985,980,1000,946,759,442,953,962,934,927,176,692,120,366,100.0,976,990,912,892,962,741,447,842,924,884,739,856,990,120,820,15.4 (16613.1.17.1.13),971,954,963,1000,873,659,858,885,916,673,800,176,811,665,567
2022-05-10,101.0.4951.54,987,985,980,1000,946,759,442,953,962,934,927,176,692,120,366,100.0,976,990,912,892,962,741,447,842,924,884,739,856,990,120,820,15.4 (16613.1.17.1.13),971,954,963,1000,873,659,858,885,934,673,805,176,811,665,567
2022-05-11,101.0.4951.64,987,985,980,1000,946,759,442,953,951,934,927,176,692,120,366,100.0,976,990,912,892,962,741,447,842,924,884,739,856,990,120,820,15.4 (17613.1.17.1.13),971,954,963,1000,873,659,858,885,923,673,804,176,811,665,571
2022-05-12,101.0.4951.64,987,985,980,1000,950,759,442,953,962,934,927,176,692,120,366,100.0,976,990,912,892,962,741,447,842,924,884,739,856,990,120,820,15.4 (17613.1.17.1.13),971,954,963,1000,873,659,858,885,934,674,799,176,811,665,571
2022-05-13,101.0.4951.64,987,985,980,1000,950,759,442,953,962,934,927,176,692,120,366,100.0,976,990,912,892,962,741,447,842,924,884,739,856,990,120,820,15.4 (17613.1.17.1.13),971,954,963,1000,873,659,858,885,934,674,790,176,811,665,571
2022-05-14,101.0.4951.64,987,985,980,1000,950,759,442,953,962,934,927,176,692,120,366,100.0,976,990,912,892,962,741,447,842,924,884,739,856,990,120,820,15.4 (17613.1.17.1.13),971,954,963,1000,873,659,858,885,934,674,790,176,811,665,571
2022-05-16,101.0.4951.64,987,985,980,1000,950,759,442,953,962,934,927,176,692,120,366,100.0,976,990,912,892,962,741,447,842,924,884,739,856,990,120,820,15.4 (17613.1.17.1.13),971,954,963,1000,873,659,858,885,916,674,804,176,811,665,571
2022-05-17,101.0.4951.64,987,985,980,1000,950,759,442,953,962,934,927,176,692,120,366,100.0.1,976,990,912,892,962,741,447,842,924,884,739,856,990,120,820,15.4 (17613.1.17.1.13),971,954,963,1000,873,659,858,885,934,674,790,176,811,665,571
2022-05-18,101.0.4951.64,987,985,980,1000,950,759,442,953,962,934,927,176,692,120,366,100.0.1,976,990,912,892,962,741,447,842,924,884,739,856,990,120,820,15.4 (17613.1.17.1.13),971,954,963,1000,873,659,858,885,934,674,790,176,811,665,571
2022-05-19,101.0.4951.64,987,985,980,1000,950,759,442,953,962,934,927,176,692,120,366,100.0.1,976,990,912,892,962,752,447,842,924,884,739,856,990,120,820,15.4 (17613.1.17.1.13),971,954,963,1000,873,671,858,885,916,674,804,176,811,665,571
2022-05-22,101.0.4951.64,987,985,980,1000,950,759,442,953,962,934,927,176,692,120,366,100.0.2,976,990,912,892,962,752,447,842,924,884,739,856,990,120,820,15.4 (17613.1.17.1.13),971,954,963,1000,873,671,858,885,934,674,805,176,811,665,571
2022-05-24,101.0.4951.64,987,985,980,1000,950,759,442,953,962,934,927,176,692,120,366,100.0.2,976,990,912,892,962,752,447,842,924,884,739,856,990,120,820,15.4 (17613.1.17.1.13),971,954,963,1000,872,671,858,885,934,674,795,176,811,665,571
2022-05-26,102.0.5005.61,987,985,979,1000,950,762,442,957,962,937,929,176,692,120,366,100.0.2,976,990,912,892,962,752,447,842,924,884,739,856,990,120,820,15.5 (17613.2.7.1.8),971,954,957,1000,873,671,858,885,943,674,790,176,811,665,571
2022-05-27,102.0.5005.61,987,985,979,1000,950,762,447,957,962,937,929,176,692,120,366,100.0.2,976,990,912,892,962,752,452,842,924,884,739,856,990,120,820,15.5 (17613.2.7.1.8),971,954,957,1000,873,671,863,885,943,674,800,176,811,665,571
2022-05-29,102.0.5005.61,987,985,979,1000,950,762,447,957,962,937,929,176,692,120,366,100.0.2,976,990,912,892,962,752,452,842,936,884,739,856,990,120,820,15.5 (17613.2.7.1.8),971,954,957,1000,873,671,863,885,961,674,805,176,811,665,571
2022-05-30,102.0.5005.61,987,985,979,1000,950,762,447,957,962,937,929,176,692,120,366,100.0.2,976,990,912,892,962,752,452,842,924,884,739,856,990,120,820,15.5 (17613.2.7.1.8),971,954,957,1000,873,671,863,885,943,674,800,176,811,665,571
2022-06-01,102.0.5005.61,987,985,979,1000,950,762,447,957,962,937,939,176,692,120,366,101.0,976,990,912,892,965,759,452,842,940,897,739,856,990,1000,820,15.5 (17613.2.7.1.8),971,954,957,1000,873,671,863,885,961,674,814,176,811,665,571
2022-06-03,102.0.5005.61,987,985,979,1000,950,762,447,957,962,937,939,176,692,120,366,101.0,976,990,912,892,965,759,452,842,940,897,739,856,990,1000,820,15.5 (17613.2.7.1.8),971,954,957,1000,872,671,863,885,961,674,809,176,811,665,571
2022-06-04,102.0.5005.61,987,985,979,1000,950,762,447,957,962,937,939,176,692,120,366,101.0,976,990,912,892,965,759,452,846,928,897,739,856,990,1000,820,15.5 (17613.2.7.1.8),971,954,957,1000,873,671,863,880,961,674,814,176,811,665,571
2022-06-05,102.0.5005.61,987,985,979,1000,950,762,447,957,962,937,939,176,692,120,366,101.0,976,990,912,892,965,759,452,846,928,897,739,856,990,1000,820,15.5 (17613.2.7.1.8),971,954,957,1000,873,671,863,880,943,674,814,176,811,665,571
2022-06-06,102.0.5005.61,987,985,979,1000,950,762,447,957,962,937,939,176,692,120,366,101.0,976,990,912,892,965,759,452,846,928,897,739,856,990,1000,820,15.5 (17613.2.7.1.8),971,954,957,1000,873,671,863,880,961,674,814,176,811,665,571
2022-06-07,102.0.5005.61,987,985,979,1000,950,762,447,957,962,937,939,176,692,120,366,101.0,976,990,912,892,965,759,452,846,928,897,739,856,990,1000,820,15.5 (17613.2.7.1.8),971,954,957,1000,873,671,863,880,961,674,814,176,811,665,571
2022-06-08,102.0.5005.61,987,985,979,1000,950,762,447,957,962,937,939,176,692,120,366,101.0,976,990,912,892,965,759,452,846,928,897,739,856,990,1000,820,15.5 (17613.2.7.1.8),971,954,958,1000,873,671,863,880,961,674,814,176,811,665,571
2022-06-09,102.0.5005.61,987,985,979,1000,950,762,447,957,962,937,939,176,692,120,366,101.0,976,990,912,892,965,759,452,846,928,897,739,856,990,1000,820,15.5 (17613.2.7.1.8),971,954,957,1000,873,671,863,880,961,674,814,176,811,665,571
2022-06-10,102.0.5005.115,987,985,979,1000,950,762,447,957,962,937,939,176,692,120,366,101.0.1,976,990,912,892,965,759,452,846,928,897,739,856,990,1000,820,15.5 (17613.2.7.1.8),971,954,957,1000,873,671,863,880,943,674,804,176,811,665,571
2022-06-11,102.0.5005.115,987,985,979,1000,950,762,447,957,962,937,939,176,692,120,366,101.0.1,976,990,912,892,965,759,452,846,928,897,739,856,990,1000,820,15.5 (17613.2.7.1.8),971,954,957,1000,873,671,863,880,961,674,809,176,811,665,571
2022-06-22,103.0.5060.53,987,985,979,1000,950,762,447,965,972,954,939,176,692,120,366,101.0.1,976,990,912,892,965,759,452,846,928,897,739,856,990,1000,820,15.5 (17613.2.7.1.8),971,954,957,1000,873,671,863,880,961,674,814,176,811,665,571
2022-06-23,103.0.5060.53,987,985,979,1000,950,762,447,965,972,959,939,176,692,120,366,101.0.1,976,990,912,892,965,759,452,846,940,897,739,856,990,1000,820,15.5 (17613.2.7.1.8),971,954,957,1000,873,671,863,880,950,674,800,176,811,665,571
2022-06-24,103.0.5060.53,987,985,979,1000,950,762,447,965,972,959,939,176,692,120,366,101.0.1,976,990,912,892,965,759,452,846,928,897,739,856,990,1000,820,15.5 (17613.2.7.1.8),971,954,957,1000,873,671,863,880,961,674,814,176,811,665,571
2022-06-25,103.0.5060.53,987,985,979,1000,950,762,447,965,972,959,939,176,692,120,366,101.0.1,976,990,912,892,965,759,452,846,928,897,739,856,990,1000,820,15.5 (17613.2.7.1.8),971,954,957,1000,873,671,863,880,961,674,814,176,811,665,571
2022-06-26,103.0.5060.53,987,985,979,1000,950,762,447,965,972,959,939,176,692,120,366,101.0.1,976,990,912,892,965,759,452,846,928,897,739,856,990,1000,820,15.5 (17613.2.7.1.8),971,954,957,1000,872,671,863,880,961,674,814,176,811,665,571
2022-06-28,103.0.5060.53,987,985,979,1000,950,762,447,965,972,959,939,176,692,120,366,101.0.1,976,990,912,892,965,759,452,846,940,897,739,856,990,1000,677,15.5 (17613.2.7.1.8),971,954,957,1000,873,671,863,880,961,674,810,176,811,665,571
2022-06-29,103.0.5060.53,987,985,979,1000,950,762,447,965,972,959,939,176,692,120,366,102.0,976,990,912,892,943,759,452,846,928,897,728,856,990,1000,820,15.5 (17613.2.7.1.8),971,954,958,1000,873,671,863,880,961,674,805,176,811,665,571
2022-06-30,103.0.5060.53,987,985,979,1000,950,762,447,965,972,959,939,176,692,120,366,102.0,976,990,912,892,943,759,452,846,928,903,729,856,990,1000,820,15.5 (17613.2.7.1.8),971,954,957,1000,873,671,863,880,961,677,805,176,811,665,571
2022-07-01,103.0.5060.53,987,985,979,1000,950,762,447,965,972,959,939,176,692,120,366,102.0,976,990,912,892,943,759,452,846,928,903,729,856,990,1000,820,15.5 (17613.2.7.1.8),971,954,957,1000,873,671,863,880,961,677,809,176,811,665,571
2022-07-02,103.0.5060.53,987,985,979,1000,950,762,447,965,972,959,939,176,692,120,366,102.0,976,990,912,892,943,759,452,846,928,903,729,856,990,1000,820,15.5 (17613.2.7.1.8),971,954,957,1000,873,671,863,880,961,677,804,176,811,665,571
2022-07-03,103.0.5060.53,987,985,979,1000,950,762,447,965,972,959,939,176,692,120,366,102.0,976,990,912,892,943,759,452,846,928,903,728,856,990,1000,820,15.5 (17613.2.7.1.8),971,954,957,1000,873,671,863,880,943,677,814,176,811,665,571
2022-07-05,103.0.5060.114,987,985,979,1000,950,762,447,965,972,959,939,176,692,120,366,102.0,976,990,912,892,943,759,452,846,928,903,728,856,990,1000,820,15.5 (17613.2.7.1.8),971,954,957,1000,873,671,863,880,961,677,814,176,811,665,571
2022-07-07,103.0.5060.114,987,985,979,1000,950,762,447,965,972,959,939,176,692,120,366,102.0.1,976,990,912,892,943,759,452,846,928,903,729,856,990,1000,820,15.5 (17613.2.7.1.8),971,954,957,1000,873,671,863,880,961,677,814,176,811,665,571
2022-07-08,103.0.5060.114,987,985,979,1000,950,762,447,965,972,959,939,176,692,120,366,102.0.1,976,990,912,892,943,759,452,846,928,898,729,856,990,1000,820,15.5 (17613.2.7.1.8),971,954,957,1000,873,671,863,880,961,677,814,176,811,665,571
2022-07-09,103.0.5060.114,987,985,979,1000,950,762,447,965,972,959,939,176,692,120,366,102.0.1,976,990,912,892,943,759,452,846,928,903,728,856,990,1000,820,15.5 (17613.2.7.1.8),971,954,957,1000,873,671,863,880,961,677,804,176,811,665,571
2022-07-11,103.0.5060.114,987,985,979,1000,950,762,447,965,972,959,939,176,692,120,366,102.0.1,976,990,912,892,943,759,452,846,928,903,729,856,990,1000,820,15.5 (17613.2.7.1.8),971,954,957,1000,873,671,863,880,961,677,804,176,811,665,571
2022-07-13,103.0.5060.114,987,985,979,1000,950,762,447,965,972,959,939,176,692,120,366,102.0.1,976,990,912,892,943,759,452,846,928,903,729,856,990,1000,963,15.5 (17613.2.7.1.8),971,954,957,1000,873,671,863,880,961,677,814,176,811,665,571
2022-07-14,103.0.5060.114,987,985,979,1000,950,762,447,965,972,959,939,176,692,120,366,102.0.1,976,990,912,892,943,759,452,846,928,903,729,856,990,1000,963,15.5 (17613.2.7.1.8),971,954,957,1000,873,671,863,880,943,680,814,176,811,665,571
2022-07-15,103.0.5060.114,987,985,979,1000,950,762,447,965,972,959,939,176,692,120,366,102.0.1,976,990,912,892,943,759,452,846,928,903,729,856,990,1000,963,15.5 (17613.2.7.1.8),971,954,957,1000,873,671,863,880,961,680,814,176,811,665,571
2022-07-16,103.0.5060.114,987,985,979,1000,950,762,447,965,972,959,939,176,692,120,366,102.0.1,976,990,912,892,943,759,452,846,928,903,728,856,990,1000,963,15.5 (17613.2.7.1.8),971,954,957,1000,873,671,863,880,943,680,809,176,811,665,571
2022-07-18,103.0.5060.114,987,985,979,1000,950,762,447,965,972,959,939,176,692,120,366,102.0.1,976,990,912,892,943,759,452,846,928,903,729,856,990,1000,963,15.5 (17613.2.7.1.8),971,954,957,1000,873,671,863,880,961,680,800,176,811,665,571
2022-07-19,103.0.5060.114,987,985,979,1000,950,762,447,965,972,959,939,176,692,120,366,102.0.1,976,990,912,892,943,759,452,846,928,903,729,856,990,1000,963,15.5 (17613.2.7.1.8),971,954,957,1000,873,671,863,880,961,680,814,176,811,665,571
2022-07-21,103.0.5060.134,987,985,979,1000,950,762,447,965,972,959,939,176,692,120,366,102.0.1,976,990,912,892,943,759,452,846,928,903,729,856,990,1000,963,15.5 (17613.2.7.1.8),971,954,957,1000,873,671,863,880,961,680,814,176,811,665,571
2022-07-22,103.0.5060.134,987,985,979,1000,950,762,447,965,972,959,939,176,692,120,366,102.0.1,976,990,912,892,943,759,452,846,940,903,728,856,990,1000,963,15.5 (17613.2.7.1.8),971,954,957,1000,873,671,863,880,950,680,810,176,811,665,571
2022-07-23,103.0.5060.134,987,985,979,1000,950,762,447,965,972,959,939,176,692,120,366,102.0.1,976,990,912,892,943,759,452,846,928,898,728,856,990,1000,963,15.5 (17613.2.7.1.8),971,954,957,1000,873,671,863,880,943,680,814,176,811,665,571
2022-07-24,103.0.5060.134,987,985,979,1000,950,762,447,965,972,959,939,176,692,120,366,102.0.1,976,990,912,892,943,759,452,846,928,903,729,856,990,1000,963,15.5 (17613.2.7.1.8),971,954,957,1000,873,671,863,880,961,680,810,176,811,665,571
2022-07-27,103.0.5060.134,987,985,979,1000,950,762,447,965,972,959,939,176,692,120,366,103.0,976,990,912,892,944,759,452,974,928,903,766,856,990,1000,963,15.6 (17613.3.9.1.5),971,954,957,1000,873,724,863,880,961,680,814,176,811,857,571
2022-07-28,103.0.5060.134,987,985,979,1000,950,762,447,965,972,959,939,176,692,120,366,103.0,976,990,912,892,944,759,452,974,928,903,766,856,990,1000,963,15.6 (17613.3.9.1.5),971,954,957,1000,873,724,863,880,961,680,814,176,811,857,571
2022-07-30,103.0.5060.134,987,985,979,1000,950,762,447,965,972,959,939,176,692,120,366,103.0,976,990,912,892,944,759,452,974,928,903,766,856,990,1000,963,15.6 (17613.3.9.1.5),971,954,957,1000,873,724,863,880,943,680,814,176,811,857,571
2022-07-31,103.0.5060.134,987,985,979,1000,950,762,447,965,972,959,939,176,692,120,366,103.0,976,990,912,892,944,759,452,974,928,903,766,856,990,1000,963,15.6 (17613.3.9.1.5),971,954,957,1000,873,724,863,889,943,680,814,176,811,857,571
2022-08-02,103.0.5060.134,987,985,979,1000,950,762,447,965,972,959,939,176,692,120,366,103.0.1,976,990,912,892,944,759,452,974,928,903,766,856,990,1000,963,15.6 (17613.3.9.1.5),971,954,957,1000,873,724,863,889,961,680,814,176,811,857,571
2022-08-03,104.0.5112.79,987,985,979,1000,978,763,447,987,972,959,939,176,692,120,508,103.0.1,976,990,912,892,944,759,452,982,928,903,766,856,990,1000,963,15.6 (17613.3.9.1.5),971,954,957,1000,873,724,863,897,938,675,810,176,811,857,571
2022-08-05,104.0.5112.79,993,985,979,1000,978,763,447,987,972,964,939,176,692,120,508,103.0.1,976,990,912,892,944,759,452,982,928,903,766,856,990,1000,963,15.6 (17613.3.9.1.5),971,954,957,1000,873,724,863,897,927,680,814,176,811,857,571
2022-08-06,104.0.5112.79,993,985,979,1000,978,763,447,987,972,964,939,176,692,120,508,103.0.1,976,990,912,892,944,759,452,982,940,898,766,856,990,1000,963,15.6 (17613.3.9.1.5),971,954,957,1000,873,724,863,897,961,685,800,176,811,857,571
2022-08-07,104.0.5112.79,993,985,979,1000,978,763,447,987,972,964,939,176,692,120,508,103.0.1,976,990,912,892,944,759,452,982,928,903,766,856,990,1000,963,15.6 (17613.3.9.1.5),971,954,957,1000,873,724,863,897,961,685,814,176,811,857,571
2022-08-09,104.0.5112.79,993,989,979,1000,978,763,447,987,972,964,939,176,692,120,508,103.0.1,976,986,912,892,944,759,452,982,928,903,766,856,990,1000,963,15.6 (17613.3.9.1.5),971,958,957,1000,873,724,863,897,950,685,814,176,811,857,571
2022-08-10,104.0.5112.79,993,989,979,1000,978,763,447,987,972,969,939,176,692,120,508,103.0.2,976,986,912,892,944,759,452,982,928,903,766,856,990,1000,963,15.6 (17613.3.9.1.5),971,958,957,1000,873,724,863,897,961,688,814,176,811,857,571
2022-08-11,104.0.5112.79,993,989,979,1000,978,763,447,987,972,969,939,176,692,120,508,103.0.2,976,986,912,892,944,759,452,982,928,903,766,856,990,1000,963,15.6 (17613.3.9.1.5),971,958,957,1000,873,724,863,897,950,683,814,176,811,857,571
2022-08-13,104.0.5112.79,993,989,979,1000,978,763,447,995,972,969,939,176,692,120,508,103.0.2,976,986,912,892,946,759,452,982,928,908,766,856,990,1000,963,15.6 (17613.3.9.1.5),971,958,957,1000,873,724,863,902,973,693,805,176,811,857,571
2022-08-14,104.0.5112.79,993,989,979,1000,978,763,447,995,972,969,939,176,692,120,508,103.0.2,976,986,912,892,946,759,452,982,928,908,766,856,990,1000,963,15.6 (17613.3.9.1.5),971,958,957,1000,873,724,863,902,955,693,814,176,811,857,571
2022-08-15,104.0.5112.79,993,989,979,1000,978,763,447,995,972,969,939,176,692,120,508,103.0.2,976,986,912,892,946,759,452,982,928,908,766,856,990,1000,963,15.6 (17613.3.9.1.5),971,958,957,1000,873,724,863,902,955,693,814,176,811,857,571
2022-08-16,104.0.5112.79,993,989,979,1000,978,763,447,995,972,969,939,176,692,120,508,103.0.2,976,986,912,892,946,759,452,982,928,908,766,856,990,1000,963,15.6 (17613.3.9.1.5),971,958,957,1000,873,724,863,902,950,688,814,176,811,857,571
2022-08-18,104.0.5112.101,992,989,978,1000,978,763,447,995,972,969,939,176,692,120,508,103.0.2,975,986,912,892,946,759,452,982,928,908,766,856,990,1000,963,15.6 (17613.3.9.1.5),970,959,955,1000,873,724,863,902,950,688,814,176,811,857,571
2022-08-19,104.0.5112.101,992,989,978,1000,978,763,447,995,972,969,939,176,692,120,508,103.0.2,975,986,912,892,946,759,452,982,928,908,766,856,990,1000,963,15.6 (17613.3.9.1.5),970,959,955,1000,873,724,863,902,950,688,810,176,811,857,571
2022-08-20,104.0.5112.101,992,989,978,1000,978,763,447,995,972,969,939,176,692,120,508,103.0.2,975,986,912,892,946,759,452,982,928,908,766,856,990,1000,963,15.6 (17613.3.9.1.5),970,959,955,1000,873,724,863,902,973,693,804,176,811,857,571
2022-08-21,104.0.5112.101,992,989,978,1000,978,763,447,995,972,969,939,176,692,120,508,103.0.2,975,986,912,892,946,759,452,982,940,908,766,856,990,1000,963,15.6 (17613.3.9.1.5),970,959,955,1000,873,724,863,902,973,693,814,176,811,857,571
2022-08-22,104.0.5112.101,992,989,978,1000,978,763,447,995,972,969,939,176,692,120,508,103.0.2,975,986,912,892,946,759,452,982,940,908,766,856,990,1000,963,15.6 (17613.3.9.1.5),970,959,955,1000,873,724,863,902,973,693,805,176,812,857,571
2022-08-23,104.0.5112.101,992,989,978,1000,978,763,447,995,972,969,939,176,692,120,508,103.0.2,975,986,912,892,946,759,452,982,928,908,766,856,990,1000,963,15.6 (17613.3.9.1.5),970,959,955,1000,873,724,863,902,950,688,814,176,812,857,571
2022-08-24,104.0.5112.101,992,989,978,1000,978,763,447,995,972,969,939,176,692,120,508,104.0,975,986,912,892,946,759,452,982,928,908,878,856,990,1000,963,15.6 (17613.3.9.1.5),970,959,955,1000,873,724,863,902,961,693,814,176,812,857,571
2022-09-06,105.0.5195.102,987,989,970,1000,978,763,447,995,994,969,939,176,692,120,794,104.0.1,970,986,912,892,946,759,452,982,928,909,878,856,990,1000,963,15.6.1 (17613.3.9.1.16),964,959,949,1000,873,724,863,902,961,693,814,176,812,857,571
2022-09-07,105.0.5195.102,987,989,970,1000,978,763,447,995,994,969,939,176,692,120,794,104.0.2,970,986,912,892,946,759,452,982,928,909,878,856,990,1000,963,15.6.1 (17613.3.9.1.16),964,959,949,1000,873,724,863,902,973,693,824,176,812,857,571
2022-09-08,105.0.5195.102,987,989,970,1000,978,763,447,995,994,969,939,176,692,120,794,104.0.2,970,986,912,892,946,759,452,982,928,909,878,856,990,1000,963,15.6.1 (17613.3.9.1.16),964,959,949,1000,873,724,863,902,973,693,824,176,812,857,571
2022-09-09,105.0.5195.102,987,989,970,1000,978,763,447,995,994,969,948,176,692,120,794,104.0.2,970,986,912,892,946,759,452,982,928,909,888,856,990,1000,963,15.6.1 (17613.3.9.1.16),964,959,949,1000,873,724,863,902,938,688,834,176,812,857,571
2022-09-10,105.0.5195.102,987,989,970,1000,978,763,447,995,994,969,948,176,692,120,794,104.0.2,970,986,912,892,946,759,452,982,928,909,888,856,990,1000,963,15.6.1 (17613.3.9.1.16),964,959,949,1000,873,724,863,902,973,693,834,176,812,857,571
2022-09-11,105.0.5195.102,987,989,970,1000,978,763,447,995,994,969,948,176,692,120,794,104.0.2,970,986,912,892,946,759,452,982,940,909,888,856,990,1000,963,15.6.1 (17613.3.9.1.16),964,959,949,1000,873,724,863,902,973,693,834,176,812,857,571
2022-09-13,105.0.5195.102,987,989,970,1000,978,763,447,995,994,969,948,176,692,120,794,104.0.2,970,986,912,892,946,759,452,982,928,909,888,856,990,1000,963,16.0 (17614.1.25.9.10),968,959,956,1000,948,789,867,957,950,907,898,960,812,857,571
2022-09-15,105.0.5195.125,987,988,970,1000,978,763,447,995,994,969,948,176,692,120,794,104.0.2,970,985,912,892,946,759,452,982,928,909,888,856,990,1000,963,16.0 (17614.1.25.9.10),968,958,956,1000,949,789,867,957,950,907,898,960,812,857,571
2022-09-16,105.0.5195.125,987,988,970,1000,978,763,447,995,994,970,948,176,692,120,794,104.0.2,970,985,912,892,946,759,452,982,928,909,888,856,990,1000,963,16.0 (17614.1.25.9.10),968,958,956,1000,949,789,867,957,938,907,893,960,812,857,571
2022-09-17,105.0.5195.125,987,988,970,1000,978,763,447,995,994,970,948,176,692,120,794,104.0.2,970,985,912,892,946,759,452,982,928,909,888,856,990,1000,963,16.0 (17614.1.25.9.10),968,961,956,1000,949,789,867,957,973,912,893,960,812,857,571
2022-09-19,105.0.5195.125,987,988,970,1000,978,763,447,995,994,970,948,176,692,120,794,104.0.2,970,985,912,892,946,759,452,982,928,909,889,856,990,1000,963,16.0 (17614.1.25.9.10),968,961,956,1000,949,789,867,957,961,912,888,960,812,857,571
2022-09-20,105.0.5195.125,987,988,970,1000,982,763,447,995,994,970,948,176,692,120,794,104.0.2,970,985,912,892,946,759,452,982,928,909,888,856,990,1000,963,16.0 (17614.1.25.9.10),968,961,956,1000,949,789,867,957,973,912,898,960,812,857,571
2022-09-21,105.0.5195.125,987,988,970,1000,982,763,447,995,994,970,948,176,692,120,794,105.0,976,984,912,892,946,759,452,983,940,909,908,856,990,1000,963,16.0 (17614.1.25.9.10),968,962,956,1000,949,789,867,957,950,907,900,960,812,857,571
2022-09-22,105.0.5195.125,987,988,970,1000,982,763,447,995,994,970,948,176,692,120,794,105.0,976,984,912,892,946,759,452,983,928,909,908,856,990,1000,963,16.0 (17614.1.25.9.10),968,962,956,1000,949,789,867,957,973,912,898,960,812,857,571
2022-09-23,105.0.5195.125,987,988,970,1000,982,763,447,995,994,970,948,176,692,120,794,105.0,976,984,912,892,946,759,452,983,928,909,908,856,990,1000,963,16.0 (17614.1.25.9.10),968,962,956,1000,949,789,867,957,955,912,893,960,812,857,571
2022-09-24,105.0.5195.125,987,988,970,1000,982,763,447,995,994,970,948,176,692,120,794,105.0.1,976,984,912,892,946,759,452,983,928,909,908,856,990,1000,963,16.0 (17614.1.25.9.10),968,962,956,1000,949,789,867,957,909,907,898,960,812,857,571
2022-09-25,105.0.5195.125,987,988,970,1000,982,763,447,995,994,970,948,176,692,120,794,105.0.1,976,984,912,892,946,759,452,983,928,909,908,856,990,1000,963,16.0 (17614.1.25.9.10),968,962,956,1000,949,789,867,957,955,912,898,960,812,857,571
2022-09-26,105.0.5195.125,987,988,970,1000,982,763,447,995,994,970,948,176,692,120,794,105.0.1,976,984,912,892,946,759,452,983,940,909,908,856,990,1000,963,16.0 (17614.1.25.9.10),968,962,956,1000,949,789,867,957,955,912,893,960,812,857,571
2022-09-27,105.0.5195.125,987,988,970,1000,982,763,447,995,994,970,948,176,692,120,794,105.0.1,976,984,912,892,946,759,452,983,928,909,908,856,990,1000,963,16.0 (17614.1.25.9.10),968,962,956,1000,949,789,867,957,961,912,898,960,812,857,571
2022-09-29,106.0.5249.61,987,988,970,1000,982,763,447,995,994,970,948,176,789,120,794,105.0.1,989,984,912,892,946,759,452,983,928,909,908,856,990,1000,963,16.0 (17614.1.25.9.10),980,962,956,1000,949,789,866,957,973,912,898,960,812,857,571
2022-09-30,106.0.5249.61,987,987,970,1000,982,763,447,995,994,970,948,176,789,120,794,105.0.1,989,983,912,892,946,759,452,983,928,909,908,856,990,1000,963,16.0 (17614.1.25.9.10),980,961,956,1000,949,789,866,957,973,912,898,960,812,857,571
2022-10-01,106.0.5249.91,987,987,970,1000,982,763,447,995,994,970,948,176,789,120,794,105.0.1,989,983,912,892,946,759,452,983,940,909,908,856,990,1000,963,16.0 (17614.1.25.9.10),980,961,956,1000,949,789,866,957,921,907,898,960,812,857,571
2022-10-02,106.0.5249.91,987,987,970,1000,982,763,447,995,994,970,948,176,789,120,794,105.0.1,989,983,912,892,946,759,452,983,928,909,908,856,990,1000,963,16.0 (17614.1.25.9.10),980,961,956,1000,949,789,866,957,973,912,898,960,812,857,571
2022-10-03,106.0.5249.91,987,987,970,1000,982,763,447,995,994,970,948,176,789,120,794,105.0.1,989,983,912,892,946,759,452,983,928,909,908,856,990,1000,963,16.0 (17614.1.25.9.10),980,961,956,1000,949,789,866,957,950,907,900,960,812,857,571
2022-10-04,106.0.5249.91,987,987,970,1000,982,763,447,995,994,970,948,176,789,120,794,105.0.1,989,983,912,892,946,759,452,983,928,909,908,856,990,1000,963,16.0 (17614.1.25.9.10),980,961,956,1000,949,789,866,957,973,912,883,960,812,857,571
2022-10-05,106.0.5249.91,987,987,970,1000,982,763,447,995,994,970,948,176,789,120,794,105.0.2,989,983,912,892,946,759,452,983,928,909,908,856,990,1000,963,16.0 (17614.1.25.9.10),980,961,956,1000,949,789,866,957,961,912,883,960,812,857,571
2022-10-06,106.0.5249.103,987,987,956,1000,982,763,447,995,994,970,948,176,789,120,794,105.0.2,989,982,902,892,946,759,452,983,928,909,908,856,990,1000,963,16.0 (17614.1.25.9.10),980,961,940,1000,949,789,866,957,955,912,898,960,812,857,571
2022-10-08,106.0.5249.103,987,982,956,1000,973,763,447,995,994,970,948,176,789,120,794,105.0.3,989,977,902,892,951,759,452,983,928,909,908,856,990,1000,963,16.0 (17614.1.25.9.10),980,956,940,1000,949,789,866,957,955,912,883,960,812,857,571
2022-10-09,106.0.5249.103,987,982,956,1000,973,763,447,995,994,970,948,176,789,120,794,105.0.3,989,977,902,892,951,759,452,983,928,909,908,856,990,1000,963,16.0 (17614.1.25.9.10),980,956,940,1000,949,789,866,957,973,912,898,960,812,857,571
2022-10-11,106.0.5249.103,987,982,956,1000,973,763,447,995,994,970,948,176,789,120,794,105.0.3,989,977,902,892,951,759,452,983,928,909,908,856,990,1000,963,16.0 (17614.1.25.9.10),980,956,940,1000,949,789,866,957,961,912,900,960,812,857,571
2022-10-13,106.0.5249.119,987,982,956,1000,973,763,499,995,994,970,948,176,789,120,794,105.0.3,989,977,902,892,951,759,504,983,928,909,908,856,990,1000,963,16.0 (17614.1.25.9.10),980,956,940,1000,949,789,940,957,973,912,898,960,812,857,571
2022-10-14,106.0.5249.119,987,982,956,1000,973,763,499,995,994,970,948,176,789,120,794,105.0.3,989,977,902,892,951,759,504,983,928,909,908,856,990,1000,963,16.0 (17614.1.25.9.10),980,956,940,1000,949,789,940,957,973,912,888,960,812,857,571
2022-10-15,106.0.5249.119,987,982,956,1000,973,763,499,995,994,970,948,176,789,120,794,105.0.3,989,977,902,892,951,759,504,983,928,909,908,856,990,1000,963,16.0 (17614.1.25.9.10),980,956,940,1000,949,789,940,957,943,912,898,960,812,857,571
2022-10-16,106.0.5249.119,987,982,956,1000,973,763,499,995,994,970,948,176,789,120,794,105.0.3,989,977,902,892,951,759,504,983,928,909,908,856,990,1000,963,16.0 (17614.1.25.9.10),980,956,940,1000,949,789,940,957,961,912,888,960,812,857,571
2022-10-17,106.0.5249.119,987,982,956,1000,973,763,499,995,994,970,948,176,789,120,794,105.0.3,989,977,902,892,951,759,504,983,928,909,908,856,990,1000,963,16.0 (17614.1.25.9.10),980,956,940,1000,949,789,940,957,955,912,898,960,812,857,571
2022-10-19,106.0.5249.119,987,982,956,1000,973,763,499,995,995,970,948,176,789,120,794,106.0,989,977,902,892,954,759,504,983,927,909,918,856,990,1000,1000,16.0 (17614.1.25.9.10),980,956,940,1000,949,789,940,957,960,912,898,960,812,857,571
2022-10-21,106.0.5249.119,987,982,956,1000,973,763,504,995,995,970,948,176,789,120,794,106.0.1,989,977,902,892,957,759,504,983,927,909,918,856,990,1000,1000,16.0 (17614.1.25.9.10),980,956,940,1000,949,789,950,957,942,912,883,960,812,857,571
2022-10-22,106.0.5249.119,987,982,956,1000,973,763,511,995,995,970,948,176,789,120,794,106.0.1,989,977,902,892,957,759,511,983,939,909,918,856,990,1000,1000,16.0 (17614.1.25.9.10),980,956,940,1000,949,789,949,957,960,912,898,960,812,857,571
2022-10-23,106.0.5249.119,987,982,956,1000,973,763,511,995,995,970,948,176,789,120,794,106.0.1,989,977,902,892,957,759,511,983,927,909,918,856,990,1000,1000,16.0 (17614.1.25.9.10),980,956,940,1000,949,789,949,957,954,912,893,960,812,857,571
2022-10-24,106.0.5249.119,987,982,956,1000,973,763,511,995,995,970,948,176,789,120,794,106.0.1,989,977,902,892,957,759,511,983,927,909,918,856,990,1000,1000,16.0 (17614.1.25.9.10),980,956,940,1000,949,789,949,957,972,912,898,960,812,857,571
2022-10-25,106.0.5249.119,987,982,956,1000,973,763,511,995,995,970,948,176,789,120,794,106.0.1,989,977,902,892,957,759,511,983,927,909,918,856,990,1000,1000,16.1 (17614.2.9.1.13),980,956,940,1000,950,789,949,991,987,979,917,960,856,1000,571
2022-10-26,107.0.5304.68,987,983,968,1000,973,763,522,995,995,970,948,176,789,120,794,106.0.1,989,977,902,892,957,759,511,983,927,909,908,856,990,1000,1000,16.1 (17614.2.9.1.13),980,956,940,1000,950,789,949,991,975,979,912,960,856,1000,571
2022-10-27,107.0.5304.68,987,983,968,1000,973,763,522,995,995,970,948,176,789,120,794,106.0.2,989,977,902,892,957,759,511,983,927,909,918,856,990,1000,1000,16.1 (17614.2.9.1.13),980,956,940,1000,950,789,949,991,987,979,912,960,856,1000,571
2022-10-29,107.0.5304.87,987,983,968,1000,973,763,522,995,995,970,948,176,789,120,794,106.0.2,989,977,902,892,957,759,511,983,927,909,918,856,990,1000,1000,16.1 (17614.2.9.1.13),980,956,940,1000,950,789,949,991,952,974,917,960,856,1000,571
2022-11-04,107.0.5304.87,987,983,968,1000,973,763,522,995,995,970,948,176,789,120,794,106.0.4,989,977,902,892,957,759,511,983,927,909,918,856,990,1000,1000,16.1 (17614.2.9.1.13),980,956,940,1000,950,789,949,991,975,979,917,960,856,1000,571
2022-11-05,107.0.5304.87,987,983,968,1000,973,763,522,995,995,970,948,176,789,120,794,106.0.5,989,977,902,892,957,759,511,983,927,904,918,856,990,1000,1000,16.1 (17614.2.9.1.13),980,956,940,1000,950,789,949,991,964,974,917,960,856,1000,571
2022-11-06,107.0.5304.87,987,983,968,1000,973,763,522,995,994,970,948,176,789,120,794,106.0.5,989,977,902,892,957,759,511,983,928,909,918,856,990,1000,1000,16.1 (17614.2.9.1.13),980,956,940,1000,950,789,949,991,975,979,917,960,856,1000,571
2022-11-10,107.0.5304.110,987,983,968,1000,973,763,522,995,994,970,948,176,789,120,794,106.0.5,989,977,902,892,957,759,511,983,928,909,918,856,990,1000,1000,16.1 (17614.2.9.1.13),980,956,940,1000,950,789,949,991,964,974,917,960,856,1000,571
2022-11-11,107.0.5304.110,987,983,968,1000,973,763,522,995,994,970,948,176,789,120,794,106.0.5,989,977,902,892,957,759,511,983,928,909,918,856,990,1000,1000,16.1 (17614.2.9.1.13),980,956,940,1000,950,789,949,991,987,979,917,960,856,1000,571
2022-11-12,107.0.5304.110,987,983,968,1000,973,763,522,995,994,970,948,176,789,120,794,106.0.5,989,977,902,892,957,759,511,983,928,909,918,856,990,1000,1000,16.1 (17614.2.9.1.13),980,956,940,1000,950,789,949,991,987,979,917,960,856,1000,571
2022-11-15,107.0.5304.110,987,983,968,1000,973,763,522,995,994,970,948,176,789,120,794,106.0.5,989,977,902,892,957,759,511,983,928,909,918,856,990,1000,1000,16.1 (17614.2.9.1.13),980,956,940,1000,950,789,949,991,964,974,912,960,856,1000,571
2022-11-16,107.0.5304.110,987,983,968,1000,973,763,522,995,994,970,948,176,789,120,794,107.0,989,977,902,892,957,759,511,983,943,909,918,856,990,1000,1000,16.1 (17614.2.9.1.13),980,956,940,1000,950,789,949,991,987,979,917,960,856,1000,571
2022-11-17,107.0.5304.110,987,983,968,1000,973,763,522,995,994,970,948,176,789,120,794,107.0,989,977,902,892,957,759,511,983,954,909,918,856,990,1000,1000,16.1 (17614.2.9.1.13),980,956,940,1000,950,789,949,991,987,979,917,960,856,1000,571
2022-11-18,107.0.5304.110,987,983,968,1000,973,763,522,995,994,970,948,176,789,120,794,107.0,989,977,902,892,957,759,511,983,943,909,918,856,990,1000,1000,16.1 (17614.2.9.1.13),980,956,940,1000,950,789,949,991,987,979,917,960,856,1000,571
2022-11-19,107.0.5304.110,987,983,968,1000,973,763,522,995,994,970,948,176,789,120,794,107.0,989,977,902,892,957,759,511,983,943,909,918,856,990,1000,1000,16.1 (17614.2.9.1.13),980,956,940,1000,950,789,949,991,975,979,917,960,856,1000,571
2022-11-20,107.0.5304.110,987,983,968,1000,973,763,522,995,994,970,948,176,789,120,794,107.0,989,977,902,892,957,759,511,983,943,909,918,856,990,1000,1000,16.1 (17614.2.9.1.13),980,956,940,1000,950,789,949,991,975,979,912,960,856,1000,571
2022-11-21,107.0.5304.110,987,983,968,1000,973,763,522,995,994,970,948,176,789,120,794,107.0,989,977,902,892,957,759,511,983,954,909,918,856,990,1000,1000,16.1 (17614.2.9.1.13),980,956,940,1000,950,789,949,991,964,974,917,960,856,1000,571
2022-11-22,107.0.5304.110,987,983,968,1000,973,763,522,995,994,970,948,176,789,120,794,107.0,989,977,902,892,957,759,511,983,943,909,918,856,990,1000,1000,16.1 (17614.2.9.1.13),980,956,940,1000,950,789,949,991,987,979,917,960,856,1000,571
2022-11-23,107.0.5304.110,987,983,968,1000,973,763,522,995,994,970,948,176,789,120,794,107.0,989,977,902,892,957,759,511,983,943,909,918,856,990,1000,1000,16.1 (17614.2.9.1.13),980,956,940,1000,950,789,949,991,964,974,917,960,856,1000,571
2022-11-24,107.0.5304.110,987,983,968,1000,973,763,522,995,994,970,948,176,789,120,794,107.0,989,977,902,892,957,759,511,983,943,909,918,856,990,1000,1000,16.1 (17614.2.9.1.13),980,956,940,1000,949,789,949,991,964,974,917,960,856,1000,571
2022-11-25,107.0.5304.121,987,983,968,1000,973,763,522,995,994,970,948,176,789,120,794,107.0,989,977,902,892,957,759,511,983,943,909,908,856,990,1000,1000,16.1 (17614.2.9.1.13),980,956,940,1000,950,789,949,991,964,974,917,960,856,1000,571
2022-11-26,107.0.5304.121,987,983,968,1000,973,763,522,995,994,970,948,176,789,120,794,107.0,989,977,902,892,957,759,511,983,954,909,918,856,990,1000,1000,16.1 (17614.2.9.1.13),980,956,940,1000,950,789,949,991,987,979,917,960,856,1000,571
2022-11-27,107.0.5304.121,987,983,968,1000,973,763,522,995,994,970,948,176,789,120,794,107.0,989,977,902,892,957,759,511,983,943,909,920,856,990,1000,1000,16.1 (17614.2.9.1.13),980,956,940,1000,950,789,949,991,987,979,917,960,856,1000,571
2022-11-28,107.0.5304.121,987,983,968,1000,973,763,522,995,994,970,948,176,789,120,794,107.0,989,977,902,892,957,759,511,983,943,909,918,856,990,1000,1000,16.1 (17614.2.9.1.13),980,956,940,1000,950,789,949,991,987,979,917,960,856,1000,571
2022-11-29,107.0.5304.121,987,983,968,1000,973,763,522,995,994,970,948,176,789,120,794,107.0,989,977,902,892,957,759,511,983,954,909,908,856,990,1000,1000,16.1 (17614.2.9.1.13),980,956,940,1000,950,789,949,991,975,979,917,960,856,1000,571
2022-11-30,108.0.5359.71,987,995,996,1000,973,789,522,995,994,989,948,176,789,1000,794,107.0.1,989,977,902,892,957,759,511,983,943,909,918,856,990,1000,1000,16.1 (17614.2.9.1.13),980,956,940,1000,950,789,949,991,964,974,917,960,856,1000,571
2022-12-01,108.0.5359.71,987,995,996,1000,973,789,522,995,994,989,948,176,789,1000,794,107.0.1,989,977,902,892,957,759,511,983,943,909,918,856,990,1000,1000,16.1 (17614.2.9.1.13),980,956,940,1000,950,789,949,991,975,979,920,960,856,1000,571
2022-12-03,108.0.5359.94,987,995,996,1000,973,789,522,995,994,989,948,176,789,1000,794,107.0.1,989,977,902,892,957,759,511,983,943,909,918,856,990,1000,1000,16.1 (17614.2.9.1.13),980,956,940,1000,950,789,949,991,975,979,917,960,856,1000,571
2022-12-04,108.0.5359.94,987,995,996,1000,973,789,522,995,994,989,948,176,789,1000,794,107.0.1,989,977,902,892,957,759,511,983,943,909,918,856,990,1000,1000,16.1 (17614.2.9.1.13),980,956,940,1000,950,789,949,991,975,979,917,960,856,1000,571
2022-12-06,108.0.5359.94,987,995,996,1000,973,789,522,995,994,989,948,176,789,1000,794,107.0.1,989,977,902,892,957,759,511,983,954,909,918,856,990,1000,1000,16.1 (17614.2.9.1.13),980,956,940,1000,950,789,949,991,952,974,917,960,856,1000,571
2022-12-07,108.0.5359.94,987,995,996,1000,973,789,522,995,994,989,948,176,789,1000,794,107.0.1,989,977,902,892,957,759,511,983,943,909,918,856,990,1000,1000,16.1 (17614.2.9.1.13),980,956,940,1000,950,789,949,991,987,979,917,960,856,1000,571
2022-12-08,108.0.5359.98,987,995,996,1000,973,789,522,995,994,989,948,176,789,1000,794,107.0.1,989,977,902,892,957,759,511,983,943,909,918,856,990,1000,1000,16.1 (17614.2.9.1.13),980,956,940,1000,950,789,949,991,952,974,917,960,856,1000,571
2022-12-10,108.0.5359.98,987,995,996,1000,973,789,522,995,994,989,948,176,789,1000,794,107.0.1,989,977,902,892,957,759,511,983,943,909,918,856,990,1000,1000,16.1 (17614.2.9.1.13),980,956,940,1000,950,789,949,991,987,979,917,960,856,1000,571
2022-12-11,108.0.5359.98,987,995,996,1000,973,789,522,995,994,989,948,176,789,1000,794,107.0.1,989,977,902,892,957,759,511,983,943,909,918,856,990,1000,1000,16.1 (17614.2.9.1.13),980,956,940,1000,950,789,949,991,964,974,917,960,856,1000,571
2022-12-13,108.0.5359.98,987,995,996,1000,973,789,522,995,994,989,948,176,789,1000,794,107.0.1,989,977,902,892,957,759,511,983,954,909,908,856,990,1000,1000,16.1 (17614.2.9.1.13),980,956,940,1000,950,789,949,991,975,974,917,960,856,1000,571
2022-12-16,108.0.5359.124,987,995,996,1000,973,789,522,995,994,988,948,176,789,1000,794,108.0,993,977,902,892,957,759,511,983,954,909,918,856,990,1000,1000,16.2 (17614.3.7.1.7),987,960,947,1000,972,789,974,995,964,987,957,980,982,1000,1000
2022-12-17,108.0.5359.124,987,995,996,1000,973,789,522,995,994,988,948,176,789,1000,794,108.0.1,993,977,902,892,957,759,511,983,943,914,918,856,990,1000,1000,16.2 (17614.3.7.1.7),987,960,947,1000,973,789,974,995,975,992,947,980,982,1000,1000
2022-12-22,108.0.5359.124,987,995,996,1000,973,789,522,995,994,983,948,176,789,1000,794,108.0.1,993,977,902,892,957,759,511,983,943,914,918,856,990,1000,1000,16.2 (17614.3.7.1.7),987,960,947,1000,973,789,974,995,975,992,956,980,982,1000,1000
2022-12-23,108.0.5359.124,987,995,996,1000,973,789,522,995,994,983,948,176,789,1000,794,108.0.1,993,977,902,892,957,759,511,983,943,914,918,856,990,1000,1000,16.2 (17614.3.7.1.7),987,960,947,1000,973,789,974,995,987,992,956,980,982,1000,1000
2022-12-24,108.0.5359.124,987,995,996,1000,973,789,522,995,994,983,948,176,789,1000,794,108.0.1,993,977,902,892,957,759,511,983,943,914,918,856,990,1000,1000,16.2 (17614.3.7.1.7),987,960,947,1000,973,789,974,995,987,992,957,980,982,1000,1000
2022-12-28,108.0.5359.124,987,995,996,1000,973,789,522,995,994,988,948,176,789,1000,794,108.0.1,993,977,902,892,957,759,511,983,943,914,918,856,990,1000,1000,16.2 (17614.3.7.1.7),987,960,947,1000,973,789,974,995,987,992,957,980,982,1000,1000
2022-12-30,108.0.5359.124,987,995,996,1000,973,789,522,995,994,988,948,176,789,1000,794,108.0.1,993,977,902,892,957,759,511,983,943,914,918,856,990,1000,1000,16.2 (17614.3.7.1.7),987,960,947,1000,973,789,974,995,987,992,947,980,982,1000,1000
2023-01-01,108.0.5359.124,987,995,996,1000,973,789,522,995,994,988,948,176,789,1000,794,108.0.1,993,977,902,892,957,759,511,983,943,914,918,856,990,1000,1000,16.2 (17614.3.7.1.7),987,960,947,1000,973,789,974,995,987,992,957,980,982,1000,1000
2023-01-02,108.0.5359.124,987,995,996,1000,973,789,522,995,994,988,948,176,789,1000,794,108.0.1,993,977,902,892,957,759,511,983,943,909,918,856,990,1000,1000,16.2 (17614.3.7.1.7),987,960,947,1000,973,789,974,995,987,992,956,980,982,1000,1000
2023-01-03,108.0.5359.124,987,995,996,1000,973,789,522,995,994,988,948,176,789,1000,794,108.0.1,993,977,902,892,957,759,511,983,943,914,918,856,990,1000,1000,16.2 (17614.3.7.1.7),987,960,947,1000,973,789,974,995,987,992,942,980,982,1000,1000
2023-01-04,108.0.5359.124,987,995,996,1000,973,789,522,995,994,983,948,176,789,1000,794,108.0.1,993,977,902,892,957,759,511,983,954,914,918,856,990,1000,1000,16.2 (17614.3.7.1.7),987,960,947,1000,973,789,974,995,964,987,957,980,982,1000,1000
2023-01-05,108.0.5359.124,987,995,996,1000,973,789,522,995,994,988,948,176,789,1000,794,108.0.1,993,977,902,892,957,759,511,983,943,914,918,856,990,1000,1000,16.2 (17614.3.7.1.7),987,960,947,1000,973,789,974,995,987,992,957,980,982,1000,1000
2023-01-06,108.0.5359.124,987,995,996,1000,973,789,522,995,994,988,948,176,789,1000,794,108.0.2,993,977,902,892,957,759,511,983,943,914,918,856,990,1000,1000,16.2 (17614.3.7.1.7),987,960,947,1000,973,789,974,995,987,992,947,980,982,1000,1000
2023-01-07,108.0.5359.124,987,995,996,1000,973,789,522,995,994,988,948,176,789,1000,794,108.0.2,993,977,902,892,957,759,511,983,943,914,918,856,990,1000,1000,16.2 (17614.3.7.1.7),987,960,947,1000,973,789,974,995,987,992,957,980,982,1000,1000
2023-01-08,108.0.5359.124,987,995,996,1000,973,789,522,995,994,988,948,176,789,1000,794,108.0.2,993,977,902,892,957,759,511,983,943,914,918,856,990,1000,1000,16.2 (17614.3.7.1.7),987,960,947,1000,973,789,974,995,964,987,947,980,982,1000,1000
2023-01-09,108.0.5359.124,987,995,996,1000,973,789,522,995,994,988,948,176,789,1000,794,108.0.2,993,977,902,892,957,759,511,983,943,914,918,856,990,1000,1000,16.2 (17614.3.7.1.7),987,960,947,1000,973,789,974,995,964,987,947,980,982,1000,1000
2023-01-10,108.0.5359.124,987,995,996,1000,973,789,522,995,994,983,948,176,789,1000,794,108.0.2,993,977,902,892,957,759,511,983,943,914,918,856,990,1000,1000,16.2 (17614.3.7.1.7),987,960,947,1000,973,789,974,995,987,992,957,980,982,1000,1000
2023-01-11,109.0.5414.74,987,995,996,1000,973,789,522,995,994,988,948,176,811,1000,937,108.0.2,993,977,902,916,957,759,511,983,943,909,918,856,990,1000,1000,16.2 (17614.3.7.1.7),987,960,947,1000,973,789,974,995,987,992,957,980,982,1000,1000
2023-01-12,109.0.5414.74,987,995,996,1000,973,789,522,995,994,988,948,176,811,1000,937,108.0.2,993,977,902,916,957,759,511,983,943,914,918,856,990,1000,1000,16.2 (17614.3.7.1.7),987,960,947,1000,973,789,974,995,964,987,957,980,982,1000,1000
2023-01-14,109.0.5414.74,987,995,996,1000,973,789,522,995,994,988,948,176,811,1000,939,108.0.2,993,977,902,916,957,759,511,983,943,914,918,856,990,1000,1000,16.2 (17614.3.7.1.7),987,960,947,1000,973,789,974,995,987,987,957,980,982,1000,1000
2023-01-15,109.0.5414.74,987,995,996,1000,973,789,522,995,994,988,948,176,811,1000,939,108.0.2,993,977,902,916,957,759,511,983,943,914,918,856,990,1000,1000,16.2 (17614.3.7.1.7),987,960,947,1000,973,789,974,995,987,992,951,980,982,1000,1000
2023-01-18,109.0.5414.74,987,995,996,1000,973,789,522,995,994,988,948,176,811,1000,939,109.0,993,977,903,916,954,759,511,983,943,914,918,856,990,1000,1000,16.2 (17614.3.7.1.7),987,960,947,1000,973,789,974,995,964,987,956,980,982,1000,1000
2023-01-19,109.0.5414.74,987,995,996,1000,973,789,522,995,994,988,948,176,811,1000,939,109.0,993,977,903,916,954,759,511,983,943,914,918,856,990,1000,1000,16.2 (17614.3.7.1.7),987,960,947,1000,973,789,974,995,975,992,957,980,982,1000,1000
2023-01-20,109.0.5414.74,987,995,996,1000,973,789,522,995,994,983,948,176,811,1000,939,109.0,993,977,903,916,954,759,511,983,943,909,918,856,990,1000,1000,16.2 (17614.3.7.1.7),987,960,947,1000,973,789,974,995,952,987,957,980,982,1000,1000
2023-01-21,109.0.5414.74,987,995,996,1000,973,789,522,995,994,983,948,176,811,1000,939,109.0,993,977,903,916,954,759,511,983,954,914,918,856,990,1000,1000,16.2 (17614.3.7.1.7),987,960,947,1000,973,789,974,995,975,992,952,980,982,1000,1000
2023-01-22,109.0.5414.74,987,995,996,1000,973,789,522,995,994,988,948,176,811,1000,939,109.0,993,977,903,916,954,759,511,983,943,914,918,856,990,1000,1000,16.2 (17614.3.7.1.7),987,960,947,1000,973,789,974,995,964,987,956,980,982,1000,1000
2023-01-23,109.0.5414.74,987,995,996,1000,973,789,522,995,994,988,948,176,811,1000,939,109.0,993,977,903,916,954,759,511,983,943,914,918,856,990,1000,1000,16.2 (17614.3.7.1.7),987,960,947,1000,973,789,974,995,987,992,947,980,982,1000,1000
2023-01-24,109.0.5414.74,987,995,996,1000,973,789,522,995,994,988,948,176,811,1000,939,109.0,993,977,903,916,954,759,511,983,943,914,918,856,990,1000,1000,16.3 (17614.4.6.11.4),993,962,947,1000,972,789,974,995,977,987,937,980,982,1000,1000
2023-01-25,109.0.5414.119,987,995,996,1000,973,789,522,995,994,988,948,176,811,1000,939,109.0,993,977,903,916,954,759,511,983,954,909,918,856,990,1000,1000,16.3 (17614.4.6.11.4),993,962,947,1000,972,789,974,995,977,987,937,980,982,1000,1000
2023-01-26,109.0.5414.119,987,995,996,1000,973,789,522,995,994,983,948,176,811,1000,939,109.0,993,977,903,916,954,759,511,983,943,914,918,856,990,1000,1000,16.3 (17614.4.6.11.4),993,962,947,1000,972,789,974,995,988,992,927,980,982,1000,1000
2023-01-27,109.0.5414.119,987,995,996,1000,973,789,522,995,994,988,948,176,811,1000,939,109.0,993,977,903,916,954,759,511,983,954,914,918,856,990,1000,1000,16.3 (17614.4.6.11.4),993,962,947,1000,972,789,974,995,1000,992,937,980,982,1000,1000
2023-01-28,109.0.5414.119,987,995,996,1000,973,789,522,995,994,983,948,176,811,1000,939,109.0,993,977,903,916,954,759,511,983,943,914,918,856,990,1000,1000,16.3 (17614.4.6.11.4),993,962,947,1000,972,789,974,995,965,987,937,980,982,1000,1000
2023-01-29,109.0.5414.119,987,995,996,1000,973,789,522,995,994,988,948,176,811,1000,939,109.0,993,977,903,916,954,759,511,983,943,914,918,856,990,1000,1000,16.3 (17614.4.6.11.4),993,962,947,1000,972,789,974,995,1000,992,937,980,982,1000,1000
2023-01-30,109.0.5414.119,987,995,996,1000,973,789,522,995,994,988,948,176,811,1000,939,109.0,993,977,903,916,954,759,511,983,943,914,918,856,990,1000,1000,16.3 (17614.4.6.11.4),993,962,947,1000,972,789,974,995,988,992,937,980,982,1000,1000
2023-01-31,109.0.5414.119,987,995,996,1000,973,789,522,995,994,983,948,176,811,1000,939,109.0,993,977,903,916,954,759,511,983,943,914,918,856,990,1000,1000,16.3 (17614.4.6.11.4),993,962,947,1000,972,789,972,995,988,992,937,980,982,1000,1000
2023-02-01,109.0.5414.119,987,995,996,1000,973,789,522,995,994,988,948,176,811,1000,939,109.0.1,993,977,903,916,954,759,511,983,943,914,918,856,990,1000,1000,16.3 (17614.4.6.11.4),993,962,947,1000,972,789,972,995,1000,992,927,980,982,1000,1000
2023-02-02,109.0.5414.119,987,995,996,1000,973,789,522,995,982,988,948,176,811,1000,939,109.0.1,993,977,903,916,954,759,511,983,940,914,918,856,990,1000,1000,16.3 (17614.4.6.11.4),993,962,947,1000,972,789,972,995,986,992,937,980,982,1000,1000
2023-02-03,109.0.5414.119,987,995,996,1000,973,789,522,995,982,988,948,176,811,1000,939,109.0.1,993,977,903,916,954,759,511,983,929,914,918,856,990,1000,1000,16.3 (17614.4.6.11.4),993,962,947,1000,972,789,972,995,974,992,937,980,982,1000,1000
2023-02-04,109.0.5414.119,987,995,996,1000,973,789,522,995,982,988,948,176,811,1000,939,109.0.1,993,977,903,916,954,759,511,983,929,914,918,856,990,1000,1000,16.3 (17614.4.6.11.4),993,962,947,1000,972,789,972,995,986,992,937,980,982,1000,1000
2023-02-06,109.0.5414.119,987,995,996,1000,973,789,522,995,982,988,948,176,811,1000,939,109.0.1,993,977,903,916,954,759,511,983,929,914,918,856,990,1000,1000,16.3 (17614.4.6.11.4),993,962,947,1000,972,789,972,995,986,992,932,980,982,1000,1000
2023-02-07,109.0.5414.119,987,995,996,1000,973,789,522,995,982,988,948,176,811,1000,939,109.0.1,993,977,903,916,954,759,511,983,929,914,918,856,990,1000,1000,16.3 (17614.4.6.11.4),993,962,947,1000,972,789,972,995,952,987,937,980,982,1000,1000
2023-02-08,110.0.5481.77,987,995,996,1000,973,789,522,995,982,988,948,176,811,1000,969,109.0.1,993,977,903,916,954,759,511,983,929,914,918,856,990,1000,1000,16.3 (17614.4.6.11.4),993,962,947,1000,972,789,972,995,974,992,932,980,982,1000,1000
2023-02-10,110.0.5481.77,987,995,996,1000,973,1000,522,995,982,988,948,176,811,1000,969,109.0.1,993,977,903,916,954,970,511,983,929,914,918,856,990,1000,1000,16.3 (17614.4.6.11.4),993,962,947,1000,972,1000,972,995,963,987,937,980,982,1000,1000
2023-02-13,110.0.5481.77,987,995,996,1000,973,1000,522,995,982,988,948,176,811,1000,969,109.0.1,993,977,903,916,954,970,511,983,929,914,918,856,990,1000,1000,16.3 (17614.4.6.11.4),993,962,947,1000,972,1000,972,995,974,992,932,980,982,1000,1000
2023-02-14,110.0.5481.96,987,995,996,1000,973,1000,522,995,982,988,948,176,811,1000,969,109.0.1,993,977,903,916,954,970,511,983,929,914,918,856,990,1000,1000,16.3 (17614.4.6.11.6),993,962,947,1000,972,1000,972,995,986,992,937,980,982,1000,1000
2023-02-15,110.0.5481.100,987,995,996,1000,973,1000,522,995,982,988,948,176,811,1000,969,110.0,993,977,903,916,954,970,511,983,929,918,928,856,990,1000,1000,16.3 (17614.4.6.11.6),993,962,947,1000,972,1000,972,995,986,992,937,980,982,1000,1000
2023-02-16,110.0.5481.100,987,995,996,1000,973,1000,522,995,982,983,948,176,811,1000,969,110.0,993,977,903,916,954,970,511,983,929,918,928,856,990,1000,1000,16.3 (17614.4.6.11.6),993,962,947,1000,972,1000,972,995,935,982,937,980,982,1000,1000
2023-02-17,110.0.5481.100,987,995,996,1000,973,1000,522,995,982,988,948,176,811,1000,969,110.0,993,977,903,916,954,970,511,983,929,918,928,856,990,1000,1000,16.3 (17614.4.6.11.6),993,962,947,1000,972,1000,972,995,986,992,937,980,982,1000,1000
2023-02-19,110.0.5481.100,987,995,996,1000,973,1000,522,995,982,988,948,176,811,1000,969,110.0,993,977,903,916,954,970,511,983,929,918,928,856,990,1000,1000,16.3 (17614.4.6.11.6),993,962,947,1000,972,1000,972,995,986,992,937,980,982,1000,1000
2023-02-20,110.0.5481.100,987,995,996,1000,973,1000,522,995,982,988,948,176,811,1000,969,110.0,993,977,903,916,954,970,511,983,929,918,927,856,990,1000,1000,16.3 (17614.4.6.11.6),993,962,947,1000,972,1000,972,995,986,992,937,980,982,1000,1000
2023-02-21,110.0.5481.100,987,995,996,1000,973,1000,522,995,982,988,948,176,811,1000,969,110.0,993,977,903,916,954,970,511,983,940,918,928,856,990,1000,1000,16.3 (17614.4.6.11.6),993,962,947,1000,972,1000,972,995,986,992,937,980,982,1000,1000
2023-02-25,110.0.5481.177,987,995,996,1000,973,1000,522,995,982,984,948,176,811,1000,969,110.0,993,977,903,916,954,970,511,983,940,918,928,856,990,1000,1000,16.3 (17614.4.6.11.6),993,962,947,1000,972,1000,972,995,952,982,927,980,982,1000,1000
2023-02-27,110.0.5481.177,987,995,996,1000,973,1000,522,995,982,984,948,176,811,1000,969,110.0,993,977,903,916,954,970,511,983,929,918,930,856,990,1000,1000,16.3 (17614.4.6.11.6),993,962,947,1000,972,1000,972,995,963,987,932,980,982,1000,1000
2023-02-28,110.0.5481.177,987,995,996,1000,973,1000,522,995,982,984,948,176,811,1000,969,110.0,993,977,903,916,954,970,511,983,929,918,928,856,990,1000,1000,16.3 (17614.4.6.11.6),993,962,947,1000,972,1000,972,995,986,992,937,980,982,1000,1000
2023-03-01,110.0.5481.177,987,995,996,1000,973,1000,522,995,982,984,948,176,811,1000,969,110.0.1,993,977,903,916,954,970,511,983,929,918,928,856,990,1000,1000,16.3 (17614.4.6.11.6),993,962,947,1000,972,1000,972,995,986,992,937,980,982,1000,1000
2023-03-02,110.0.5481.177,987,995,996,1000,973,1000,522,995,982,984,948,176,811,1000,969,110.0.1,993,977,903,916,954,970,511,983,929,918,927,856,990,1000,1000,16.3 (17614.4.6.11.6),993,962,947,1000,972,1000,972,995,963,987,932,980,982,1000,1000
2023-03-03,110.0.5481.177,987,995,996,1000,973,1000,522,995,982,988,948,176,811,1000,969,110.0.1,993,977,903,916,954,970,511,983,929,918,928,856,990,1000,1000,16.3 (17614.4.6.11.6),993,962,947,1000,972,1000,972,995,952,987,922,980,982,1000,1000
2023-03-05,110.0.5481.177,987,995,996,1000,974,1000,522,995,982,988,948,176,811,1000,969,110.0.1,993,977,903,916,956,970,511,983,929,913,928,856,990,1000,1000,16.3 (17614.4.6.11.6),993,962,947,1000,972,1000,972,995,952,987,937,980,982,1000,1000
2023-03-06,110.0.5481.177,987,995,996,1000,974,1000,522,995,982,988,948,176,811,1000,969,110.0.1,993,977,903,916,956,970,511,983,929,918,928,856,990,1000,1000,16.3 (17614.4.6.11.6),993,962,947,1000,972,1000,972,995,963,987,937,980,982,1000,1000
2023-03-07,110.0.5481.177,987,995,996,1000,974,1000,522,995,982,988,948,176,811,1000,969,110.0.1,993,977,903,916,956,970,511,983,929,918,928,856,990,1000,1000,16.3 (17614.4.6.11.6),993,962,947,1000,972,1000,972,995,986,992,937,980,982,1000,1000
2023-03-08,111.0.5563.64,987,995,996,1000,974,1000,999,995,982,983,948,176,972,1000,971,110.0.1,993,977,903,916,956,970,511,983,929,918,928,856,990,1000,1000,16.3 (17614.4.6.11.6),993,962,947,1000,972,1000,972,995,986,992,927,980,982,1000,1000
2023-03-09,111.0.5563.64,987,995,996,1000,974,1000,999,995,982,988,948,176,972,1000,971,110.0.1,993,977,903,916,956,970,511,983,929,918,928,856,990,1000,1000,16.3 (17614.4.6.11.6),993,962,947,1000,972,1000,972,995,986,992,927,980,982,1000,1000
2023-03-10,111.0.5563.64,987,995,996,1000,974,1000,999,995,982,988,948,176,972,1000,971,110.0.1,993,977,903,916,956,970,511,983,940,918,928,856,990,1000,1000,16.3 (17614.4.6.11.6),993,962,947,1000,972,1000,972,995,986,992,937,980,982,1000,1000
2023-03-11,111.0.5563.64,987,995,996,1000,974,1000,999,995,982,988,948,176,972,1000,971,110.0.1,993,977,903,916,956,970,511,983,940,918,927,856,990,1000,1000,16.3 (17614.4.6.11.6),993,962,947,1000,972,1000,972,995,974,992,922,980,982,1000,1000
2023-03-12,111.0.5563.64,987,995,996,1000,974,1000,999,995,982,988,948,176,972,1000,971,110.0.1,993,977,903,916,956,970,511,983,929,918,928,856,990,1000,1000,16.3 (17614.4.6.11.6),993,962,947,1000,972,1000,972,995,963,982,937,980,982,1000,1000
2023-03-14,111.0.5563.64,987,995,996,1000,974,1000,999,995,982,988,948,176,972,1000,971,110.0.1,993,977,903,916,956,970,511,983,929,918,928,856,990,1000,1000,16.3 (17614.4.6.11.6),993,962,947,1000,972,1000,972,995,986,992,937,980,982,1000,1000
2023-03-15,111.0.5563.64,987,995,996,1000,974,1000,999,995,982,988,948,176,972,1000,971,111.0,993,977,903,916,956,970,511,983,929,931,927,856,991,1000,1000,16.3 (17614.4.6.11.6),993,962,947,1000,972,1000,972,995,986,992,937,980,982,1000,1000
2023-03-16,111.0.5563.64,987,995,996,1000,974,1000,999,995,982,983,948,176,972,1000,971,111.0,993,977,903,916,956,970,511,983,929,936,927,856,991,1000,1000,16.3 (17614.4.6.11.6),993,962,947,1000,972,1000,972,995,986,992,937,980,982,1000,1000
2023-03-17,111.0.5563.64,987,995,996,1000,974,1000,999,995,982,988,948,176,972,1000,971,111.0,993,977,903,916,956,970,511,983,929,936,928,856,991,1000,1000,16.3 (17614.4.6.11.6),993,962,947,1000,972,1000,972,995,986,992,932,980,982,1000,1000
2023-03-18,111.0.5563.64,987,995,996,1000,974,1000,999,995,982,988,948,176,972,1000,971,111.0,993,977,903,916,956,970,511,983,940,936,927,856,991,1000,1000,16.3 (17614.4.6.11.6),993,962,947,1000,972,1000,972,995,974,992,927,980,982,1000,1000
2023-03-19,111.0.5563.64,987,995,996,1000,974,1000,999,995,982,988,948,176,972,1000,971,111.0,993,977,903,916,956,970,511,983,929,936,928,856,991,1000,1000,16.3 (17614.4.6.11.6),993,962,947,1000,972,1000,972,995,963,987,929,980,982,1000,1000
2023-03-20,111.0.5563.64,987,995,996,1000,974,1000,999,995,982,988,948,176,972,1000,971,111.0,993,977,903,916,956,970,511,983,929,936,928,856,991,1000,1000,16.3 (17614.4.6.11.6),993,962,947,1000,972,1000,972,995,986,992,927,980,982,1000,1000
2023-03-21,111.0.5563.64,987,995,996,1000,974,1000,999,995,982,988,948,176,972,1000,971,111.0,993,977,903,916,956,970,511,983,929,936,927,856,991,1000,1000,16.3 (17614.4.6.11.6),993,962,947,1000,972,1000,971,995,963,987,932,980,982,1000,1000
2023-03-22,111.0.5563.110,987,995,996,1000,974,1000,999,995,982,993,948,176,972,1000,971,111.0.1,993,977,903,916,956,970,511,983,929,941,928,856,991,1000,1000,16.3 (17614.4.6.11.6),993,962,947,1000,972,1000,971,995,963,992,937,980,982,1000,1000
2023-03-23,111.0.5563.110,987,995,996,1000,974,1000,999,995,982,993,948,176,972,1000,971,111.0.1,993,977,903,916,956,970,511,983,929,941,927,856,991,1000,1000,16.3 (17614.4.6.11.6),993,962,947,1000,972,1000,971,995,974,997,937,980,982,1000,1000
2023-03-24,111.0.5563.110,987,995,996,1000,974,1000,997,995,982,993,948,176,972,1000,971,111.0.1,993,977,903,916,962,970,511,983,929,936,928,856,991,1000,1000,16.3 (17614.4.6.11.6),993,962,947,1000,972,1000,969,995,974,997,937,980,982,1000,1000
2023-03-25,111.0.5563.110,987,995,996,1000,974,1000,997,995,982,988,948,176,972,1000,971,111.0.1,993,977,903,916,962,970,511,983,929,941,927,856,991,1000,1000,16.3 (17614.4.6.11.6),993,962,947,1000,972,1000,969,995,986,997,937,980,982,1000,1000
2023-03-26,111.0.5563.110,987,995,996,1000,974,1000,997,995,982,993,948,176,972,1000,971,111.0.1,993,977,903,916,962,970,511,983,929,941,928,856,991,1000,1000,16.3 (17614.4.6.11.6),993,962,947,1000,972,1000,969,995,986,997,932,980,982,1000,1000
2023-03-27,111.0.5563.110,987,995,996,1000,974,1000,997,995,982,993,948,176,972,1000,971,111.0.1,993,977,903,916,962,970,511,983,929,941,927,856,991,1000,1000,16.3 (17614.4.6.11.6),993,962,947,1000,972,1000,969,995,974,997,932,980,982,1000,1000
2023-03-28,111.0.5563.146,987,995,996,1000,974,1000,997,995,982,993,948,176,972,1000,971,111.0.1,993,977,903,916,962,970,511,983,929,941,928,849,991,1000,1000,16.4 (17615.1.26.101.9),993,961,948,1000,980,1000,994,1000,986,999,947,1000,982,1000,1000
2023-03-30,111.0.5563.146,987,995,996,1000,974,1000,997,995,982,993,948,176,972,1000,971,111.0.1,993,977,903,916,962,970,511,983,929,941,928,849,991,1000,1000,16.4 (17615.1.26.101.9),993,961,948,1000,980,1000,994,1000,986,999,937,1000,982,1000,1000
2023-03-31,111.0.5563.146,987,995,996,1000,974,1000,997,995,982,993,948,176,972,1000,971,111.0.1,993,977,903,916,962,970,511,983,940,941,928,849,991,1000,1000,16.4 (17615.1.26.101.9),993,961,948,1000,980,1000,994,1000,986,999,947,1000,982,1000,1000
2023-04-01,111.0.5563.146,987,995,996,1000,974,1000,997,995,982,993,948,176,972,1000,971,111.0.1,993,977,903,916,962,970,511,983,929,941,928,849,991,1000,1000,16.4 (17615.1.26.101.9),993,960,948,1000,980,1000,994,1000,986,999,947,1000,982,1000,1000
2023-04-02,111.0.5563.146,987,994,996,1000,974,1000,997,995,982,993,948,176,972,1000,971,111.0.1,993,977,903,916,962,970,511,983,929,941,927,849,991,1000,1000,16.4 (17615.1.26.101.9),993,961,948,1000,980,1000,994,1000,986,999,942,1000,982,1000,1000
2023-04-04,111.0.5563.146,987,994,996,1000,974,1000,997,995,982,993,948,176,972,1000,971,111.0.1,993,977,903,916,962,970,511,983,929,941,928,849,991,1000,1000,16.4 (17615.1.26.101.9),993,962,948,1000,980,1000,994,1000,986,999,937,1000,982,1000,1000
2023-04-05,112.0.5615.49,987,994,996,1000,974,1000,997,995,994,993,948,176,972,1000,971,111.0.1,993,977,903,916,962,970,511,983,929,941,927,849,991,1000,1000,16.4 (17615.1.26.101.9),993,962,948,1000,980,1000,994,1000,986,999,942,1000,982,1000,1000
2023-04-07,112.0.5615.49,987,994,996,1000,974,1000,997,995,994,993,948,176,972,1000,971,111.0.1,993,977,903,916,962,970,511,983,929,941,928,849,991,1000,1000,16.4 (17615.1.26.101.9),993,961,948,1000,980,1000,994,1000,986,999,947,1000,982,1000,1000
2023-04-08,112.0.5615.49,987,994,996,1000,974,1000,997,995,994,993,948,176,972,1000,971,111.0.1,993,977,903,916,962,970,511,983,940,941,928,849,991,1000,1000,16.4.1 (17615.1.26.101.10),993,961,948,1000,980,1000,994,1000,986,999,942,1000,982,1000,1000
