date,chrome-version,chrome-interop-2021-aspect-ratio,chrome-interop-2021-position-sticky,chrome-interop-2022-cascade,chrome-interop-2022-dialog,chrome-interop-2022-text,chrome-interop-2022-viewport,chrome-interop-2022-webcompat,chrome-interop-2023-cssborderimage,chrome-interop-2023-color,chrome-interop-2023-container,chrome-interop-2023-contain,chrome-interop-2023-pseudos,chrome-interop-2023-property,chrome-interop-2023-flexbox,chrome-interop-2023-fonts,chrome-interop-2023-forms,chrome-interop-2023-grid,chrome-interop-2023-has,chrome-interop-2023-inert,chrome-interop-2023-cssmasking,chrome-interop-2023-mathfunctions,chrome-interop-2023-mediaqueries,chrome-interop-2023-modules,chrome-interop-2023-motion,chrome-interop-2023-offscreencanvas,chrome-interop-2023-events,chrome-interop-2022-scrolling,chrome-interop-2022-subgrid,chrome-interop-2021-transforms,chrome-interop-2023-url,chrome-interop-2023-webcodecs,chrome-interop-2023-webcomponents,chrome-interop-2023-webcompat,firefox-version,firefox-interop-2021-aspect-ratio,firefox-interop-2021-position-sticky,firefox-interop-2022-cascade,firefox-interop-2022-dialog,firefox-interop-2022-text,firefox-interop-2022-viewport,firefox-interop-2022-webcompat,firefox-interop-2023-cssborderimage,firefox-interop-2023-color,firefox-interop-2023-container,firefox-interop-2023-contain,firefox-interop-2023-pseudos,firefox-interop-2023-property,firefox-interop-2023-flexbox,firefox-interop-2023-fonts,firefox-interop-2023-forms,firefox-interop-2023-grid,firefox-interop-2023-has,firefox-interop-2023-inert,firefox-interop-2023-cssmasking,firefox-interop-2023-mathfunctions,firefox-interop-2023-mediaqueries,firefox-interop-2023-modules,firefox-interop-2023-motion,firefox-interop-2023-offscreencanvas,firefox-interop-2023-events,firefox-interop-2022-scrolling,firefox-interop-2022-subgrid,firefox-interop-2021-transforms,firefox-interop-2023-url,firefox-interop-2023-webcodecs,firefox-interop-2023-webcomponents,firefox-interop-2023-webcompat,safari-version,safari-interop-2021-aspect-ratio,safari-interop-2021-position-sticky,safari-interop-2022-cascade,safari-interop-2022-dialog,safari-interop-2022-text,safari-interop-2022-viewport,safari-interop-2022-webcompat,safari-interop-2023-cssborderimage,safari-interop-2023-color,safari-interop-2023-container,safari-interop-2023-contain,safari-interop-2023-pseudos,safari-interop-2023-property,safari-interop-2023-flexbox,safari-interop-2023-fonts,safari-interop-2023-forms,safari-interop-2023-grid,safari-interop-2023-has,safari-interop-2023-inert,safari-interop-2023-cssmasking,safari-interop-2023-mathfunctions,safari-interop-2023-mediaqueries,safari-interop-2023-modules,safari-interop-2023-motion,safari-interop-2023-offscreencanvas,safari-interop-2023-events,safari-interop-2022-scrolling,safari-interop-2022-subgrid,safari-interop-2021-transforms,safari-interop-2023-url,safari-interop-2023-webcodecs,safari-interop-2023-webcomponents,safari-interop-2023-webcompat,interop-version,interop-interop-2021-aspect-ratio,interop-interop-2021-position-sticky,interop-interop-2022-cascade,interop-interop-2022-dialog,interop-interop-2022-text,interop-interop-2022-viewport,interop-interop-2022-webcompat,interop-interop-2023-cssborderimage,interop-interop-2023-color,interop-interop-2023-container,interop-interop-2023-contain,interop-interop-2023-pseudos,interop-interop-2023-property,interop-interop-2023-flexbox,interop-interop-2023-fonts,interop-interop-2023-forms,interop-interop-2023-grid,interop-interop-2023-has,interop-interop-2023-inert,interop-interop-2023-cssmasking,interop-interop-2023-mathfunctions,interop-interop-2023-mediaqueries,interop-interop-2023-modules,interop-interop-2023-motion,interop-interop-2023-offscreencanvas,interop-interop-2023-events,interop-interop-2022-scrolling,interop-interop-2022-subgrid,interop-interop-2021-transforms,interop-interop-2023-url,interop-interop-2023-webcodecs,interop-interop-2023-webcomponents,interop-interop-2023-webcompat
2023-01-01,110.0.5478.4 dev,987,1000,789,1000,999,1000,970,839,951,941,950,222,882,994,980,892,994,868,1000,650,352,948,993,645,982,676,948,176,973,812,920,926,462,110.0a1,993,892,759,943,990,1000,1000,909,507,884,808,271,40,963,981,942,880,245,973,873,621,876,613,714,899,863,918,856,956,776,13,933,520,160 preview,1000,1000,789,1000,982,1000,1000,827,957,819,729,426,40,935,909,862,906,770,776,829,805,875,866,728,1,497,957,980,973,947,325,795,545,-,980,892,962,943,972,1000,970,790,502,792,721,391,40,923,889,810,825,282,750,575,349,855,613,700,1,378,887,137,921,796,13,720,349
2023-01-02,110.0.5478.4 dev,987,1000,789,1000,999,1000,970,839,951,938,950,233,882,994,980,892,994,868,1000,650,352,948,975,645,982,676,948,176,973,812,920,926,462,110.0a1,993,892,759,943,990,1000,1000,909,507,882,808,282,40,963,981,942,880,245,973,873,621,876,613,714,899,863,918,856,956,774,13,933,520,160 preview,1000,1000,789,1000,982,1000,1000,827,957,817,731,491,40,935,909,862,906,770,776,829,805,875,866,728,1,497,957,980,973,946,325,795,545,-,980,892,962,943,972,1000,970,790,502,790,722,337,40,923,889,810,825,282,750,575,349,855,613,700,1,378,887,137,921,795,13,720,349
2023-01-03,110.0.5478.4 dev,987,1000,789,1000,999,1000,970,839,951,937,950,233,882,994,980,892,994,868,1000,650,352,948,993,645,982,676,948,176,973,812,920,926,457,110.0a1,993,892,759,943,990,1000,1000,909,507,881,808,282,40,963,981,942,880,245,973,873,621,876,613,714,899,863,918,856,956,774,13,933,520,160 preview,1000,1000,789,1000,982,1000,1000,827,957,818,729,491,40,935,909,862,906,770,776,829,805,875,866,728,1,497,957,980,973,946,325,795,545,-,980,892,962,943,972,1000,970,790,502,791,721,337,40,923,889,810,825,282,750,575,349,855,613,700,1,378,887,137,921,795,13,720,342
2023-01-04,110.0.5478.4 dev,987,1000,789,1000,999,1000,970,839,951,937,950,233,892,994,980,892,994,868,1000,650,352,948,975,645,982,676,948,176,973,812,920,937,457,110.0a1,993,892,759,943,990,1000,1000,909,507,881,808,282,45,963,981,942,880,245,973,873,621,876,613,714,899,842,918,856,956,774,13,933,516,160 preview,1000,1000,789,1000,982,1000,1000,827,957,818,731,491,45,935,909,862,906,770,776,829,805,875,866,728,1,500,957,980,973,946,325,795,545,-,980,892,962,943,972,1000,970,790,502,791,722,337,45,923,889,810,825,282,750,575,349,855,613,700,1,380,887,137,921,795,13,731,342
2023-01-05,110.0.5481.24 dev,987,1000,789,1000,999,1000,970,839,960,937,951,233,892,994,980,892,994,868,1000,650,352,948,975,645,982,676,948,176,973,812,927,926,457,110.0a1,993,892,759,943,990,1000,1000,909,507,881,808,282,45,963,981,942,880,245,973,873,621,876,613,714,899,842,918,856,956,774,13,933,516,160 preview,1000,1000,789,1000,982,1000,1000,827,957,818,731,491,45,935,909,862,906,770,776,829,805,875,866,728,1,500,957,980,973,946,330,795,545,-,980,892,962,943,972,1000,970,790,502,791,722,337,45,923,889,810,825,282,750,575,349,855,613,700,1,380,887,137,921,795,13,720,342
2023-01-06,110.0.5481.24 dev,987,1000,789,1000,999,1000,970,839,960,937,951,233,892,994,980,892,994,868,1000,650,352,948,993,645,982,676,948,176,973,812,927,926,457,110.0a1,993,892,759,943,990,1000,1000,909,507,881,808,282,45,963,981,942,880,245,973,873,621,876,613,714,899,863,918,856,956,774,13,933,520,160 preview,1000,1000,789,1000,982,1000,1000,827,957,818,731,491,45,935,909,862,906,770,776,829,805,875,866,728,1,500,957,980,973,946,330,795,545,-,980,892,962,943,972,1000,970,790,502,791,722,337,45,923,889,810,825,282,750,575,349,855,613,700,1,380,887,137,921,795,13,720,342
2023-01-07,110.0.5481.24 dev,987,1000,789,1000,999,1000,970,839,960,937,951,233,892,994,980,892,994,868,1000,650,352,948,993,645,982,676,948,176,973,812,927,926,457,110.0a1,993,892,759,943,990,1000,1000,909,507,881,808,282,45,963,981,942,880,245,973,873,621,876,613,714,899,863,918,856,956,774,13,933,520,160 preview,1000,1000,789,1000,982,1000,1000,827,957,818,731,491,45,935,909,862,906,770,776,829,805,875,866,728,1,500,957,980,973,946,330,795,545,-,980,892,962,943,972,1000,970,790,502,791,722,337,45,923,889,810,825,282,750,575,349,855,613,700,1,380,887,137,921,795,13,720,342
2023-01-08,110.0.5481.24 dev,987,1000,789,1000,999,1000,970,839,960,937,951,233,892,994,980,892,994,868,1000,650,352,948,993,645,982,676,948,176,973,812,927,937,457,110.0a1,993,892,759,943,990,1000,1000,909,507,881,808,282,45,963,981,942,880,245,973,873,621,876,613,714,899,863,918,856,956,774,13,933,520,160 preview,1000,1000,789,1000,982,1000,1000,827,957,818,731,491,45,935,909,862,906,770,776,829,805,875,866,728,1,500,957,980,973,946,330,795,545,-,980,892,962,943,972,1000,970,790,502,791,722,337,45,923,889,810,825,282,750,575,349,855,613,700,1,380,887,137,921,795,13,731,342
2023-01-09,110.0.5481.24 dev,987,1000,789,1000,999,1000,970,839,960,937,951,244,892,994,980,892,994,868,1000,650,352,948,984,645,982,676,948,176,973,812,927,926,457,110.0a1,993,892,759,943,990,1000,1000,909,507,881,808,293,45,963,981,942,880,245,973,873,621,876,613,714,899,863,918,856,956,774,13,933,520,160 preview,1000,1000,789,1000,982,1000,1000,827,957,818,731,513,45,935,909,862,906,770,776,829,805,875,866,728,1,500,959,980,973,946,330,795,545,-,980,892,962,943,972,1000,970,790,502,791,722,331,45,923,889,810,825,282,750,575,349,855,613,700,1,380,887,137,921,795,13,720,342
2023-01-10,110.0.5481.24 dev,987,1000,789,1000,999,1000,970,839,960,937,951,244,892,994,980,892,994,868,1000,650,352,948,987,645,982,676,948,176,973,812,927,937,457,110.0a1,993,916,759,943,990,1000,1000,909,507,881,808,293,45,963,981,942,880,245,973,873,621,876,613,714,899,863,918,856,956,774,13,933,520,160 preview,1000,1000,789,1000,982,1000,1000,827,957,818,731,545,45,935,909,862,906,770,776,829,805,875,866,728,1,500,947,980,973,946,330,795,545,-,980,916,962,943,972,1000,970,790,502,791,722,293,45,923,889,810,825,282,750,575,349,855,613,700,1,380,877,137,921,795,13,731,342
2023-01-11,110.0.5481.30 dev,987,1000,789,1000,999,1000,970,839,960,937,953,259,884,994,980,892,994,868,1000,650,352,948,993,645,982,676,948,176,973,812,927,926,457,110.0a1,993,916,759,943,990,1000,1000,909,507,881,810,315,45,963,981,942,880,245,973,876,621,876,613,714,899,863,918,856,956,774,13,933,520,160 preview,1000,1000,789,1000,982,1000,1000,827,957,818,733,577,45,935,909,862,906,770,776,829,805,875,866,728,1,500,956,980,973,946,330,795,545,-,980,916,962,943,972,1000,970,790,502,791,723,301,45,923,889,810,825,282,750,578,349,855,613,700,1,380,887,137,921,795,13,720,342
2023-01-12,110.0.5481.30 dev,987,1000,789,1000,999,1000,969,839,960,937,953,259,884,994,980,892,994,868,1000,650,352,948,975,645,982,676,948,176,973,812,927,926,457,110.0a1,993,916,759,943,990,1000,1000,909,507,881,810,315,45,963,981,942,880,245,973,873,621,876,613,714,899,863,908,856,956,774,13,933,520,160 preview,1000,1000,789,1000,982,1000,1000,827,957,818,733,577,45,935,909,862,906,770,776,829,805,875,866,728,1,500,957,980,973,946,330,795,545,-,980,916,962,943,972,1000,969,790,502,791,723,301,45,923,889,810,825,282,750,575,349,855,613,700,1,380,887,137,921,795,13,720,342
2023-01-13,111.0.5532.2 dev,987,1000,789,1000,999,1000,969,839,979,944,956,598,884,994,980,892,994,868,1000,650,572,990,993,645,982,654,948,176,973,812,927,937,486,110.0a1,993,916,759,943,990,1000,1000,909,507,881,810,315,45,963,981,942,880,245,973,873,621,876,613,714,899,863,918,856,956,774,13,933,520,161 preview,993,1000,789,1000,982,1000,1000,827,957,819,733,599,832,936,925,862,905,807,815,829,805,875,866,728,960,500,957,980,980,946,570,795,545,-,974,916,962,943,972,1000,969,790,502,791,725,307,45,925,904,810,825,282,789,575,520,855,613,700,889,358,887,137,928,795,13,731,351
2023-01-14,111.0.5532.2 dev,987,1000,789,1000,999,1000,969,839,979,944,958,609,884,994,980,892,994,947,1000,650,572,990,993,645,982,654,948,176,973,812,927,926,486,110.0a1,993,916,759,954,990,1000,1000,909,507,881,825,315,45,963,981,942,880,245,973,873,621,876,613,714,899,863,918,856,956,774,13,933,520,161 preview,993,1000,789,1000,982,1000,1000,827,957,819,735,610,833,936,925,862,906,938,815,829,805,875,866,728,960,500,952,980,980,946,570,781,545,-,974,916,962,954,972,1000,969,790,502,791,716,302,45,925,904,810,825,245,789,575,520,855,613,700,889,358,882,137,928,795,13,706,351
2023-01-15,111.0.5532.2 dev,987,1000,789,1000,999,1000,969,839,979,944,958,609,884,994,980,892,994,947,1000,650,572,990,975,645,982,654,948,176,973,812,927,926,486,110.0a1,993,916,759,943,990,1000,1000,909,507,881,825,315,45,963,981,942,880,245,973,873,621,876,613,714,899,863,918,856,956,774,13,933,520,161 preview,993,1000,789,1000,982,1000,1000,827,957,819,735,610,833,936,925,862,906,938,815,829,805,875,866,728,960,500,957,980,980,946,570,795,545,-,974,916,962,943,972,1000,969,790,502,791,716,302,45,925,904,810,825,245,789,575,520,855,613,700,889,358,887,137,928,795,13,720,351
2023-01-16,111.0.5532.2 dev,987,1000,789,1000,999,1000,969,839,979,944,958,609,884,994,980,892,994,947,1000,650,572,969,993,645,982,654,948,176,973,812,927,926,497,110.0a1,993,916,759,943,990,1000,1000,909,507,881,825,315,45,963,981,942,880,245,973,873,621,896,613,714,899,863,918,856,956,774,13,933,531,161 preview,993,1000,789,1000,982,1000,1000,827,957,819,734,610,833,936,925,862,906,938,815,829,805,896,866,728,960,500,957,980,980,946,570,781,557,-,974,916,962,943,972,1000,969,790,502,791,715,302,45,924,904,810,825,245,789,575,520,855,613,700,889,358,887,137,928,795,13,706,360
2023-01-17,111.0.5532.2 dev,987,1000,789,1000,999,1000,969,839,979,944,958,631,884,994,962,892,994,947,1000,650,572,969,993,645,982,654,948,176,973,812,927,937,497,111.0a1,993,916,759,954,990,1000,1000,909,507,881,825,315,45,963,1000,942,880,245,973,873,621,896,613,714,899,863,918,856,956,762,13,933,531,161 preview,993,1000,789,1000,982,1000,1000,827,957,836,735,632,833,936,906,862,906,938,815,827,805,896,866,728,960,500,957,980,980,946,570,795,557,-,974,916,962,954,972,1000,969,790,502,778,716,293,45,925,904,809,825,245,789,575,520,855,613,700,889,358,887,137,928,782,13,731,360
2023-01-18,111.0.5532.2 dev,987,1000,789,1000,999,1000,969,839,979,944,958,631,884,994,962,892,994,947,1000,650,572,969,984,645,982,654,948,176,973,812,923,937,497,111.0a1,993,916,759,943,990,1000,1000,909,507,881,825,315,45,963,1000,942,880,245,973,873,621,896,613,714,899,863,918,856,956,762,13,933,531,161 preview,993,1000,789,1000,982,1000,1000,827,957,836,735,632,833,936,906,862,906,938,815,829,805,896,866,728,960,500,957,980,980,946,566,795,557,-,974,916,962,943,972,1000,969,790,502,778,716,293,45,925,904,810,825,245,789,575,520,855,613,700,889,358,887,137,928,782,13,731,360
2023-01-19,111.0.5532.2 dev,987,1000,789,1000,999,1000,969,839,979,944,958,631,884,994,962,892,994,947,1000,650,572,969,993,645,982,654,948,176,973,812,923,926,497,111.0a1,993,916,759,943,990,1000,1000,909,507,881,825,315,45,963,1000,957,880,245,973,873,621,896,710,714,899,863,918,856,956,762,13,940,531,161 preview,993,1000,789,1000,982,1000,1000,827,957,836,735,632,833,936,906,862,906,938,815,829,805,896,866,728,960,500,957,980,980,946,568,795,557,-,974,916,962,943,972,1000,969,790,502,778,716,293,45,924,904,825,825,245,789,575,520,855,693,700,889,358,887,137,928,782,13,720,360
2023-01-20,111.0.5545.6 dev,987,1000,789,1000,999,1000,969,839,979,960,972,696,884,994,962,892,994,947,1000,650,572,969,984,645,982,654,948,176,973,812,923,915,497,111.0a1,993,916,759,943,990,1000,1000,909,507,881,827,315,45,963,1000,957,880,245,973,873,621,896,710,714,899,863,918,856,956,762,13,941,531,161 preview,993,1000,789,1000,982,1000,1000,827,957,836,737,632,833,936,906,862,906,938,815,829,805,896,866,728,960,500,957,980,980,946,568,781,557,-,974,916,962,943,972,1000,969,790,502,778,717,293,45,925,904,825,825,245,789,575,520,855,693,700,889,358,887,137,928,782,13,696,360
2023-01-21,111.0.5545.6 dev,987,1000,789,1000,999,1000,969,839,979,960,972,696,884,994,962,892,994,947,1000,650,572,969,993,645,982,654,948,176,973,812,923,926,497,111.0a1,993,916,759,943,990,1000,1000,909,507,881,827,315,45,963,1000,957,880,245,973,876,621,896,710,714,899,863,918,856,956,762,13,941,531,161 preview,993,1000,789,1000,982,1000,1000,827,957,836,737,632,833,936,906,862,906,938,815,829,805,896,866,728,960,500,957,980,980,946,568,795,557,-,974,916,962,943,972,1000,969,790,502,778,717,293,45,925,904,825,825,245,789,578,520,855,693,700,889,358,887,137,928,782,13,721,360
2023-01-22,111.0.5545.6 dev,987,1000,789,1000,999,1000,969,839,979,960,972,696,882,994,962,892,994,947,1000,650,572,969,993,645,982,654,948,176,973,812,923,937,497,111.0a1,993,916,759,943,990,1000,1000,909,507,881,827,315,45,963,1000,957,880,245,973,873,621,896,710,714,899,863,918,856,956,762,13,941,531,161 preview,993,1000,789,1000,982,1000,1000,827,957,836,737,632,830,936,906,862,906,938,815,829,805,896,866,728,960,500,956,980,980,946,568,795,557,-,974,916,962,943,972,1000,969,790,502,778,717,293,45,925,904,825,825,245,789,575,520,855,693,700,889,358,887,137,928,782,13,732,360
2023-01-23,111.0.5545.6 dev,987,1000,789,1000,999,1000,969,839,979,960,972,696,882,994,962,892,994,947,1000,650,572,969,975,645,982,654,948,176,973,811,923,937,497,111.0a1,993,916,759,943,990,1000,1000,909,507,881,827,315,45,963,1000,957,880,245,973,873,621,896,710,714,899,863,918,856,956,762,13,941,531,161 preview,993,1000,789,1000,982,1000,1000,827,957,836,736,632,830,936,906,862,906,938,815,829,805,896,866,728,960,500,947,980,979,946,568,795,557,-,974,916,962,943,972,1000,969,790,501,778,716,293,45,924,904,825,825,245,789,575,520,855,693,700,889,358,877,137,926,782,13,732,360
2023-01-24,111.0.5545.6 dev,987,1000,789,1000,999,1000,969,839,979,960,972,696,882,994,962,892,994,947,1000,650,572,969,975,645,982,654,948,176,973,838,923,915,497,111.0a1,993,916,759,943,990,1000,1000,909,507,881,827,315,45,963,1000,957,880,245,973,873,621,896,710,714,899,863,918,856,956,802,13,941,531,161 preview,993,1000,789,1000,982,1000,1000,827,957,836,737,632,830,936,906,862,906,938,815,829,805,896,866,728,960,500,957,980,980,986,568,781,557,-,974,916,962,943,972,1000,969,790,501,778,717,293,45,925,904,825,825,245,789,575,520,855,693,700,889,358,887,137,928,777,13,696,360
2023-01-25,111.0.5545.6 dev,987,1000,789,1000,999,1000,969,839,979,960,972,696,882,994,962,892,994,947,1000,650,572,969,984,645,982,654,948,176,973,838,923,915,497,111.0a1,993,916,759,943,990,1000,1000,909,507,881,827,315,48,963,1000,957,880,245,973,873,621,896,710,714,899,863,918,856,956,827,13,941,542,162 preview,993,1000,789,1000,982,1000,1000,827,957,836,737,643,826,936,906,862,906,938,815,827,805,896,866,728,960,497,957,980,980,986,568,926,568,-,974,916,962,943,972,1000,969,790,501,778,717,308,48,925,904,825,825,245,789,575,520,855,693,700,889,355,887,137,928,802,13,840,354
2023-01-26,111.0.5545.6 dev,987,1000,789,1000,999,1000,969,839,979,960,972,696,882,994,962,892,994,947,1000,650,574,969,993,645,982,654,948,176,973,837,923,937,520,111.0a1,993,916,759,943,990,1000,1000,909,507,882,827,315,48,963,1000,957,880,245,973,873,622,896,710,714,899,863,918,856,956,801,13,942,542,162 preview,993,1000,789,1000,982,1000,1000,827,957,836,737,643,826,936,906,862,906,938,815,827,858,896,866,728,960,497,947,980,980,985,568,926,590,-,974,916,962,943,972,1000,969,790,501,778,717,308,48,925,904,825,825,245,789,575,521,855,693,700,889,355,877,137,928,777,13,863,345
2023-01-27,111.0.5545.6 dev,987,1000,789,1000,999,1000,969,839,979,960,972,696,882,994,962,892,994,947,1000,650,574,969,993,645,982,654,948,176,973,837,923,937,520,111.0a1,993,916,759,943,990,1000,1000,909,507,882,827,315,48,963,1000,957,880,245,973,873,622,896,710,714,899,863,918,856,956,827,13,943,542,162 preview,993,1000,789,1000,982,1000,1000,827,957,836,737,643,826,936,906,862,906,938,815,829,860,896,866,728,960,497,957,980,980,985,568,926,590,-,974,916,962,943,972,1000,969,790,502,778,717,308,48,925,904,825,825,245,789,575,523,855,693,700,889,355,887,137,928,801,13,864,345
2023-01-28,111.0.5562.0 dev,987,1000,789,1000,999,1000,969,839,980,969,972,696,882,994,962,892,994,947,1000,650,574,969,993,645,982,654,948,176,973,837,923,937,533,111.0a1,993,916,759,943,990,1000,1000,909,507,882,827,315,48,963,1000,957,880,245,973,873,622,896,710,714,899,863,918,856,956,827,13,943,542,162 preview,993,1000,789,1000,982,1000,1000,879,957,836,737,643,826,936,906,862,906,938,815,829,860,896,866,728,960,497,952,980,980,985,568,926,590,-,974,916,962,943,972,1000,969,831,502,778,717,308,48,925,904,825,825,245,789,575,523,855,693,700,889,355,882,137,928,801,13,864,360
2023-01-29,111.0.5562.0 dev,987,1000,789,1000,999,1000,969,839,980,969,972,696,882,994,962,892,994,947,1000,650,574,969,993,645,982,654,948,176,973,837,923,937,533,111.0a1,993,916,759,943,990,1000,1000,909,507,882,827,315,48,963,1000,957,880,245,973,873,622,896,710,714,899,863,918,856,956,827,13,943,542,162 preview,993,1000,789,1000,982,1000,1000,879,957,836,737,643,826,936,906,862,906,938,815,829,860,896,866,728,960,497,942,980,980,985,568,926,590,-,974,916,962,943,972,1000,969,831,502,778,717,308,48,925,904,825,825,245,789,575,523,855,693,700,889,355,872,137,928,801,13,864,360
2023-01-30,111.0.5562.0 dev,987,1000,789,1000,999,1000,969,839,980,969,972,696,882,994,962,892,994,947,1000,650,574,969,993,645,982,654,948,176,973,837,923,937,533,111.0a1,993,916,759,943,990,1000,1000,909,507,882,827,315,48,963,1000,957,880,245,973,873,622,896,710,714,899,863,918,856,956,827,13,943,542,162 preview,993,1000,789,1000,982,1000,1000,879,957,836,737,643,826,936,906,862,906,938,815,829,860,896,866,728,960,497,952,980,980,985,568,926,590,-,974,916,962,943,972,1000,969,831,502,778,717,308,48,924,904,825,825,245,789,575,523,855,693,700,889,355,882,137,928,801,13,864,360
2023-01-31,111.0.5562.0 dev,987,1000,789,1000,999,1000,969,839,978,969,972,696,882,994,962,892,994,947,1000,650,574,969,966,645,982,654,948,176,973,837,923,937,533,111.0a1,993,916,759,943,990,1000,1000,909,507,882,827,315,48,963,1000,957,880,245,973,873,622,896,710,714,899,863,918,856,956,827,13,943,542,162 preview,993,1000,789,1000,982,1000,1000,879,955,836,736,643,826,936,906,862,906,938,815,829,860,896,866,728,960,497,957,980,980,985,568,926,590,-,974,916,962,943,972,1000,969,831,499,778,716,308,48,925,904,825,825,245,789,575,523,855,693,700,889,355,887,137,928,801,13,864,360
2023-02-01,111.0.5562.0 dev,987,1000,789,986,999,1000,969,839,978,969,972,696,882,994,962,892,994,947,1000,650,574,969,993,645,982,654,948,176,973,837,923,926,533,111.0a1,993,916,759,929,991,1000,1000,909,507,882,827,315,48,963,1000,957,880,245,973,873,622,896,710,714,899,863,918,856,956,827,13,943,542,162 preview,993,1000,789,986,982,1000,1000,879,955,836,737,643,826,936,906,862,906,938,815,827,860,896,866,728,960,497,957,980,980,985,568,926,590,-,974,916,962,929,973,1000,969,831,499,778,717,308,48,925,904,825,825,245,789,575,523,855,693,700,889,355,887,137,928,801,13,852,360
2023-02-02,111.0.5563.8 dev,987,1000,789,986,999,1000,969,839,978,969,972,696,882,994,962,892,994,947,1000,650,574,969,993,645,982,654,948,176,973,837,988,937,533,111.0a1,993,916,759,929,991,1000,1000,909,507,882,827,315,48,963,1000,957,880,245,973,873,622,896,710,714,899,863,918,856,956,827,13,943,554,162 preview,993,1000,789,986,982,1000,1000,879,955,836,737,643,826,936,906,862,906,938,815,829,860,896,866,728,960,497,957,980,980,985,582,926,602,-,974,916,962,929,973,1000,969,831,500,778,717,308,48,925,904,825,825,245,789,575,523,855,693,700,889,355,887,137,928,801,13,864,355
2023-02-03,111.0.5563.8 dev,987,1000,789,986,999,1000,969,839,978,969,972,696,885,994,962,892,994,947,1000,650,574,969,993,645,982,654,948,176,973,837,987,937,533,111.0a1,993,916,759,929,991,1000,1000,909,507,882,827,315,48,963,1000,957,880,245,973,873,622,896,710,714,899,863,918,856,956,827,13,943,554,162 preview,993,1000,789,986,982,1000,1000,879,955,836,736,643,819,936,906,862,906,938,815,829,860,896,866,728,960,497,957,980,980,985,582,926,602,-,974,916,962,929,973,1000,969,831,500,778,716,308,48,925,904,825,825,245,789,575,523,855,693,700,889,355,887,137,928,801,13,864,355
2023-02-05,111.0.5563.8 dev,987,1000,789,986,999,1000,969,839,978,969,972,696,885,994,962,892,994,947,1000,650,574,969,993,645,982,654,948,176,973,837,995,926,533,111.0a1,993,916,759,929,991,1000,1000,909,507,882,827,315,48,963,1000,957,880,245,973,873,622,896,710,714,899,863,918,856,956,827,13,943,554,162 preview,993,1000,789,986,982,1000,1000,879,955,836,736,643,819,936,906,862,906,938,815,829,860,896,866,728,960,497,947,980,980,985,588,926,602,-,974,916,962,929,973,1000,969,831,500,778,716,308,48,925,904,825,825,245,789,575,523,855,693,700,889,355,877,137,928,801,13,852,355
2023-02-06,111.0.5563.8 dev,987,1000,789,986,999,1000,969,839,978,969,972,696,885,994,962,892,994,947,1000,650,574,969,975,645,982,654,948,176,973,837,995,926,511,111.0a1,993,916,759,929,991,1000,1000,909,507,882,827,315,48,963,1000,957,880,245,973,873,622,896,710,714,899,863,918,856,956,827,13,943,577,162 preview,993,1000,789,986,982,1000,1000,879,955,836,737,643,819,936,906,862,906,938,815,829,860,896,866,728,960,497,947,980,980,985,590,926,579,-,974,916,962,929,973,1000,969,831,500,778,717,308,48,925,904,825,825,245,789,575,523,855,693,700,889,355,877,137,928,801,13,852,355
2023-02-07,111.0.5563.8 dev,987,1000,789,986,999,1000,969,839,978,969,972,696,885,994,962,892,994,947,1000,650,574,969,993,645,982,654,948,176,973,837,988,926,511,111.0a1,993,916,759,940,991,1000,1000,909,507,882,827,315,48,963,1000,957,880,245,973,873,622,896,710,714,899,863,918,856,956,827,13,943,577,162 preview,993,1000,789,986,982,1000,1000,879,955,836,735,643,819,936,906,862,906,938,815,829,860,896,866,728,960,497,957,980,980,985,584,913,579,-,974,916,962,940,973,1000,969,831,500,778,715,308,48,925,904,825,825,245,789,575,523,855,693,700,889,355,887,137,928,801,13,839,355
2023-02-08,111.0.5563.19 dev,987,1000,789,986,999,1000,969,839,978,969,972,696,885,994,962,892,994,947,1000,650,574,969,975,645,982,654,948,176,973,837,988,937,511,111.0a1,993,916,759,940,991,1000,1000,909,507,882,827,315,48,963,1000,957,880,245,973,873,622,896,710,714,899,863,918,856,956,827,13,954,577,163 preview,993,1000,789,986,982,1000,1000,879,978,836,736,686,906,936,935,862,906,939,815,829,860,999,866,728,960,431,947,980,980,987,595,760,579,-,974,916,962,940,973,1000,969,831,515,778,716,308,48,924,919,825,825,245,789,572,523,876,693,700,888,305,877,137,928,801,13,683,355
2023-02-09,111.0.5563.19 dev,987,1000,1000,986,999,1000,969,839,978,969,972,696,885,994,962,892,994,947,1000,650,574,969,993,645,982,654,948,176,973,837,988,937,511,111.0a1,993,916,970,929,991,1000,1000,909,507,882,827,315,48,963,1000,957,880,245,973,873,622,896,710,714,899,863,918,856,956,827,13,954,577,163 preview,993,1000,1000,986,982,1000,1000,879,978,836,737,686,906,936,935,862,906,939,815,831,860,999,866,728,959,431,947,980,980,987,595,760,579,-,974,916,970,929,973,1000,969,831,515,778,717,308,48,924,919,825,825,245,789,575,523,876,693,700,888,305,877,137,928,801,13,683,355
2023-02-10,112.0.5582.0 dev,987,1000,1000,1000,999,1000,969,852,981,969,972,696,885,994,962,892,994,947,1000,650,574,969,966,771,982,654,948,176,973,837,1000,949,565,111.0a1,993,916,970,929,991,1000,1000,909,507,882,827,315,48,963,1000,957,880,245,973,873,622,896,710,714,899,863,918,856,956,827,13,954,576,163 preview,993,1000,1000,986,982,1000,1000,892,978,836,737,686,906,936,935,862,906,939,815,829,860,999,866,728,959,431,947,980,980,987,595,760,580,-,974,916,970,929,973,1000,969,844,515,778,717,308,48,924,919,825,825,245,789,575,523,876,693,833,888,305,877,137,928,801,13,694,414
2023-02-11,112.0.5582.0 dev,987,1000,1000,1000,999,1000,969,852,981,969,972,696,885,994,962,892,994,947,1000,650,574,969,993,771,982,654,948,176,973,837,1000,937,565,111.0a1,993,916,970,929,991,1000,1000,909,507,882,827,315,48,963,1000,957,880,245,973,873,622,896,710,714,899,863,920,856,956,827,13,954,576,163 preview,993,1000,1000,986,982,1000,1000,892,978,836,737,686,906,936,935,862,906,939,815,831,860,999,866,728,960,431,947,980,980,987,595,760,580,-,974,916,970,929,973,1000,969,844,515,778,717,308,48,924,919,825,825,245,789,575,523,876,693,833,888,305,877,137,928,801,13,683,414
2023-02-12,112.0.5582.0 dev,987,1000,1000,1000,999,1000,969,852,981,969,972,696,885,994,962,892,994,947,1000,650,574,969,993,771,982,654,948,176,973,837,1000,949,565,111.0a1,993,916,970,929,991,1000,1000,909,507,882,827,315,48,963,1000,957,880,245,973,873,622,896,710,714,899,863,918,856,956,827,13,954,576,163 preview,993,1000,1000,986,982,1000,1000,892,978,836,736,686,906,935,935,862,906,939,815,831,860,999,866,728,960,431,937,980,980,987,595,760,580,-,974,916,970,929,973,1000,969,844,515,778,716,308,48,923,919,825,825,245,789,575,523,876,693,833,888,305,867,137,928,801,13,694,414
2023-02-13,112.0.5582.0 dev,987,1000,1000,1000,999,1000,969,852,981,969,972,696,885,994,962,892,994,947,1000,650,574,969,993,771,982,654,948,176,973,837,1000,937,565,111.0a1,993,916,970,940,991,1000,1000,909,507,882,827,315,48,963,1000,957,880,245,973,873,622,896,710,714,899,863,918,856,956,827,13,954,576,163 preview,993,1000,1000,986,982,1000,1000,892,978,836,737,686,906,936,935,862,906,939,815,831,860,999,866,728,960,431,947,980,980,987,595,760,580,-,974,916,970,940,973,1000,969,844,515,778,717,308,48,924,919,825,825,245,789,575,523,876,693,833,888,305,877,137,928,801,13,683,414
2023-02-14,112.0.5582.0 dev,987,1000,1000,1000,999,1000,969,852,981,969,972,696,885,994,962,892,994,947,1000,650,574,969,993,771,982,654,948,176,973,837,1000,937,563,112.0a1,993,916,970,929,991,1000,1000,909,507,882,827,315,48,963,1000,957,880,245,973,873,622,896,710,714,899,863,927,856,956,827,13,954,622,163 preview,993,1000,1000,986,982,1000,1000,892,978,836,737,686,906,936,935,862,906,939,815,828,860,999,866,728,959,431,947,980,980,987,595,760,625,-,974,916,970,929,973,1000,969,844,515,778,717,308,48,924,919,825,825,245,789,572,523,876,693,833,888,305,877,137,928,801,13,683,393
2023-02-15,112.0.5582.0 dev,987,1000,1000,1000,999,1000,969,852,981,969,972,696,885,994,962,892,994,947,1000,650,574,969,975,771,982,654,948,176,973,837,1000,937,563,112.0a1,993,916,970,929,991,1000,1000,909,507,882,827,315,48,963,1000,957,880,245,973,873,622,896,770,714,899,863,928,856,956,827,13,954,622,163 preview,993,1000,1000,986,982,1000,1000,892,978,828,737,686,906,936,935,862,906,939,815,831,860,999,866,728,959,431,947,980,980,987,594,760,625,-,974,916,970,929,973,1000,969,844,515,770,717,308,48,924,919,825,825,245,789,575,523,876,740,833,888,305,877,137,928,801,13,683,393
2023-02-16,112.0.5582.0 dev,987,1000,1000,1000,999,1000,969,852,981,969,972,696,885,994,962,892,994,947,1000,650,574,969,993,771,982,654,948,176,973,837,1000,937,563,112.0a1,993,916,970,929,991,1000,1000,909,507,882,827,315,48,963,1000,957,880,245,1000,873,622,896,770,714,899,863,928,856,956,827,13,954,622,163 preview,993,1000,1000,986,982,1000,1000,892,978,836,737,686,906,936,935,862,906,939,815,831,860,999,866,728,959,431,947,980,980,987,594,760,625,-,974,916,970,929,973,1000,969,844,515,778,717,308,48,924,919,825,825,245,815,575,523,876,740,833,888,305,877,137,928,801,13,683,393
2023-02-17,112.0.5596.2 dev,987,1000,1000,1000,999,1000,969,943,981,969,972,696,885,994,962,892,994,947,1000,650,574,990,984,645,982,654,948,176,973,837,1000,937,563,112.0a1,993,916,970,929,991,1000,1000,909,507,882,827,315,48,963,1000,957,880,245,1000,873,622,896,770,714,899,863,928,856,956,826,13,954,633,163 preview,993,1000,1000,986,982,1000,1000,892,978,836,737,686,906,936,935,862,906,939,815,831,860,999,866,728,960,431,937,980,980,986,592,760,636,-,974,916,970,929,973,1000,969,927,515,778,717,308,48,924,919,825,825,245,815,575,523,896,737,700,888,305,867,137,928,801,13,683,388
2023-02-18,112.0.5596.2 dev,987,1000,1000,1000,999,1000,969,943,981,969,972,696,885,994,962,892,994,947,1000,650,574,990,993,645,982,654,948,176,973,842,1000,937,563,112.0a1,993,916,970,929,991,1000,1000,909,507,882,827,315,48,963,1000,957,880,245,1000,873,622,896,770,714,899,863,928,856,956,827,13,954,633,163 preview,993,1000,1000,986,982,1000,1000,892,978,828,737,686,906,936,935,862,906,939,815,831,860,999,866,728,959,431,947,980,980,980,594,772,636,-,974,916,970,929,973,1000,969,927,515,770,717,308,48,924,919,825,825,245,815,575,523,896,740,700,888,305,877,137,928,801,13,694,388
2023-02-19,112.0.5596.2 dev,987,1000,1000,1000,999,1000,969,943,981,969,972,696,885,994,962,892,994,947,1000,650,574,990,993,645,982,654,948,176,973,842,1000,949,563,112.0a1,993,916,970,929,991,1000,1000,909,507,882,827,315,48,963,1000,957,880,245,1000,873,622,896,770,714,899,863,928,856,956,827,13,954,633,163 preview,993,1000,1000,986,982,1000,1000,892,978,828,737,686,906,936,935,862,906,939,815,831,860,999,866,728,959,431,946,980,980,980,594,772,636,-,974,916,970,929,973,1000,969,927,515,770,717,308,48,924,919,825,825,245,815,575,523,896,740,700,888,305,876,137,928,801,13,705,388
2023-02-20,112.0.5596.2 dev,987,1000,1000,1000,999,1000,969,943,981,969,972,696,885,994,962,892,994,947,1000,650,574,990,993,645,982,654,948,176,973,842,1000,949,563,112.0a1,993,916,970,929,991,1000,1000,909,507,882,827,315,48,963,1000,957,880,245,1000,873,622,896,770,714,899,863,928,856,956,827,13,954,633,163 preview,993,1000,1000,986,982,1000,1000,892,978,828,737,686,906,935,935,862,906,939,815,831,860,999,866,728,959,431,947,980,980,980,594,772,636,-,974,916,970,929,973,1000,969,927,515,770,717,308,48,923,919,825,825,245,815,575,523,896,740,700,888,305,877,137,928,801,13,705,388
2023-02-21,112.0.5596.2 dev,987,1000,1000,1000,999,1000,969,943,981,969,972,696,885,994,962,888,994,947,1000,675,574,990,975,645,982,654,948,176,973,842,1000,926,563,112.0a1,993,916,970,929,991,1000,1000,909,507,882,827,315,48,963,1000,957,880,245,1000,884,622,896,770,714,899,863,928,856,956,827,13,954,633,163 preview,993,1000,1000,986,982,1000,1000,892,978,836,737,686,906,935,935,862,906,939,815,828,860,999,866,728,959,431,937,980,980,980,594,760,636,-,974,916,970,929,973,1000,969,927,515,778,717,308,48,923,919,821,825,245,815,600,523,896,740,700,888,305,867,137,928,801,13,671,388
2023-02-22,112.0.5596.2 dev,987,1000,1000,1000,999,1000,969,943,981,969,972,696,885,994,962,888,994,947,1000,675,574,990,993,645,982,654,948,176,973,810,1000,937,563,112.0a1,993,916,970,929,991,1000,1000,909,507,882,827,315,48,963,1000,957,880,245,1000,884,622,896,770,714,958,863,928,856,956,827,13,954,633,163 preview,993,1000,1000,986,982,1000,1000,892,978,836,737,686,906,936,935,862,906,939,815,831,860,999,866,728,959,431,947,980,980,980,594,760,636,-,974,916,970,929,973,1000,969,927,515,778,717,308,48,924,919,821,825,245,815,600,523,896,740,700,947,305,877,137,928,777,13,683,388
2023-02-23,112.0.5596.2 dev,987,1000,1000,1000,999,1000,969,943,981,969,972,783,885,994,962,888,994,947,1000,675,574,990,975,645,982,654,948,176,973,842,1000,949,563,112.0a1,993,916,970,929,991,1000,1000,909,507,882,827,315,48,965,1000,957,880,245,1000,885,622,896,770,714,958,863,928,856,956,827,13,954,632,164 preview,993,1000,1000,986,982,1000,1000,892,978,844,737,751,937,936,935,862,906,939,868,832,860,999,866,728,960,497,947,980,980,980,594,1000,639,-,974,916,970,929,973,1000,969,927,515,786,717,276,48,925,919,821,825,245,868,600,523,896,740,700,947,355,877,137,928,801,13,916,390
2023-02-24,112.0.5596.2 dev,987,1000,1000,1000,999,1000,969,943,981,969,972,783,885,994,962,888,994,947,1000,675,574,990,975,645,982,654,948,176,973,842,1000,937,563,112.0a1,993,916,970,929,991,1000,1000,909,507,882,827,315,48,965,1000,957,880,245,1000,885,622,937,770,714,958,863,928,856,956,833,13,954,610,164 preview,993,1000,1000,986,982,1000,1000,892,978,844,737,751,937,936,935,862,906,939,868,832,860,999,866,728,960,497,947,980,980,980,596,1000,640,-,974,916,970,929,973,1000,969,927,515,786,717,276,48,925,919,821,825,245,868,600,523,937,740,700,947,355,877,137,928,805,13,905,391
2023-02-25,112.0.5596.2 dev,987,1000,1000,1000,999,1000,969,943,981,969,972,783,885,994,962,888,994,947,1000,675,574,990,993,645,982,654,948,176,973,842,1000,949,563,112.0a1,993,916,970,929,991,1000,1000,909,507,882,827,315,48,965,1000,957,880,245,1000,885,622,938,770,714,958,863,928,856,956,833,13,954,610,164 preview,993,1000,1000,986,982,1000,1000,892,978,844,736,751,937,936,935,862,906,939,868,832,860,999,866,728,960,497,947,980,980,980,596,1000,640,-,974,916,970,929,973,1000,969,927,515,786,716,276,48,925,919,821,825,245,868,600,523,938,740,700,947,355,877,137,928,805,13,916,391
2023-02-27,112.0.5596.2 dev,987,1000,1000,1000,999,1000,969,943,981,969,972,783,885,994,962,888,994,947,1000,675,574,990,966,645,982,654,948,176,973,843,1000,937,563,112.0a1,993,916,970,929,991,1000,1000,909,507,882,827,315,48,965,1000,957,880,245,1000,885,622,979,770,714,960,863,928,856,956,833,13,954,632,164 preview,993,1000,1000,986,982,1000,1000,892,978,844,737,751,937,936,935,862,906,939,868,832,860,999,866,728,960,497,947,980,980,980,596,1000,640,-,974,916,970,929,973,1000,969,927,515,786,717,276,48,925,919,821,825,245,868,600,523,979,737,700,950,355,877,137,928,805,13,905,381
2023-02-28,112.0.5596.2 dev,987,1000,1000,1000,999,1000,969,943,981,969,972,783,885,994,962,888,994,947,1000,675,570,990,975,645,982,654,948,176,973,843,1000,926,563,112.0a1,993,916,970,940,991,1000,1000,909,507,882,827,315,48,965,1000,957,880,245,1000,885,618,979,770,714,960,863,928,856,956,833,13,954,655,164 preview,993,1000,1000,986,982,1000,1000,892,978,844,737,751,937,936,935,862,906,939,868,829,867,999,866,728,960,497,947,980,980,980,596,1000,640,-,974,916,970,940,973,1000,969,927,515,786,717,276,48,925,919,821,825,245,868,597,519,979,740,700,950,355,877,137,928,805,13,894,405
2023-03-01,112.0.5596.2 dev,987,1000,1000,1000,999,1000,969,943,981,969,972,783,885,994,962,888,994,947,1000,675,570,990,975,645,982,654,948,176,973,843,1000,949,562,112.0a1,993,916,970,929,991,1000,1000,909,507,882,827,315,48,965,1000,957,880,245,1000,885,618,979,770,714,960,863,928,856,956,833,13,954,655,164 preview,993,1000,1000,986,982,1000,1000,892,978,844,737,751,937,936,935,862,906,939,868,832,867,999,866,728,960,497,937,980,980,980,596,1000,639,-,974,916,970,929,973,1000,969,927,515,786,717,276,48,925,919,821,825,245,868,600,519,979,740,700,950,355,867,137,928,805,13,916,404
2023-03-02,112.0.5615.12 dev,987,1000,1000,1000,999,1000,969,943,981,969,972,783,885,994,962,888,994,947,1000,675,570,990,984,645,982,654,948,176,973,843,1000,949,634,112.0a1,993,916,970,929,991,1000,1000,909,507,882,827,695,48,965,1000,957,880,245,1000,885,618,979,770,714,960,863,928,856,956,842,13,954,655,164 preview,993,1000,1000,986,982,1000,1000,892,978,844,736,762,937,936,935,862,906,939,868,832,867,999,866,728,960,497,949,980,980,980,596,1000,639,-,974,916,970,929,973,1000,969,927,515,786,716,730,48,925,919,821,825,245,868,600,519,979,737,700,950,355,877,137,928,806,13,916,478
2023-03-03,112.0.5615.12 dev,987,1000,1000,1000,999,1000,969,942,981,969,972,783,885,994,962,892,994,947,1000,674,570,990,975,640,982,654,948,176,974,843,1000,949,634,112.0a1,993,916,970,929,991,1000,1000,906,507,882,827,695,48,965,1000,957,880,245,1000,884,618,979,770,710,960,863,928,856,956,842,13,954,655,164 preview,993,1000,1000,986,982,1000,1000,891,978,844,736,762,937,936,935,862,906,939,868,831,867,999,866,724,960,497,937,980,980,980,594,1000,639,-,974,916,970,929,973,1000,969,925,515,786,716,730,48,924,919,825,825,245,868,599,519,979,740,695,950,355,867,137,929,806,13,916,478
2023-03-04,112.0.5615.12 dev,987,1000,1000,1000,999,1000,969,943,981,969,975,783,885,994,962,892,994,947,1000,675,570,990,993,645,982,654,948,176,974,843,1000,949,634,112.0a1,993,916,970,929,991,1000,1000,909,507,882,827,695,48,965,1000,957,880,245,1000,885,618,979,770,769,960,863,927,856,957,842,13,954,655,164 preview,993,1000,1000,986,982,1000,1000,892,978,844,737,762,937,936,935,862,906,939,868,832,867,999,866,728,960,497,947,980,980,980,594,1000,639,-,974,916,970,929,973,1000,969,927,515,786,717,730,48,925,919,825,825,245,868,600,519,979,740,762,950,355,877,137,930,806,13,916,478
2023-03-05,112.0.5615.12 dev,987,1000,1000,1000,999,1000,969,943,981,969,975,783,885,994,962,892,994,947,1000,675,570,990,993,644,982,654,948,176,974,843,1000,926,634,112.0a1,993,916,970,929,991,1000,1000,909,507,882,827,695,48,965,1000,957,880,245,1000,885,618,979,770,771,960,863,928,856,957,842,13,954,655,164 preview,993,1000,1000,986,982,1000,1000,892,978,844,736,762,937,936,935,862,906,939,868,829,867,999,866,730,960,497,942,980,980,980,596,1000,639,-,974,916,970,929,973,1000,969,927,515,786,716,730,48,925,919,825,825,245,868,600,519,979,740,764,950,355,872,137,930,806,13,894,478
2023-03-06,112.0.5615.12 dev,987,1000,1000,1000,999,1000,969,943,981,969,975,783,885,994,962,892,994,947,1000,675,570,990,975,644,982,654,948,176,974,843,1000,937,634,112.0a1,993,916,970,929,991,1000,1000,909,507,882,827,695,48,965,1000,957,880,245,1000,885,810,979,770,771,961,863,928,856,957,842,13,954,655,164 preview,993,1000,1000,986,982,1000,1000,892,978,844,737,762,937,936,935,862,906,939,868,832,867,999,866,730,960,497,947,980,980,980,596,1000,639,-,974,916,970,929,973,1000,969,927,515,786,717,730,48,925,919,825,825,245,868,600,519,979,740,764,951,355,877,137,930,806,13,905,478
2023-03-07,112.0.5615.12 dev,987,1000,1000,1000,999,1000,971,942,981,969,974,783,885,994,962,892,994,947,1000,674,570,990,984,635,982,654,948,176,974,843,1000,937,632,112.0a1,993,916,970,929,991,1000,1000,906,507,882,827,695,48,965,1000,957,880,245,1000,884,830,979,770,767,961,863,928,856,957,844,13,954,656,164 preview,993,1000,1000,986,982,1000,1000,891,978,844,736,762,937,936,935,862,906,939,868,831,816,999,866,721,960,497,946,980,980,980,596,1000,637,-,974,916,970,929,973,1000,971,925,515,786,716,730,48,924,919,825,825,245,868,599,519,979,737,755,951,355,876,137,930,806,13,905,477
2023-03-08,112.0.5615.12 dev,987,1000,1000,1000,999,1000,971,942,981,969,974,794,885,994,962,892,994,947,1000,674,570,990,993,635,982,654,948,176,974,843,1000,949,632,112.0a1,993,916,970,929,991,1000,1000,906,512,882,827,706,48,965,1000,957,880,245,1000,884,830,979,770,767,961,863,927,856,957,844,13,953,656,164 preview,993,1000,1000,986,982,1000,1000,891,978,844,735,773,937,936,935,862,906,939,868,831,816,999,866,721,960,497,946,980,980,980,596,998,637,-,974,916,970,929,973,1000,971,925,520,786,715,734,48,924,919,825,825,245,868,599,519,979,740,755,951,355,876,137,930,806,13,915,477
2023-03-09,113.0.5638.0 dev,987,1000,1000,1000,999,1000,971,943,981,969,975,794,885,994,962,892,994,1000,1000,675,570,1000,966,640,982,654,948,176,974,843,1000,949,741,112.0a1,993,916,970,929,991,1000,1000,909,512,882,827,706,48,965,1000,957,880,245,1000,885,830,979,770,772,961,863,928,856,957,844,13,953,656,165 preview,993,1000,1000,986,982,1000,1000,892,978,844,737,773,937,936,935,862,906,939,894,833,816,999,866,726,960,497,947,980,981,987,596,998,895,-,974,916,970,929,973,1000,971,927,520,786,717,734,48,925,919,825,825,245,894,600,519,979,737,761,951,355,877,137,932,806,13,915,565
2023-03-10,113.0.5638.0 dev,987,1000,1000,1000,999,1000,971,942,981,969,974,794,885,994,962,892,994,1000,1000,674,570,1000,993,635,982,654,948,176,974,843,1000,937,741,112.0a1,993,916,970,929,991,1000,1000,906,512,882,827,706,48,965,1000,957,880,245,1000,884,830,979,770,767,961,863,927,856,957,844,13,953,656,165 preview,993,1000,1000,986,982,1000,1000,891,978,844,737,773,937,936,935,862,906,939,947,832,816,999,866,721,960,497,947,980,981,987,596,998,895,-,974,916,970,929,973,1000,971,925,520,786,717,734,48,924,919,825,825,245,947,599,519,979,740,755,951,355,877,137,932,806,13,904,565
2023-03-11,113.0.5638.0 dev,987,1000,1000,1000,999,1000,971,942,981,969,974,794,885,994,962,892,994,1000,1000,674,570,1000,984,635,982,654,948,176,974,843,1000,949,741,112.0a1,993,916,970,929,991,1000,1000,906,512,882,827,706,48,965,1000,957,880,245,1000,884,830,979,770,767,961,863,928,856,957,844,13,953,656,165 preview,993,1000,1000,986,982,1000,1000,891,978,844,736,773,937,936,935,862,906,939,947,832,816,999,866,721,960,497,947,980,981,987,594,998,895,-,974,916,970,929,973,1000,971,925,520,786,716,734,48,924,919,825,825,245,947,599,519,979,737,755,951,355,877,137,932,806,13,915,565
2023-03-13,113.0.5638.0 dev,987,1000,1000,1000,999,1000,971,942,981,969,974,794,885,994,962,892,994,1000,1000,674,570,1000,966,636,982,654,948,176,974,841,1000,937,741,112.0a1,993,916,970,929,991,1000,1000,906,512,882,827,706,48,965,1000,957,880,245,1000,887,830,979,770,772,961,863,928,856,957,844,13,953,656,165 preview,993,1000,1000,986,982,1000,1000,891,978,844,737,773,937,936,935,862,906,939,947,832,816,999,866,722,960,497,947,980,981,987,594,998,895,-,974,916,970,929,973,1000,971,925,520,786,717,734,48,924,919,825,825,245,947,602,519,979,737,759,951,355,877,137,932,804,13,904,565
2023-03-14,113.0.5638.0 dev,987,1000,1000,1000,999,1000,971,942,981,969,974,794,885,994,962,892,994,1000,1000,674,570,1000,993,636,982,654,948,176,974,833,1000,937,741,113.0a1,993,916,970,929,991,1000,1000,906,512,882,827,706,48,965,1000,957,880,245,1000,884,830,979,770,772,961,863,928,856,957,814,13,953,679,165 preview,993,1000,1000,986,982,1000,1000,891,974,844,737,773,937,935,935,862,906,939,947,832,816,999,866,722,960,497,939,980,981,987,596,987,895,-,974,916,970,929,973,1000,971,925,515,786,717,734,48,924,919,825,825,245,947,599,519,979,740,759,951,355,877,137,932,775,13,893,589
2023-03-15,113.0.5638.0 dev,987,1000,1000,1000,999,1000,971,942,981,969,974,946,885,994,962,883,994,1000,1000,674,570,1000,993,636,982,654,948,176,974,833,1000,937,741,113.0a1,993,916,970,929,991,1000,1000,906,512,882,973,717,48,967,1000,953,882,245,1000,884,830,979,914,772,961,863,927,856,957,814,13,953,681,165 preview,993,1000,1000,986,982,1000,1000,891,978,844,736,882,937,936,935,849,905,939,947,829,816,999,866,722,960,497,937,980,981,987,596,998,895,-,974,916,970,929,973,1000,971,925,520,786,718,633,48,924,919,821,825,245,947,599,519,979,853,759,951,355,867,137,932,775,13,904,589
2023-03-16,113.0.5638.0 dev,987,1000,1000,1000,999,1000,971,942,981,969,974,946,885,994,962,883,994,1000,1000,674,570,1000,975,636,982,654,948,176,974,833,1000,937,741,113.0a1,993,916,970,929,991,1000,1000,906,512,882,972,956,48,967,1000,957,882,245,1000,884,830,979,914,772,961,863,928,856,957,814,13,953,681,165 preview,993,1000,1000,986,982,1000,1000,891,978,844,737,882,937,936,935,853,906,939,947,829,816,999,866,722,960,497,936,980,981,987,596,998,895,-,974,916,970,929,973,1000,971,925,520,786,719,807,48,924,919,825,825,245,947,599,519,979,853,759,951,355,876,137,932,775,13,904,589
2023-03-17,113.0.5653.0 dev,987,1000,1000,1000,999,1000,971,942,980,978,980,946,974,994,962,883,994,1000,1000,674,570,1000,984,636,982,654,948,176,980,833,1000,949,741,113.0a1,993,916,970,929,991,1000,1000,906,931,882,973,956,48,970,1000,957,882,245,1000,884,830,979,914,772,961,863,924,856,957,814,13,953,681,165 preview,993,1000,1000,986,982,1000,1000,891,978,844,737,882,937,936,935,853,906,939,947,832,816,999,866,722,960,497,932,980,981,987,596,998,895,-,974,916,970,929,973,1000,971,925,947,795,719,807,48,928,919,825,825,245,947,599,519,979,847,759,951,355,869,137,932,775,13,915,589
2023-03-18,113.0.5653.0 dev,987,1000,1000,1000,999,1000,971,942,980,978,980,946,974,994,962,883,994,1000,1000,674,570,1000,993,636,982,654,948,176,980,833,1000,937,741,113.0a1,993,916,970,929,991,1000,1000,906,931,882,973,956,48,970,1000,958,882,245,1000,884,830,979,914,772,961,863,934,856,957,814,13,953,681,165 preview,993,1000,1000,986,982,1000,1000,891,978,844,737,882,937,935,935,853,906,939,947,832,816,999,866,722,960,497,935,980,981,987,596,998,895,-,974,916,970,929,973,1000,971,925,947,795,719,807,48,927,919,825,825,245,947,599,519,979,853,759,951,355,878,137,932,775,13,904,589
2023-03-19,113.0.5653.0 dev,987,1000,1000,1000,999,1000,971,942,980,978,980,946,974,994,962,883,994,1000,1000,674,570,1000,993,636,982,654,948,176,980,833,1000,926,741,113.0a1,993,916,970,929,991,1000,1000,906,931,882,973,956,48,970,1000,958,882,245,1000,884,830,979,914,772,961,863,934,856,957,814,13,953,681,165 preview,993,1000,1000,986,982,1000,1000,891,978,844,737,882,937,936,935,853,906,939,947,832,816,999,866,722,960,497,937,980,981,987,596,987,895,-,974,916,970,929,973,1000,971,925,947,795,719,807,48,928,919,825,825,245,947,599,519,979,853,759,951,355,883,137,932,775,13,882,589
2023-03-20,113.0.5653.0 dev,987,1000,1000,1000,999,1000,971,942,980,978,980,946,974,994,962,883,994,1000,1000,677,570,1000,975,636,982,654,948,176,980,833,1000,949,741,113.0a1,993,916,970,940,991,1000,1000,906,932,882,973,956,48,970,1000,958,882,245,1000,917,830,979,914,772,961,863,934,856,957,814,13,953,681,165 preview,993,1000,1000,986,982,1000,1000,891,978,844,736,882,937,936,935,853,906,939,947,849,816,999,866,722,960,497,947,980,981,987,594,998,895,-,974,916,970,940,973,1000,971,925,948,795,718,807,48,928,919,825,825,245,947,610,519,979,853,759,951,355,883,137,932,775,13,915,589
2023-03-21,113.0.5653.0 dev,987,1000,1000,1000,999,1000,971,942,980,978,980,946,974,994,962,883,994,1000,1000,677,570,1000,984,636,982,654,948,176,980,833,1000,949,741,113.0a1,993,916,970,929,991,1000,1000,906,932,882,973,956,48,970,1000,958,882,245,1000,917,830,979,914,772,961,863,935,856,957,814,13,953,681,165 preview,993,1000,1000,986,982,1000,1000,891,978,844,737,882,937,935,935,853,905,939,947,849,816,999,866,722,960,497,937,980,981,987,594,998,895,-,974,916,970,929,973,1000,971,925,948,795,719,807,48,927,919,825,825,245,947,610,519,979,847,759,951,355,883,137,932,775,13,915,589
2023-03-22,113.0.5653.0 dev,987,1000,1000,1000,999,1000,971,942,980,978,980,946,974,994,962,887,994,1000,1000,677,570,1000,993,636,982,654,948,176,980,833,1000,949,741,113.0a1,993,916,970,940,991,1000,1000,906,932,882,973,956,48,970,1000,962,882,245,1000,917,830,979,914,772,961,863,934,856,957,814,13,953,681,165 preview,993,1000,1000,986,982,1000,1000,891,978,844,737,882,937,936,935,857,906,939,947,849,816,999,866,722,960,497,932,980,981,987,596,998,895,-,974,916,970,940,973,1000,971,925,948,795,719,807,48,928,919,826,825,245,947,610,519,979,853,759,951,355,878,137,932,775,13,915,589
2023-03-23,113.0.5653.0 dev,987,1000,1000,1000,999,1000,971,942,978,978,980,946,974,994,962,887,994,1000,1000,677,570,1000,993,636,982,654,948,176,980,833,1000,926,741,113.0a1,993,916,970,929,991,1000,1000,906,930,882,973,956,48,970,1000,964,882,245,1000,917,830,979,914,772,961,863,935,856,964,814,13,953,681,166 preview,993,1000,1000,986,982,1000,1000,891,976,844,817,882,937,936,935,853,906,939,947,849,816,999,866,722,960,497,947,980,981,992,596,988,898,-,974,916,970,929,973,1000,971,925,946,795,796,807,48,928,919,826,825,245,947,610,519,979,853,759,951,355,883,137,938,775,13,882,593
2023-03-24,113.0.5653.0 dev,987,1000,1000,1000,999,1000,971,942,978,978,980,946,974,994,962,887,994,1000,1000,677,570,999,975,636,982,654,948,176,980,833,1000,937,739,113.0a1,993,916,970,929,991,1000,1000,906,930,882,973,956,48,970,1000,964,882,245,1000,917,830,979,914,772,961,863,933,856,964,816,13,953,703,166 preview,993,1000,1000,986,982,1000,1000,891,976,844,817,882,937,935,935,857,906,939,947,846,816,999,866,722,960,497,937,980,981,981,596,1000,920,-,974,916,970,929,973,1000,971,925,946,795,796,807,48,927,919,826,825,245,947,608,519,979,853,759,951,355,882,137,938,777,13,904,576
2023-03-25,113.0.5668.0 dev,987,1000,1000,1000,999,1000,971,942,978,978,982,946,974,994,980,887,994,1000,1000,677,680,999,984,636,982,654,948,176,980,833,1000,949,739,113.0a1,993,916,970,940,991,1000,1000,906,930,882,973,956,48,970,1000,964,882,245,1000,917,830,979,914,772,961,863,934,856,964,816,13,953,703,166 preview,993,1000,1000,986,982,1000,1000,891,976,844,817,882,937,935,935,857,906,939,947,849,816,999,866,722,960,497,947,980,981,981,596,988,920,-,974,916,970,940,973,1000,971,925,946,795,798,807,48,927,919,826,825,245,947,610,519,979,847,759,951,355,883,137,938,777,13,904,576
2023-03-26,113.0.5668.0 dev,987,1000,1000,1000,999,1000,971,942,978,978,982,946,974,994,980,887,994,1000,1000,677,680,999,993,636,982,654,948,176,980,833,1000,937,739,113.0a1,993,916,970,929,991,1000,1000,906,930,882,973,956,48,970,1000,964,882,245,1000,920,830,979,914,772,961,863,934,856,964,816,13,953,703,166 preview,993,1000,1000,986,982,1000,1000,891,976,844,817,882,937,936,935,857,906,939,947,849,816,999,866,722,960,497,947,980,981,981,596,1000,920,-,974,916,970,929,973,1000,971,925,946,795,798,807,48,928,919,826,825,245,947,610,519,979,853,759,951,355,883,137,938,777,13,904,576
2023-03-27,113.0.5668.0 dev,987,1000,1000,1000,999,1000,971,942,978,978,982,946,974,994,980,887,993,1000,1000,677,680,999,966,636,982,654,948,176,980,833,1000,926,739,113.0a1,993,916,970,929,991,1000,1000,906,930,882,973,956,48,970,1000,960,882,245,1000,920,830,979,914,772,961,863,937,849,964,816,13,953,703,166 preview,993,1000,1000,986,982,1000,1000,891,976,844,817,882,937,936,935,857,905,939,947,849,816,999,866,722,960,497,947,1000,981,981,596,1000,920,-,974,916,970,929,973,1000,971,925,946,795,798,807,48,928,919,822,825,245,947,610,519,979,847,759,951,355,883,137,938,777,13,893,576
2023-03-28,113.0.5668.0 dev,987,1000,1000,1000,999,1000,971,942,978,978,982,946,974,994,980,887,993,1000,1000,677,680,999,975,636,982,654,948,176,980,834,1000,949,739,113.0a1,993,916,970,940,991,1000,1000,906,930,882,973,956,48,970,1000,964,882,245,1000,925,830,979,914,772,961,863,934,849,964,816,13,953,703,166 preview,993,1000,1000,986,982,1000,1000,891,976,844,817,882,937,936,935,857,906,939,947,854,816,999,866,722,960,497,947,1000,981,981,596,1000,920,-,974,916,970,940,973,1000,971,925,946,795,798,807,48,928,919,826,825,245,947,610,519,979,853,759,951,355,883,137,938,777,13,915,576
2023-03-29,113.0.5668.0 dev,987,1000,1000,1000,999,1000,971,994,978,978,982,946,974,994,980,887,993,1000,1000,677,680,999,993,636,982,654,948,176,980,834,1000,937,739,113.0a1,993,916,970,940,991,1000,1000,906,930,882,973,956,48,970,1000,964,882,245,1000,925,830,979,914,772,961,863,934,849,964,816,13,953,703,166 preview,993,1000,1000,986,982,1000,1000,942,976,844,817,882,937,936,935,857,906,939,947,854,816,999,866,722,960,497,937,1000,981,981,596,988,920,-,974,916,970,940,973,1000,971,877,946,795,798,807,48,928,919,826,825,245,947,610,519,979,853,759,951,355,883,137,938,777,13,893,576
2023-03-30,113.0.5672.12 dev,987,1000,1000,1000,999,1000,971,994,978,978,982,946,974,994,980,887,993,1000,1000,677,680,999,987,714,982,654,948,176,980,834,1000,937,738,113.0a1,993,916,970,940,991,1000,1000,906,930,882,973,956,48,970,1000,964,882,245,1000,939,830,979,914,772,961,863,934,849,964,816,13,953,703,166 preview,993,1000,1000,986,982,1000,1000,942,976,844,815,882,937,936,935,857,906,939,947,854,816,999,866,722,960,497,947,1000,981,981,596,1000,920,-,974,916,970,940,973,1000,971,877,946,795,796,807,48,928,919,826,825,245,947,624,519,979,850,841,951,355,883,137,938,777,13,904,576
2023-03-31,113.0.5672.12 dev,987,1000,1000,1000,999,1000,971,994,978,978,982,946,974,994,980,887,993,1000,1000,677,680,999,984,714,982,654,948,176,980,834,1000,937,738,113.0a1,993,916,970,929,991,1000,1000,906,930,882,973,956,48,970,1000,964,882,245,1000,942,830,979,914,772,961,863,934,849,964,816,13,953,703,166 preview,993,1000,1000,986,982,1000,1000,942,976,844,817,882,937,936,935,857,906,939,947,854,816,999,866,722,960,497,947,1000,981,981,596,1000,920,-,974,916,970,929,973,1000,971,877,946,795,798,807,48,928,919,826,825,245,947,627,519,979,847,841,951,355,883,137,938,777,13,904,576
2023-04-01,113.0.5672.12 dev,987,1000,1000,1000,999,1000,971,994,978,978,982,946,974,994,980,887,993,1000,1000,677,680,999,966,714,982,654,948,176,980,834,1000,926,738,113.0a1,993,916,970,929,991,1000,1000,906,930,882,973,956,48,970,1000,964,882,245,1000,942,830,979,914,772,963,863,935,849,964,816,13,953,703,166 preview,993,1000,1000,986,982,1000,1000,942,976,844,817,882,937,936,935,857,906,939,947,854,816,999,866,722,960,497,937,1000,981,981,596,1000,920,-,974,916,970,929,973,1000,971,877,946,795,798,807,48,928,919,826,825,245,947,627,519,979,847,841,952,355,883,137,938,777,13,893,576
2023-04-03,113.0.5672.12 dev,987,1000,1000,1000,999,1000,971,994,978,978,982,946,974,994,980,887,993,1000,1000,677,680,999,993,714,982,654,948,176,980,833,1000,949,738,113.0a1,993,916,970,929,991,1000,1000,906,930,882,973,956,48,970,1000,964,882,245,1000,942,830,979,914,772,963,863,934,849,964,816,13,953,703,166 preview,993,1000,1000,986,982,1000,1000,942,976,844,817,865,937,936,935,857,906,939,947,851,816,999,866,722,960,497,946,1000,981,981,596,988,920,-,974,916,970,929,973,1000,971,877,946,795,798,807,48,928,919,826,825,245,947,627,519,979,853,841,952,355,883,137,938,776,13,904,576
2023-04-04,113.0.5672.24 dev,987,1000,1000,1000,999,1000,971,994,978,978,982,946,974,994,980,887,993,1000,1000,677,680,999,993,714,982,654,948,176,980,833,1000,937,738,113.0a1,993,916,970,929,991,1000,1000,906,930,882,973,956,48,970,1000,964,882,245,1000,942,830,979,914,772,963,863,934,849,964,816,13,953,703,166 preview,993,1000,1000,986,982,1000,1000,942,976,844,817,865,937,936,935,857,904,939,947,857,816,999,866,722,960,497,947,1000,981,981,596,1000,920,-,974,916,970,929,973,1000,971,877,946,795,798,807,48,928,919,826,825,245,947,630,519,979,853,841,952,355,883,137,938,776,13,904,576
2023-04-05,113.0.5672.24 dev,987,1000,1000,1000,999,1000,971,994,978,978,982,946,974,994,980,887,993,1000,1000,677,680,999,993,714,982,654,948,176,980,833,1000,949,738,113.0a1,993,916,970,929,991,1000,1000,906,930,882,973,956,48,970,1000,964,882,245,1000,942,830,979,914,772,963,863,934,849,964,816,13,953,703,166 preview,993,1000,1000,986,982,1000,1000,942,976,844,817,865,937,936,935,857,906,939,947,857,816,999,866,722,960,497,947,1000,981,981,596,1000,920,-,974,916,970,929,973,1000,971,877,946,795,798,807,48,928,919,826,825,245,947,630,519,979,853,841,952,355,883,137,938,776,13,915,576
2023-04-06,113.0.5672.24 dev,987,1000,1000,1000,999,1000,971,994,978,978,982,946,974,994,980,887,993,1000,1000,677,680,999,993,714,982,654,948,176,980,833,1000,926,738,113.0a1,993,916,970,929,991,1000,1000,919,930,882,973,956,48,970,1000,964,882,245,1000,942,830,979,914,772,963,863,937,849,964,816,13,953,703,167 preview,993,1000,1000,986,982,1000,1000,994,978,848,817,865,937,936,935,857,906,939,947,857,816,999,866,722,960,497,947,1000,981,992,596,1000,921,-,974,916,970,929,973,1000,971,916,948,799,798,807,48,927,919,826,825,245,947,630,519,979,853,841,952,355,883,137,938,776,13,893,576
2023-04-07,114.0.5696.0 dev,987,1000,1000,1000,999,1000,971,996,978,978,988,946,975,994,980,887,994,1000,1000,677,680,1000,993,718,982,718,948,176,980,834,1000,937,765,113.0a1,993,916,970,940,991,1000,1000,919,930,882,971,956,48,970,1000,964,882,245,1000,942,830,979,914,772,963,863,934,849,964,816,13,953,703,167 preview,993,1000,1000,986,982,1000,1000,994,978,848,817,865,937,936,935,857,906,939,947,857,816,999,866,722,960,497,947,1000,981,992,596,1000,921,-,974,916,970,940,973,1000,971,917,948,799,798,807,48,927,919,826,825,245,947,630,519,979,853,841,952,355,883,137,938,777,13,904,602
2023-04-09,114.0.5696.0 dev,987,1000,1000,1000,999,1000,971,996,978,978,988,946,975,994,980,887,994,1000,1000,677,680,1000,975,718,982,718,948,176,980,834,1000,937,765,113.0a1,993,916,970,940,991,1000,1000,919,930,882,973,956,48,970,1000,960,882,245,1000,942,830,979,914,772,963,863,934,849,964,816,13,953,703,167 preview,993,1000,1000,986,982,1000,1000,994,978,848,817,865,937,936,935,857,906,939,947,857,816,999,866,722,960,497,937,1000,981,992,596,1000,921,-,974,916,970,940,973,1000,971,917,948,799,798,807,48,928,919,822,825,245,947,630,519,979,853,841,952,355,883,137,938,777,13,904,602
2023-04-10,114.0.5696.0 dev,987,1000,1000,1000,999,1000,971,996,978,978,988,946,975,994,980,887,994,1000,1000,677,680,1000,966,718,982,718,948,176,980,834,1000,949,765,113.0a1,993,916,970,940,991,1000,1000,919,930,882,973,956,48,970,1000,964,882,245,1000,942,830,979,914,772,963,863,934,849,964,816,13,953,703,167 preview,993,1000,1000,986,982,1000,1000,994,978,848,817,865,937,936,935,857,906,939,947,857,816,999,866,722,960,497,937,1000,981,992,596,1000,921,-,974,916,970,940,973,1000,971,917,948,799,798,807,48,928,919,826,825,245,947,630,519,979,847,841,952,355,883,137,938,777,13,915,602
2023-04-11,114.0.5696.0 dev,987,1000,1000,1000,999,1000,971,996,978,978,988,946,975,994,980,887,994,1000,1000,677,680,1000,969,718,982,718,948,176,980,834,1000,949,765,114.0a1,993,916,970,929,991,1000,1000,932,930,882,973,956,48,970,1000,964,882,245,1000,944,830,979,914,772,963,863,934,849,964,816,13,953,703,167 preview,993,1000,1000,986,982,1000,1000,994,978,848,817,865,937,936,935,857,906,939,947,857,816,999,866,722,960,497,937,1000,981,992,596,1000,921,-,974,916,970,929,973,1000,971,930,948,799,798,807,48,928,919,826,825,245,947,633,519,979,850,841,952,355,883,137,938,777,13,915,602
2023-04-12,114.0.5696.0 dev,987,1000,1000,1000,999,1000,971,996,978,978,988,946,975,994,980,887,994,1000,1000,677,680,1000,993,718,982,718,948,176,980,834,1000,926,765,114.0a1,993,916,970,940,991,1000,1000,932,930,882,973,956,48,970,1000,964,882,245,1000,942,830,979,914,772,963,863,934,849,964,816,13,953,703,167 preview,993,1000,1000,986,982,1000,1000,994,978,848,817,865,937,936,935,857,906,939,947,857,816,999,866,722,960,497,937,1000,981,992,596,1000,921,-,974,916,970,940,973,1000,971,930,948,799,798,807,48,928,919,826,825,245,947,630,519,979,853,841,952,355,874,137,938,777,13,893,602
2023-04-13,114.0.5696.0 dev,987,1000,1000,1000,999,1000,971,996,978,978,988,946,975,994,980,887,994,1000,1000,677,680,1000,993,718,982,718,948,176,980,834,1000,949,765,114.0a1,993,916,970,929,991,1000,1000,932,930,882,973,956,48,970,1000,964,882,245,1000,942,830,979,914,772,963,863,934,849,964,816,13,953,703,167 preview,993,1000,1000,986,982,1000,1000,994,978,848,817,865,937,936,935,857,906,939,947,854,816,999,866,722,960,497,947,1000,981,992,596,1000,921,-,974,916,970,929,973,1000,971,930,948,799,798,807,48,928,919,826,825,245,947,627,519,979,853,841,952,355,883,137,938,777,13,915,602
2023-04-14,114.0.5696.0 dev,987,1000,1000,1000,999,1000,971,996,978,978,988,946,975,994,980,887,994,1000,1000,677,680,1000,975,718,982,718,948,156,980,834,997,949,765,114.0a1,993,916,970,929,991,1000,1000,932,930,882,973,956,48,970,1000,964,882,245,1000,942,830,979,914,772,963,863,934,849,964,816,13,953,703,167 preview,993,1000,1000,986,982,1000,1000,994,978,848,817,865,937,936,935,857,906,939,947,857,816,999,866,722,960,497,937,1000,981,992,598,1000,921,-,974,916,970,929,973,1000,971,930,948,799,798,807,48,928,919,826,825,245,947,630,519,979,853,841,952,355,883,137,938,777,13,915,602
2023-04-15,114.0.5696.0 dev,987,1000,1000,1000,999,1000,971,996,978,978,988,946,975,994,980,887,994,1000,1000,677,680,1000,975,718,982,718,948,156,980,834,997,937,765,114.0a1,993,916,970,929,991,1000,1000,932,930,882,973,956,48,970,1000,964,882,245,1000,942,830,979,914,772,963,863,934,849,964,816,13,964,703,167 preview,993,1000,1000,986,982,1000,1000,994,978,848,815,865,937,936,935,857,906,939,947,857,816,999,866,722,960,497,947,1000,981,992,598,988,921,-,974,916,970,929,973,1000,971,930,948,799,797,807,48,927,919,826,825,245,947,630,519,979,853,841,952,355,883,137,938,777,13,904,602
2023-04-17,114.0.5696.0 dev,987,1000,1000,1000,999,1000,971,996,978,978,988,946,975,994,980,887,994,1000,1000,677,680,1000,975,718,982,718,939,156,980,834,997,937,765,114.0a1,993,916,970,929,991,1000,1000,932,930,882,973,956,48,970,1000,964,882,245,1000,942,830,979,914,772,963,863,934,849,964,816,13,964,703,167 preview,993,1000,1000,986,982,1000,1000,994,978,848,817,865,937,936,935,857,906,939,947,857,816,999,866,722,960,497,947,1000,981,992,598,1000,921,-,974,916,970,929,973,1000,971,930,948,799,798,807,48,928,919,826,825,245,947,630,519,979,853,841,952,355,883,137,938,777,13,915,602
2023-04-18,114.0.5696.0 dev,987,1000,1000,1000,999,1000,971,996,978,978,985,946,975,994,980,887,994,1000,1000,677,680,1000,984,718,982,718,939,156,980,834,997,937,765,114.0a1,993,916,970,929,991,1000,1000,932,930,882,971,956,48,970,1000,964,882,245,1000,942,830,979,914,772,963,863,936,849,964,816,13,964,703,167 preview,993,1000,1000,986,982,1000,1000,994,978,848,817,865,937,936,935,857,906,939,947,857,816,999,866,722,960,497,947,1000,981,992,598,1000,921,-,974,916,970,929,973,1000,971,930,948,799,798,807,48,928,919,826,825,245,947,630,519,979,847,841,952,355,883,137,938,777,13,915,602
2023-04-19,114.0.5696.0 dev,987,1000,1000,1000,999,1000,971,996,978,978,986,946,975,994,980,887,994,1000,1000,677,680,1000,993,718,982,718,939,156,980,834,997,937,765,114.0a1,993,916,970,929,991,1000,1000,932,930,882,971,956,48,970,1000,964,882,245,1000,942,830,979,914,772,963,863,935,849,964,816,13,964,704,168 preview,993,1000,1000,986,973,1000,1000,994,978,848,817,882,937,936,955,857,906,939,947,857,816,999,866,722,959,431,936,1000,981,992,598,988,921,-,974,916,970,929,964,1000,971,930,948,799,799,807,48,927,939,826,825,245,947,630,519,979,853,841,952,333,882,137,938,777,13,904,602
2023-04-20,114.0.5720.4 dev,987,1000,1000,1000,999,1000,971,996,978,980,988,946,973,994,980,922,994,1000,1000,677,774,1000,993,718,982,718,939,745,980,834,1000,937,776,114.0a1,993,916,970,940,991,1000,1000,932,930,890,971,956,48,970,1000,964,882,245,1000,942,830,979,914,772,963,863,934,849,964,816,13,964,704,168 preview,993,1000,1000,986,973,1000,1000,994,978,848,817,882,937,936,955,857,906,939,947,857,816,999,866,722,959,431,947,1000,981,992,593,1000,921,-,974,916,970,940,964,1000,971,930,948,809,799,807,48,927,939,826,825,245,947,630,593,979,853,841,952,333,883,594,938,777,13,915,614
2023-04-21,114.0.5720.4 dev,987,1000,1000,1000,999,1000,971,996,978,980,988,946,973,994,980,922,994,1000,1000,677,774,1000,975,718,982,718,939,745,980,834,1000,926,776,114.0a1,993,916,970,929,991,1000,1000,932,930,890,971,956,48,970,1000,964,882,245,1000,942,830,979,914,772,963,863,934,849,964,816,13,964,704,168 preview,993,1000,1000,986,973,1000,1000,994,978,848,817,882,937,936,955,857,906,939,947,857,816,999,866,722,959,431,947,1000,981,992,598,1000,921,-,974,916,970,929,964,1000,971,930,948,809,799,807,48,927,939,826,825,245,947,630,593,979,853,841,952,333,883,594,938,777,13,904,614
2023-04-22,114.0.5720.4 dev,987,1000,1000,1000,999,1000,971,996,978,980,988,946,973,994,980,922,994,1000,1000,677,774,1000,975,718,982,718,939,745,980,834,1000,949,776,114.0a1,993,916,970,929,991,1000,1000,932,930,890,971,956,48,970,1000,964,882,245,1000,942,830,979,914,772,963,863,934,849,964,816,13,964,704,168 preview,993,1000,1000,986,973,1000,1000,994,978,848,817,882,937,936,955,857,906,939,947,857,816,999,866,722,959,431,937,1000,981,992,598,1000,921,-,974,916,970,929,964,1000,971,930,948,809,799,807,48,927,939,826,825,245,947,630,593,979,853,841,952,333,883,594,938,777,13,927,614
2023-04-24,114.0.5720.4 dev,987,1000,1000,1000,999,1000,971,996,978,980,988,946,973,994,980,922,994,1000,1000,677,774,1000,993,718,982,718,939,745,980,834,1000,937,776,114.0a1,993,916,970,929,991,1000,1000,932,930,890,971,956,48,970,1000,964,882,245,1000,942,830,979,914,772,963,863,935,849,964,816,13,964,704,168 preview,993,1000,1000,986,973,1000,1000,994,978,848,817,882,937,936,955,857,906,939,947,857,816,999,866,722,959,431,922,1000,981,992,598,988,921,-,974,916,970,929,964,1000,971,930,948,809,799,807,48,927,939,826,825,245,947,630,593,979,853,841,952,333,869,594,938,777,13,904,614
2023-04-25,114.0.5720.4 dev,987,1000,1000,1000,999,1000,971,996,978,980,988,946,973,994,980,919,994,1000,1000,677,773,1000,984,718,982,718,939,745,980,834,1000,937,776,114.0a1,993,916,970,929,991,1000,1000,932,930,890,970,956,48,970,1000,962,882,245,1000,942,829,979,914,772,963,863,934,849,964,816,13,964,704,168 preview,993,1000,1000,986,973,1000,1000,994,978,848,817,882,937,936,955,855,906,939,947,857,768,999,866,722,959,431,942,1000,981,992,598,1000,921,-,974,916,970,929,964,1000,971,930,948,809,799,807,48,927,939,824,825,245,947,630,545,979,847,841,952,333,878,594,938,777,13,915,614
2023-04-26,114.0.5720.4 dev,987,1000,1000,1000,999,1000,971,996,978,980,988,946,973,994,980,919,994,1000,1000,677,773,1000,993,718,981,717,939,745,980,834,1000,926,776,114.0a1,993,916,970,929,991,1000,1000,932,930,890,968,956,48,970,1000,962,882,245,1000,942,829,979,914,772,963,862,937,849,964,816,13,964,704,168 preview,993,1000,1000,986,973,1000,1000,994,978,848,817,882,937,936,955,855,905,939,947,857,768,999,866,722,958,425,947,1000,981,992,598,1000,921,-,974,916,970,929,964,1000,971,930,947,809,799,807,48,927,939,824,824,245,947,630,545,979,853,841,951,332,883,594,938,777,13,904,614
2023-04-27,114.0.5735.6 dev,987,1000,1000,1000,999,1000,971,996,978,988,988,946,975,994,980,922,994,1000,1000,677,978,1000,993,718,981,717,932,745,980,834,1000,937,776,114.0a1,993,916,970,929,991,1000,1000,932,930,890,971,956,48,970,1000,962,882,245,1000,942,829,979,914,772,963,862,924,849,964,816,13,964,704,168 preview,993,1000,1000,986,973,1000,1000,994,978,848,817,882,937,936,955,855,906,939,947,854,768,999,866,722,958,425,947,1000,981,992,598,1000,921,-,974,916,970,929,964,1000,971,930,947,809,799,807,48,927,939,824,825,245,947,627,673,979,853,841,951,332,877,594,938,777,13,915,614
2023-04-28,114.0.5735.6 dev,987,1000,1000,1000,999,1000,971,996,978,990,988,946,975,994,980,922,994,1000,1000,677,978,1000,993,718,981,717,932,745,980,834,1000,949,776,114.0a1,993,916,970,929,991,1000,1000,932,930,889,970,956,48,970,1000,962,882,245,1000,942,829,979,914,772,963,862,934,849,964,816,13,964,704,168 preview,993,1000,1000,986,973,1000,1000,994,978,850,817,882,937,936,955,851,906,939,947,854,768,999,866,722,958,425,937,1000,981,992,598,1000,921,-,974,916,970,929,964,1000,971,930,947,811,799,807,48,927,939,824,825,245,947,630,673,979,853,841,951,332,877,594,938,777,13,927,614
2023-04-29,114.0.5735.6 dev,987,1000,1000,1000,999,1000,971,996,992,990,988,946,975,994,980,922,994,1000,1000,677,978,1000,984,718,981,717,932,745,980,834,1000,926,776,114.0a1,993,916,970,940,991,1000,1000,932,944,889,971,956,48,970,1000,963,882,245,1000,942,829,979,914,772,963,862,934,849,964,816,13,964,704,168 preview,993,1000,1000,986,973,1000,1000,994,987,850,816,882,937,936,955,855,906,939,1000,857,768,999,866,722,958,425,937,1000,981,992,598,1000,921,-,974,916,970,940,964,1000,971,930,943,811,798,807,48,927,939,825,825,245,1000,630,673,979,853,841,951,332,877,594,938,777,13,904,614
2023-04-30,114.0.5735.6 dev,987,1000,1000,1000,999,1000,971,996,992,990,988,946,975,994,980,922,994,1000,1000,677,978,1000,975,718,981,717,932,745,980,834,1000,926,776,114.0a1,993,916,970,940,991,1000,1000,932,944,889,971,956,48,970,1000,963,882,245,1000,942,829,979,914,772,963,862,934,849,964,816,13,964,704,168 preview,993,1000,1000,986,973,1000,1000,994,987,850,816,882,937,936,955,855,906,939,1000,857,768,999,866,722,957,425,932,1000,981,992,598,1000,921,-,974,916,970,940,964,1000,971,930,943,811,798,807,48,927,939,825,825,245,1000,630,673,979,853,841,950,332,867,594,938,777,13,904,614
2023-05-01,114.0.5735.6 dev,987,1000,1000,1000,999,1000,971,996,992,990,988,946,975,994,980,922,994,1000,1000,677,978,1000,984,718,981,717,932,745,980,834,1000,937,776,114.0a1,993,916,970,929,991,1000,1000,932,944,889,971,956,48,970,1000,963,882,245,1000,942,829,979,914,772,963,862,934,849,964,816,13,964,704,168 preview,993,1000,1000,986,973,1000,1000,994,987,850,817,882,937,936,955,855,905,939,1000,857,768,999,866,722,957,425,942,1000,981,992,598,1000,921,-,974,916,970,929,964,1000,971,930,943,811,799,807,48,927,939,825,825,245,1000,630,673,979,847,759,950,332,877,594,938,777,13,915,614
2023-05-02,114.0.5735.6 dev,987,1000,1000,1000,999,1000,971,996,992,998,988,946,975,994,980,922,994,1000,1000,677,978,1000,984,718,981,717,932,745,980,834,1000,926,776,114.0a1,993,916,970,940,991,1000,1000,932,949,897,971,956,48,970,1000,959,882,245,1000,942,829,979,914,730,963,862,934,849,964,816,13,964,704,168 preview,993,1000,1000,986,973,1000,1000,994,987,850,817,882,937,936,955,855,906,939,1000,857,768,999,866,680,957,425,942,1000,981,992,598,1000,921,-,974,916,970,940,964,1000,971,930,939,804,799,807,48,927,939,821,825,245,1000,630,673,979,847,759,950,332,877,594,938,777,13,904,614
2023-05-03,114.0.5735.6 dev,987,1000,1000,1000,999,1000,971,996,992,998,988,946,975,994,980,922,994,1000,1000,677,978,1000,993,718,981,717,932,745,980,834,1000,926,776,114.0a1,993,916,970,929,991,1000,1000,932,949,897,970,956,48,970,1000,963,882,245,1000,942,829,979,914,730,963,862,935,849,964,816,13,964,704,169 preview,993,1000,1000,986,982,1000,1000,994,987,850,817,882,937,936,955,855,906,939,1000,857,768,999,866,690,957,492,947,1000,981,992,598,1000,932,-,974,916,970,929,973,1000,971,930,939,804,799,807,48,927,939,825,825,245,1000,630,673,979,853,685,950,354,877,594,938,777,13,904,614
2023-05-04,114.0.5735.6 dev,987,1000,1000,1000,999,1000,971,996,992,998,988,946,975,994,980,922,994,1000,1000,677,978,1000,966,718,980,717,942,745,980,834,1000,949,753,114.0a1,993,916,970,940,991,1000,1000,932,949,897,971,956,48,969,1000,963,882,245,1000,942,829,979,914,730,963,862,934,849,964,816,13,964,681,169 preview,993,1000,1000,986,982,1000,1000,994,987,850,817,882,937,936,955,855,906,939,1000,857,768,999,866,690,957,492,947,1000,981,992,598,1000,956,-,974,916,970,940,973,1000,971,930,939,804,799,807,48,928,939,825,825,245,1000,630,673,979,847,685,949,354,877,594,938,777,13,927,614
2023-05-12,115.0.5762.4 dev,987,1000,1000,1000,999,1000,971,996,992,1000,997,946,1000,995,980,951,994,1000,1000,683,978,1000,972,961,982,717,942,745,980,834,1000,960,741,115.0a1,993,916,970,929,991,1000,1000,932,949,897,971,956,48,969,1000,963,882,245,1000,947,829,979,920,730,963,862,934,849,964,816,13,964,681,169 preview,993,1000,1000,986,982,1000,1000,994,987,850,817,882,937,936,955,855,906,939,1000,860,768,999,872,680,957,492,937,1000,981,992,598,1000,944,-,974,916,970,929,973,1000,971,930,939,804,799,807,48,927,939,825,825,245,1000,626,673,979,853,653,950,354,877,594,938,777,13,938,603
2023-05-13,115.0.5762.4 dev,987,1000,1000,1000,999,1000,971,996,992,1000,997,946,1000,995,980,951,994,1000,1000,683,978,1000,1000,961,984,717,942,745,980,834,1000,949,741,115.0a1,993,916,970,929,991,1000,1000,932,949,897,971,956,48,969,1000,963,882,245,1000,947,829,979,920,730,967,862,934,849,964,816,13,964,681,169 preview,993,1000,1000,986,982,1000,1000,994,987,850,816,882,937,936,955,855,906,939,1000,862,768,999,872,690,957,433,937,1000,981,992,598,1000,944,-,974,916,970,929,973,1000,971,930,939,804,798,807,48,927,939,825,825,245,1000,628,673,979,859,663,947,297,877,594,938,777,13,927,603
2023-05-14,115.0.5762.4 dev,987,1000,1000,1000,999,1000,971,996,992,1000,997,946,1000,995,980,951,994,1000,1000,683,978,1000,981,961,984,717,942,745,980,834,1000,960,741,115.0a1,993,916,970,929,991,1000,1000,932,949,897,971,956,48,969,1000,963,882,245,1000,947,829,979,920,730,967,862,934,849,964,816,13,964,681,169 preview,993,1000,1000,986,982,1000,1000,994,982,850,817,882,937,936,955,855,906,939,1000,862,768,999,872,690,957,492,922,1000,981,992,598,1000,944,-,974,916,970,929,973,1000,971,930,934,804,799,807,48,927,939,825,825,245,1000,628,673,979,859,663,947,354,867,594,938,777,13,938,603
2023-05-15,115.0.5762.4 dev,987,1000,1000,1000,999,1000,971,996,992,1000,997,946,1000,995,980,951,994,1000,1000,683,978,1000,1000,961,984,717,942,745,980,834,1000,949,741,115.0a1,993,916,970,929,991,1000,1000,932,949,897,971,956,48,969,1000,963,882,245,1000,950,829,979,920,730,967,862,934,849,964,816,13,964,681,169 preview,993,1000,1000,986,982,1000,1000,994,982,850,817,882,937,936,955,855,906,939,1000,862,768,999,872,690,957,492,937,1000,981,992,598,1000,944,-,974,916,970,929,973,1000,971,930,934,804,799,807,48,927,939,825,825,245,1000,631,673,979,859,663,947,354,877,594,938,777,13,927,603
2023-05-16,115.0.5762.4 dev,987,1000,1000,1000,999,1000,971,996,992,1000,997,946,1000,995,980,951,994,1000,1000,683,978,1000,981,961,984,717,942,745,980,834,1000,937,741,115.0a1,993,916,970,929,991,1000,1000,932,949,897,971,956,48,969,1000,963,882,245,1000,947,829,979,920,730,967,862,936,849,964,816,13,964,681,169 preview,1000,976,1000,986,1000,1000,1000,994,987,850,811,882,937,935,955,851,906,939,1000,851,768,999,870,680,946,492,947,1000,976,992,601,1000,944,-,980,892,970,929,990,1000,971,930,939,804,793,807,48,926,939,821,825,245,1000,626,673,979,857,663,937,354,877,594,933,777,13,915,603
2023-05-18,115.0.5762.4 dev,987,1000,1000,1000,999,1000,971,996,991,1000,997,946,1000,995,980,946,994,1000,1000,683,978,1000,997,958,984,717,942,745,980,834,1000,937,741,115.0a1,993,916,970,929,991,1000,1000,932,948,897,971,956,48,969,1000,963,882,245,1000,947,829,979,920,727,967,862,934,849,964,816,13,964,681,170 preview,1000,976,1000,986,1000,1000,1000,994,995,858,809,882,937,935,979,856,906,939,1000,851,871,999,872,677,946,492,947,1000,976,992,614,1000,944,-,980,892,970,929,990,1000,971,930,943,812,791,807,48,926,962,821,825,245,1000,625,775,979,859,661,937,354,877,594,933,777,13,915,603
2023-05-23,115.0.5773.4 dev,987,1000,1000,1000,999,1000,971,996,991,1000,997,946,1000,993,980,946,994,1000,1000,683,978,1000,981,980,984,717,942,823,980,834,1000,949,799,115.0a1,993,916,970,929,991,1000,1000,932,948,897,971,956,48,969,1000,963,882,245,1000,947,834,979,920,730,967,862,934,849,964,816,13,964,692,170 preview,1000,976,1000,986,1000,1000,1000,994,995,858,811,882,937,935,979,856,906,939,1000,851,871,999,872,677,946,492,937,1000,976,992,609,1000,944,-,980,892,970,929,990,1000,971,930,943,812,793,807,48,924,962,821,825,245,1000,625,776,979,859,661,937,354,877,673,933,777,13,927,582
2023-05-31,115.0.5790.3 dev,987,1000,1000,1000,999,1000,971,996,993,1000,997,946,1000,995,980,951,994,1000,1000,683,979,1000,993,941,983,831,942,901,980,832,1000,937,810,115.0a1,993,916,970,929,991,1000,1000,932,948,897,971,956,47,969,1000,963,882,245,1000,950,835,990,930,760,966,862,934,849,964,814,13,964,692,170 preview,1000,976,1000,984,999,1000,1000,994,995,858,811,882,937,935,979,851,906,939,1000,851,872,999,872,666,945,492,947,1000,979,989,614,1000,944,-,980,892,970,927,990,1000,971,930,943,812,793,807,47,926,962,825,825,245,1000,628,777,990,861,649,936,465,877,751,936,775,13,915,593
2023-06-02,116.0.5803.2 dev,987,1000,1000,1000,999,1000,971,996,993,1000,997,946,1000,994,980,951,994,1000,1000,680,979,1000,990,981,984,831,942,921,980,832,1000,937,810,115.0a1,993,916,970,929,991,1000,1000,932,948,897,970,956,47,969,1000,963,882,245,1000,948,835,990,930,758,967,862,934,849,964,815,13,964,692,171 preview,1000,976,1000,986,999,1000,1000,994,995,858,822,882,937,936,979,858,906,939,1000,851,872,999,872,664,946,619,946,1000,979,989,614,1000,987,-,980,892,970,929,990,1000,971,930,943,812,804,807,47,926,962,825,825,245,1000,628,777,990,858,647,937,593,876,771,936,775,13,915,602
2023-06-05,116.0.5803.2 dev,987,1000,1000,1000,999,1000,971,996,993,1000,997,946,1000,994,980,951,994,1000,1000,680,979,1000,1000,969,984,831,942,921,980,832,1000,960,810,115.0a1,993,916,970,929,991,1000,1000,932,948,897,971,956,47,969,1000,960,882,245,1000,948,835,990,930,758,973,862,934,849,964,815,13,964,692,171 preview,1000,976,1000,986,999,1000,1000,994,995,858,821,882,937,936,979,858,906,939,1000,851,872,999,872,662,946,619,957,1000,979,989,614,1000,987,-,980,892,970,929,990,1000,971,930,943,812,803,807,47,926,962,823,825,245,1000,628,777,990,864,636,937,593,877,771,936,775,13,938,602
2023-06-06,116.0.5803.2 dev,987,1000,1000,1000,999,1000,971,996,993,1000,993,946,1000,994,980,951,994,1000,1000,680,979,1000,1000,969,984,831,942,921,980,832,1000,949,810,116.0a1,993,916,970,929,991,1000,1000,932,948,897,971,956,47,969,1000,965,882,245,1000,948,835,990,930,758,973,862,934,849,964,815,13,964,692,171 preview,1000,976,1000,986,999,1000,1000,994,995,858,822,882,937,936,979,858,906,939,1000,851,872,999,872,662,946,619,947,1000,979,989,614,1000,987,-,980,892,970,929,990,1000,971,930,943,812,804,807,47,926,962,827,825,245,1000,628,777,990,864,636,937,593,877,771,936,775,13,927,602
2023-06-09,116.0.5817.0 dev,987,1000,1000,1000,999,1000,971,996,993,1000,993,946,1000,994,980,951,994,1000,1000,683,979,1000,1000,1000,982,831,942,921,981,832,1000,959,810,116.0a1,993,916,970,929,991,1000,1000,932,948,897,971,956,47,970,1000,965,882,245,1000,948,848,949,932,761,971,862,934,849,964,815,13,975,704,171 preview,1000,976,1000,986,999,1000,1000,994,995,858,821,882,937,936,979,858,906,939,1000,851,872,999,872,659,913,619,957,1000,979,989,614,954,987,-,980,892,970,929,990,1000,971,930,943,812,803,807,47,926,962,828,825,245,1000,628,777,949,866,649,903,593,877,771,936,775,13,903,625
2023-06-12,116.0.5817.0 dev,987,1000,1000,1000,999,1000,971,996,993,1000,993,946,1000,994,980,951,994,1000,1000,683,979,999,1000,1000,982,831,942,921,981,832,1000,948,810,116.0a1,993,916,970,929,991,1000,1000,932,948,897,971,956,47,970,1000,965,882,245,1000,948,848,990,932,761,972,862,934,849,964,815,13,975,738,171 preview,1000,976,1000,986,999,1000,1000,994,995,858,823,882,937,936,979,858,906,939,1000,851,872,999,872,659,913,619,947,1000,979,989,614,954,987,-,980,892,970,929,990,1000,971,930,943,812,805,807,47,926,962,828,825,245,1000,628,777,990,866,649,905,593,877,771,936,775,13,892,647
2023-06-13,116.0.5817.0 dev,987,1000,1000,1000,999,1000,971,996,993,1000,993,946,1000,994,980,951,994,1000,1000,683,979,999,996,1000,982,831,942,921,981,832,1000,959,810,116.0a1,993,916,970,929,991,1000,1000,932,948,897,971,956,47,970,1000,965,882,245,1000,948,848,990,935,761,972,862,934,849,964,815,13,975,738,171 preview,1000,976,1000,986,999,1000,1000,994,995,858,821,882,937,936,979,858,906,939,1000,851,872,999,869,659,913,619,947,1000,979,989,614,954,987,-,980,892,970,929,990,1000,971,930,943,812,803,807,47,926,962,828,825,245,1000,628,777,990,866,649,905,593,877,771,936,775,13,903,647
2023-06-14,116.0.5817.0 dev,987,1000,1000,1000,999,1000,971,996,993,1000,991,946,1000,994,980,946,994,1000,1000,683,979,999,978,1000,983,833,942,921,981,832,1000,937,810,116.0a1,993,916,970,929,991,1000,1000,932,948,897,971,956,47,970,1000,965,882,245,1000,948,848,990,935,761,971,862,934,849,962,815,13,975,738,172 preview,1000,976,1000,986,999,1000,1000,994,995,858,823,934,937,937,979,858,906,939,1000,851,872,999,867,659,913,621,947,1000,980,912,629,954,998,-,980,892,970,929,990,1000,971,930,943,812,805,859,47,927,962,823,825,245,1000,628,777,990,864,649,905,595,877,771,936,725,13,881,659
2023-06-15,116.0.5817.0 dev,987,1000,1000,1000,999,1000,971,996,993,1000,993,946,1000,994,980,951,994,1000,1000,683,979,999,996,1000,985,833,942,921,981,832,1000,959,810,116.0a1,993,916,970,929,991,1000,1000,932,948,897,971,956,47,970,1000,965,882,245,1000,948,848,990,935,761,973,862,934,849,962,815,13,964,738,172 preview,1000,976,1000,986,999,1000,1000,994,995,858,823,934,937,937,979,858,906,939,1000,851,872,999,867,659,912,621,942,1000,980,992,629,954,998,-,980,892,970,929,990,1000,971,930,943,812,805,859,47,927,962,828,825,245,1000,628,777,990,864,649,903,595,877,771,936,775,13,892,659
2023-06-17,116.0.5829.0 dev,987,1000,1000,1000,999,1000,971,996,995,1000,993,946,1000,993,980,946,994,1000,1000,683,979,999,996,999,996,833,942,921,981,837,1000,937,810,116.0a1,993,916,970,929,991,1000,1000,932,948,897,970,956,47,970,1000,965,882,245,1000,948,848,990,935,763,978,862,934,849,965,815,191,964,738,172 preview,1000,976,1000,986,999,1000,1000,994,995,858,821,934,937,937,979,858,906,939,1000,851,872,999,867,659,919,621,947,1000,980,952,629,954,998,-,980,892,970,929,990,1000,971,930,943,812,803,859,47,926,962,823,825,245,1000,628,777,990,864,649,913,595,877,771,938,762,152,870,659
2023-06-19,116.0.5829.0 dev,987,1000,1000,1000,999,1000,971,996,995,1000,993,946,1000,993,980,951,994,1000,1000,683,979,999,978,997,997,833,942,921,981,837,1000,937,810,116.0a1,993,916,970,929,991,1000,1000,932,948,897,971,956,47,970,1000,965,882,245,1000,948,848,990,935,761,979,862,934,849,965,815,190,964,738,172 preview,1000,976,1000,986,999,1000,1000,994,995,858,821,934,937,937,979,858,906,939,1000,851,872,999,867,661,919,621,947,1000,980,952,629,954,998,-,980,892,970,929,990,1000,971,930,943,812,803,859,47,926,962,828,825,245,1000,628,777,990,864,649,912,595,877,771,938,750,151,870,659
2023-06-20,116.0.5829.0 dev,987,1000,1000,1000,999,1000,971,996,994,1000,992,946,1000,993,980,951,994,1000,1000,683,979,999,978,997,997,833,942,921,981,837,1000,960,810,116.0a1,993,916,970,929,991,1000,1000,932,949,897,970,956,47,970,1000,965,882,245,1000,948,848,990,935,761,979,862,934,849,965,815,191,964,738,172 preview,1000,976,1000,986,999,1000,1000,994,995,858,823,934,937,937,979,858,906,939,1000,851,872,999,867,661,919,621,937,1000,980,953,629,954,998,-,980,892,970,929,990,1000,971,930,942,812,805,859,47,926,962,828,825,245,1000,628,777,990,864,649,912,595,877,771,938,755,152,892,659
2023-06-21,116.0.5829.0 dev,987,1000,1000,1000,999,1000,971,994,994,1000,992,946,1000,993,980,946,994,1000,1000,682,979,999,996,995,997,833,942,921,980,837,1000,949,810,116.0a1,993,916,970,929,991,1000,1000,935,949,897,971,956,47,970,1000,965,882,245,1000,949,848,990,935,764,980,862,935,849,965,815,191,964,738,172 preview,1000,976,1000,986,999,1000,1000,996,995,858,823,934,937,937,979,858,906,939,1000,851,872,999,867,664,919,621,947,1000,980,912,629,955,998,-,980,892,970,929,990,1000,971,929,942,812,805,859,47,926,962,823,825,245,1000,628,777,990,864,650,913,595,877,771,938,740,152,882,659
2023-06-22,116.0.5829.0 dev,987,1000,1000,1000,999,1000,971,994,994,1000,992,946,1000,993,980,951,994,1000,1000,682,979,999,987,995,997,833,942,921,980,837,1000,949,810,116.0a1,993,916,970,940,991,1000,1000,935,949,897,971,956,47,970,1000,965,882,245,1000,949,848,990,938,764,980,862,934,849,965,815,190,964,738,172 preview,1000,976,1000,986,999,1000,1000,996,995,858,823,934,937,937,979,858,906,939,1000,851,872,999,864,664,919,621,957,1000,980,912,629,955,998,-,980,892,970,940,990,1000,971,929,942,812,805,859,47,926,962,828,825,245,1000,628,777,990,858,650,913,595,877,771,938,732,151,882,659
