date,chrome-version,chrome-interop-2024-accessibility,chrome-interop-2024-starting-style-transition-behavior,chrome-interop-2023-property,chrome-interop-2024-dsd,chrome-interop-2024-dir,chrome-interop-2024-font-size-adjust,chrome-interop-2024-websockets,chrome-interop-2024-indexeddb,chrome-interop-2024-layout,chrome-interop-2024-nesting,chrome-interop-2023-events,chrome-interop-2024-popover,chrome-interop-2024-relative-color,chrome-interop-2024-video-rvfc,chrome-interop-2024-scrollbar,chrome-interop-2024-text-wrap,chrome-interop-2023-url,chrome-interop-2021-aspect-ratio,chrome-interop-2021-position-sticky,chrome-interop-2022-cascade,chrome-interop-2022-dialog,chrome-interop-2022-text,chrome-interop-2022-viewport,chrome-interop-2022-webcompat,chrome-interop-2023-cssborderimage,chrome-interop-2023-color,chrome-interop-2023-container,chrome-interop-2023-contain,chrome-interop-2023-pseudos,chrome-interop-2023-fonts,chrome-interop-2023-forms,chrome-interop-2023-has,chrome-interop-2023-inert,chrome-interop-2023-cssmasking,chrome-interop-2023-mathfunctions,chrome-interop-2023-mediaqueries,chrome-interop-2023-modules,chrome-interop-2023-motion,chrome-interop-2023-offscreencanvas,chrome-interop-2022-scrolling,chrome-interop-2021-transforms,chrome-interop-2023-webcodecs,chrome-interop-2023-webcompat,chrome-interop-2023-webcomponents,edge-version,edge-interop-2024-accessibility,edge-interop-2024-starting-style-transition-behavior,edge-interop-2023-property,edge-interop-2024-dsd,edge-interop-2024-dir,edge-interop-2024-font-size-adjust,edge-interop-2024-websockets,edge-interop-2024-indexeddb,edge-interop-2024-layout,edge-interop-2024-nesting,edge-interop-2023-events,edge-interop-2024-popover,edge-interop-2024-relative-color,edge-interop-2024-video-rvfc,edge-interop-2024-scrollbar,edge-interop-2024-text-wrap,edge-interop-2023-url,edge-interop-2021-aspect-ratio,edge-interop-2021-position-sticky,edge-interop-2022-cascade,edge-interop-2022-dialog,edge-interop-2022-text,edge-interop-2022-viewport,edge-interop-2022-webcompat,edge-interop-2023-cssborderimage,edge-interop-2023-color,edge-interop-2023-container,edge-interop-2023-contain,edge-interop-2023-pseudos,edge-interop-2023-fonts,edge-interop-2023-forms,edge-interop-2023-has,edge-interop-2023-inert,edge-interop-2023-cssmasking,edge-interop-2023-mathfunctions,edge-interop-2023-mediaqueries,edge-interop-2023-modules,edge-interop-2023-motion,edge-interop-2023-offscreencanvas,edge-interop-2022-scrolling,edge-interop-2021-transforms,edge-interop-2023-webcodecs,edge-interop-2023-webcompat,edge-interop-2023-webcomponents,firefox-version,firefox-interop-2024-accessibility,firefox-interop-2024-starting-style-transition-behavior,firefox-interop-2023-property,firefox-interop-2024-dsd,firefox-interop-2024-dir,firefox-interop-2024-font-size-adjust,firefox-interop-2024-websockets,firefox-interop-2024-indexeddb,firefox-interop-2024-layout,firefox-interop-2024-nesting,firefox-interop-2023-events,firefox-interop-2024-popover,firefox-interop-2024-relative-color,firefox-interop-2024-video-rvfc,firefox-interop-2024-scrollbar,firefox-interop-2024-text-wrap,firefox-interop-2023-url,firefox-interop-2021-aspect-ratio,firefox-interop-2021-position-sticky,firefox-interop-2022-cascade,firefox-interop-2022-dialog,firefox-interop-2022-text,firefox-interop-2022-viewport,firefox-interop-2022-webcompat,firefox-interop-2023-cssborderimage,firefox-interop-2023-color,firefox-interop-2023-container,firefox-interop-2023-contain,firefox-interop-2023-pseudos,firefox-interop-2023-fonts,firefox-interop-2023-forms,firefox-interop-2023-has,firefox-interop-2023-inert,firefox-interop-2023-cssmasking,firefox-interop-2023-mathfunctions,firefox-interop-2023-mediaqueries,firefox-interop-2023-modules,firefox-interop-2023-motion,firefox-interop-2023-offscreencanvas,firefox-interop-2022-scrolling,firefox-interop-2021-transforms,firefox-interop-2023-webcodecs,firefox-interop-2023-webcompat,firefox-interop-2023-webcomponents,safari-version,safari-interop-2024-accessibility,safari-interop-2024-starting-style-transition-behavior,safari-interop-2023-property,safari-interop-2024-dsd,safari-interop-2024-dir,safari-interop-2024-font-size-adjust,safari-interop-2024-websockets,safari-interop-2024-indexeddb,safari-interop-2024-layout,safari-interop-2024-nesting,safari-interop-2023-events,safari-interop-2024-popover,safari-interop-2024-relative-color,safari-interop-2024-video-rvfc,safari-interop-2024-scrollbar,safari-interop-2024-text-wrap,safari-interop-2023-url,safari-interop-2021-aspect-ratio,safari-interop-2021-position-sticky,safari-interop-2022-cascade,safari-interop-2022-dialog,safari-interop-2022-text,safari-interop-2022-viewport,safari-interop-2022-webcompat,safari-interop-2023-cssborderimage,safari-interop-2023-color,safari-interop-2023-container,safari-interop-2023-contain,safari-interop-2023-pseudos,safari-interop-2023-fonts,safari-interop-2023-forms,safari-interop-2023-has,safari-interop-2023-inert,safari-interop-2023-cssmasking,safari-interop-2023-mathfunctions,safari-interop-2023-mediaqueries,safari-interop-2023-modules,safari-interop-2023-motion,safari-interop-2023-offscreencanvas,safari-interop-2022-scrolling,safari-interop-2021-transforms,safari-interop-2023-webcodecs,safari-interop-2023-webcompat,safari-interop-2023-webcomponents,interop-version,interop-interop-2024-accessibility,interop-interop-2024-starting-style-transition-behavior,interop-interop-2023-property,interop-interop-2024-dsd,interop-interop-2024-dir,interop-interop-2024-font-size-adjust,interop-interop-2024-websockets,interop-interop-2024-indexeddb,interop-interop-2024-layout,interop-interop-2024-nesting,interop-interop-2023-events,interop-interop-2024-popover,interop-interop-2024-relative-color,interop-interop-2024-video-rvfc,interop-interop-2024-scrollbar,interop-interop-2024-text-wrap,interop-interop-2023-url,interop-interop-2021-aspect-ratio,interop-interop-2021-position-sticky,interop-interop-2022-cascade,interop-interop-2022-dialog,interop-interop-2022-text,interop-interop-2022-viewport,interop-interop-2022-webcompat,interop-interop-2023-cssborderimage,interop-interop-2023-color,interop-interop-2023-container,interop-interop-2023-contain,interop-interop-2023-pseudos,interop-interop-2023-fonts,interop-interop-2023-forms,interop-interop-2023-has,interop-interop-2023-inert,interop-interop-2023-cssmasking,interop-interop-2023-mathfunctions,interop-interop-2023-mediaqueries,interop-interop-2023-modules,interop-interop-2023-motion,interop-interop-2023-offscreencanvas,interop-interop-2022-scrolling,interop-interop-2021-transforms,interop-interop-2023-webcodecs,interop-interop-2023-webcompat,interop-interop-2023-webcomponents
2024-01-01,120.0.6099.129,828,614,1000,777,987,362,214,997,997,753,751,941,197,750,795,589,868,987,1000,999,982,1000,1000,974,1000,990,1000,989,992,1000,958,1000,1000,983,888,1000,993,1000,998,989,998,996,996,960,120.0.2210.91,828,614,1000,777,987,242,214,997,959,753,751,941,197,625,713,589,858,987,928,999,960,1000,1000,831,1000,990,1000,947,981,1000,953,973,1000,949,888,1000,992,1000,996,952,995,988,985,960,121.0,804,166,76,491,826,1000,285,955,934,959,582,182,50,83,1000,589,881,993,916,970,942,988,1000,1000,973,954,933,821,979,1000,1000,1000,1000,981,998,1000,1000,516,997,980,986,13,995,986,17.2.1 (18617.1.17.11.12),848,166,998,778,911,1000,1000,961,928,763,418,927,127,625,563,470,997,1000,1000,1000,974,999,1000,1000,1000,984,953,820,997,1000,859,1000,1000,895,954,1000,993,992,972,970,976,978,1000,1000,-,759,250,76,540,832,242,214,928,852,716,323,182,50,83,563,411,845,980,845,970,878,988,1000,831,973,942,912,765,968,1000,855,973,1000,865,846,1000,992,511,968,922,963,13,980,958
2024-01-02,120.0.6099.129,828,614,1000,777,987,362,214,993,997,753,751,941,197,750,795,589,868,987,1000,999,982,1000,1000,974,1000,990,1000,989,992,1000,958,1000,1000,983,888,1000,961,1000,998,989,998,996,996,960,120.0.2210.91,828,614,1000,777,987,242,214,997,959,753,724,941,197,750,713,589,858,987,928,999,960,1000,1000,831,1000,990,1000,947,981,1000,953,973,1000,949,888,1000,989,1000,995,952,995,988,985,960,121.0,804,166,76,491,826,1000,285,958,934,959,582,182,50,83,1000,589,881,993,916,970,942,988,1000,1000,973,954,933,821,979,1000,1000,1000,1000,981,998,1000,1000,516,997,980,986,13,995,986,17.2.1 (18617.1.17.11.12),848,166,998,778,911,1000,1000,961,928,763,418,927,127,500,563,470,997,1000,1000,1000,974,999,1000,1000,1000,984,953,820,997,1000,859,1000,1000,895,954,1000,993,992,972,970,976,963,1000,1000,-,759,250,76,540,832,242,214,924,851,716,300,182,50,83,563,411,845,980,845,970,878,988,1000,831,973,942,912,765,968,1000,855,973,1000,865,846,1000,958,511,966,922,963,13,980,947
2024-01-03,120.0.6099.129,828,614,1000,777,987,362,214,997,997,753,751,941,197,750,795,589,868,987,1000,999,982,1000,1000,974,1000,990,1000,989,992,1000,958,1000,1000,980,888,1000,961,1000,998,989,998,996,996,960,120.0.2210.91,828,614,1000,777,987,242,214,997,960,753,751,941,197,750,713,589,858,987,904,999,960,1000,1000,831,1000,990,1000,947,981,1000,949,973,1000,946,888,1000,989,1000,996,952,995,988,973,960,121.0,804,166,76,491,826,1000,285,958,934,959,582,182,50,83,1000,589,881,993,916,970,942,988,1000,1000,973,954,933,821,979,1000,1000,1000,1000,981,998,1000,1000,516,997,980,986,13,995,986,17.2.1 (18617.1.17.11.12),848,166,998,778,911,1000,1000,961,928,763,418,927,127,500,563,470,997,1000,1000,1000,974,999,1000,1000,1000,984,953,820,997,1000,859,1000,1000,895,954,1000,993,992,972,970,976,968,1000,1000,-,759,250,76,540,832,242,214,928,852,716,323,182,50,83,563,411,845,980,821,970,878,988,1000,831,973,942,912,765,968,1000,851,973,1000,864,846,1000,958,511,968,922,963,13,969,947
2024-01-04,120.0.6099.199,828,614,1000,777,987,362,214,997,997,753,751,941,197,750,795,589,868,987,1000,999,982,1000,1000,974,1000,990,1000,989,992,1000,958,1000,1000,980,888,1000,961,1000,998,989,998,996,996,960,120.0.2210.91,828,614,1000,777,987,242,214,997,960,753,751,941,197,625,713,589,826,987,928,999,960,1000,1000,831,1000,990,1000,947,981,1000,949,973,1000,946,888,1000,989,1000,995,952,995,988,985,960,121.0,804,166,76,491,826,1000,285,958,934,959,582,182,50,83,1000,589,881,993,916,970,942,988,1000,1000,973,954,933,821,979,1000,1000,1000,1000,981,998,1000,1000,516,997,980,986,13,995,986,17.2.1 (18617.1.17.11.12),848,166,998,778,911,1000,1000,961,928,763,432,927,127,500,563,470,997,1000,1000,1000,974,999,1000,1000,1000,984,953,820,997,1000,859,1000,1000,895,954,1000,993,992,972,980,976,968,1000,1000,-,759,250,76,540,832,242,214,928,853,716,338,182,50,83,563,411,813,980,845,970,878,988,1000,831,973,942,912,765,968,1000,851,973,1000,864,846,1000,958,511,967,922,963,13,980,947
2024-01-05,120.0.6099.199,828,614,1000,777,987,362,214,997,997,753,751,941,197,750,795,589,868,987,1000,999,982,1000,1000,974,1000,990,1000,989,992,1000,958,1000,1000,980,888,1000,972,1000,998,989,998,996,996,960,120.0.2210.91,828,614,1000,777,987,242,214,997,960,753,751,941,197,750,713,589,858,987,928,999,960,1000,1000,831,1000,990,1000,947,981,1000,953,973,1000,946,888,1000,989,1000,997,952,995,986,973,960,121.0,804,166,76,491,826,1000,285,958,934,959,582,182,50,83,1000,589,881,993,916,970,942,988,1000,1000,973,954,933,821,979,1000,1000,1000,1000,981,998,1000,1000,516,997,980,986,13,995,986,17.2.1 (18617.1.17.11.12),848,166,998,778,911,1000,1000,961,927,763,432,927,127,500,563,470,997,1000,1000,1000,974,999,1000,1000,1000,984,953,820,997,1000,859,1000,1000,895,954,1000,993,992,972,970,976,973,1000,1000,-,759,250,76,540,832,242,214,928,853,716,338,182,50,83,563,411,845,980,845,970,878,988,1000,831,973,942,912,765,968,1000,855,973,1000,864,846,1000,969,511,968,922,963,13,969,947
2024-01-06,120.0.6099.199,828,614,1000,777,987,362,214,997,997,753,751,941,197,750,795,589,868,987,1000,999,982,1000,1000,974,1000,990,1000,991,992,1000,958,1000,1000,980,888,1000,993,1000,998,989,998,996,996,960,120.0.2210.121,828,614,1000,777,987,242,214,997,958,753,751,941,197,750,713,589,858,987,928,999,960,1000,1000,831,1000,990,1000,947,981,1000,953,973,1000,946,888,1000,989,1000,996,952,995,980,985,949,121.0,804,166,76,491,826,1000,285,958,934,959,582,182,50,83,1000,589,881,993,916,970,954,988,1000,1000,973,954,933,821,979,1000,1000,1000,1000,981,998,1000,1000,516,997,980,986,13,995,986,17.2.1 (18617.1.17.11.12),848,166,998,778,911,1000,1000,961,928,763,418,927,127,625,563,470,997,1000,1000,1000,974,999,1000,1000,1000,984,953,820,997,1000,859,1000,1000,895,954,1000,993,992,972,970,976,973,1000,1000,-,759,250,76,540,832,242,214,928,851,716,323,182,50,83,563,411,845,980,845,970,889,988,1000,831,973,942,912,765,968,1000,855,973,1000,864,846,1000,989,511,968,912,963,13,980,935
2024-01-07,120.0.6099.199,828,614,1000,777,987,362,214,997,997,753,751,941,197,750,795,589,868,987,1000,999,982,1000,1000,974,1000,990,1000,991,992,1000,958,1000,1000,980,888,1000,982,1000,998,989,998,996,996,960,120.0.2210.121,828,614,1000,777,987,242,214,997,959,753,751,941,197,750,713,589,858,987,928,999,960,1000,1000,831,1000,990,1000,947,981,1000,953,973,1000,946,888,1000,989,1000,996,952,995,988,985,960,121.0,804,166,76,491,826,1000,285,958,934,959,582,182,50,83,1000,589,881,993,916,970,942,988,1000,1000,973,954,933,821,979,1000,1000,1000,1000,981,998,1000,1000,516,997,980,986,13,995,986,17.2.1 (18617.1.17.11.12),848,166,999,778,911,1000,1000,961,928,763,432,927,127,625,563,470,997,1000,1000,1000,974,999,1000,1000,1000,984,953,820,997,1000,859,1000,1000,895,954,1000,993,992,972,970,976,973,1000,1000,-,759,250,76,540,832,242,214,928,852,716,338,182,50,83,563,411,845,980,845,970,878,988,1000,831,973,942,912,765,968,1000,855,973,1000,864,846,1000,979,511,968,922,963,13,980,947
2024-01-11,120.0.6099.216,828,614,1000,777,987,362,214,991,997,753,751,941,194,750,795,589,868,987,1000,999,982,1000,1000,974,1000,990,1000,991,992,1000,958,1000,1000,980,888,1000,986,1000,998,989,998,996,996,949,120.0.2210.121,828,614,1000,777,987,242,214,997,959,753,751,941,194,750,713,589,858,987,928,999,960,1000,1000,831,1000,990,1000,947,981,1000,949,973,1000,946,888,1000,969,1000,995,952,995,988,973,960,121.0.1,804,166,76,491,829,1000,285,958,934,959,582,182,50,83,1000,589,881,993,916,970,942,988,1000,1000,973,954,933,821,979,1000,1000,1000,1000,981,998,1000,1000,516,997,980,986,13,995,986,17.2.1 (18617.1.17.11.12),848,166,998,778,913,1000,1000,961,928,763,418,927,127,500,563,470,997,1000,1000,1000,974,999,1000,1000,1000,984,953,820,997,1000,859,1000,1000,895,954,1000,993,992,972,960,976,978,1000,1000,-,759,250,76,540,835,242,214,925,852,716,323,182,47,83,563,411,845,980,845,970,878,988,1000,831,973,942,912,765,968,1000,851,973,1000,864,846,1000,962,511,967,912,963,13,969,947
2024-01-12,120.0.6099.216,828,614,1000,777,987,362,214,997,997,753,751,941,194,750,795,589,868,987,1000,999,982,1000,1000,974,1000,990,1000,991,992,1000,958,1000,1000,980,888,1000,986,1000,998,989,998,996,996,960,120.0.2210.133,828,614,1000,777,987,242,214,997,961,753,751,941,194,750,713,589,858,987,928,999,960,1000,1000,831,1000,990,1000,947,981,1000,953,973,1000,946,888,1000,989,1000,997,952,995,973,985,949,121.0.1,802,166,76,491,829,1000,285,955,934,959,582,182,50,83,1000,589,881,993,916,970,942,988,1000,1000,973,954,932,821,979,1000,1000,1000,1000,981,998,1000,1000,516,997,980,986,13,995,986,17.2.1 (18617.1.17.11.12),847,166,998,778,913,1000,1000,961,928,763,418,927,122,500,563,470,997,1000,1000,1000,974,999,1000,1000,1000,984,952,820,997,1000,859,1000,1000,895,954,1000,993,992,972,970,976,978,1000,1000,-,758,250,76,540,835,242,214,928,853,716,323,182,46,83,563,411,845,980,845,970,878,988,1000,831,973,942,911,765,968,1000,855,973,1000,864,846,1000,982,511,969,922,963,13,980,947
2024-01-13,120.0.6099.216,828,614,1000,777,977,362,214,997,997,782,751,941,194,750,795,589,868,987,1000,999,982,1000,1000,974,1000,990,1000,991,992,1000,958,1000,1000,980,888,1000,993,1000,998,989,998,996,996,960,120.0.2210.133,828,614,1000,777,977,242,214,997,960,782,751,941,194,750,713,589,858,987,928,999,960,1000,1000,831,1000,990,1000,947,981,1000,953,973,1000,946,888,1000,989,1000,995,952,995,988,973,960,121.0.1,802,166,76,491,819,1000,285,955,934,959,582,182,50,83,1000,589,881,993,916,970,942,988,1000,1000,973,954,932,821,979,1000,1000,1000,1000,981,998,1000,1000,516,997,980,986,13,995,986,17.2.1 (18617.1.17.11.12),847,166,998,778,903,1000,1000,961,928,763,418,927,122,625,563,470,997,1000,1000,1000,974,999,1000,1000,1000,984,952,820,997,1000,859,1000,1000,895,954,1000,993,992,972,970,976,968,1000,1000,-,758,250,76,540,825,242,214,928,853,745,323,182,46,83,563,411,845,980,845,970,878,988,1000,831,973,942,911,765,968,1000,855,973,1000,864,846,1000,989,511,967,912,963,13,969,947
2024-01-14,120.0.6099.216,828,614,1000,777,977,362,214,997,997,782,751,941,194,750,795,589,868,987,1000,999,982,1000,1000,974,1000,990,1000,991,992,1000,958,1000,1000,980,888,1000,993,1000,998,989,998,996,996,972,120.0.2210.133,828,614,1000,777,977,242,214,997,960,782,751,941,194,625,713,589,826,987,928,999,960,991,1000,831,1000,990,1000,947,981,1000,953,973,1000,946,888,1000,989,1000,996,952,995,988,973,949,121.0.1,802,166,76,491,819,1000,285,958,934,959,582,182,50,83,1000,589,881,993,916,970,954,988,1000,1000,973,954,932,821,979,1000,1000,1000,1000,981,998,1000,1000,516,997,980,986,13,995,986,17.2.1 (18617.1.17.11.12),846,166,999,778,903,1000,1000,961,928,763,432,927,122,500,563,470,997,1000,1000,1000,974,999,1000,1000,1000,984,952,820,997,1000,859,1000,1000,895,954,1000,993,992,972,970,976,973,1000,1000,-,758,250,76,540,825,242,214,928,852,745,338,182,46,0,563,411,813,980,845,970,889,979,1000,831,973,942,911,765,968,1000,855,973,1000,864,846,1000,989,511,968,922,963,13,969,947
2024-01-15,120.0.6099.216,828,614,1000,777,977,362,214,997,997,782,751,941,194,750,795,589,868,987,1000,999,982,1000,1000,974,1000,990,1000,991,992,1000,958,1000,1000,980,888,1000,993,1000,998,989,998,996,996,960,120.0.2210.133,828,614,1000,777,977,242,214,997,960,782,751,941,194,750,713,589,858,987,928,999,960,1000,1000,831,1000,990,991,947,981,1000,949,973,1000,946,888,1000,989,1000,995,952,995,988,985,960,121.0.1,802,166,76,491,819,1000,285,958,934,959,582,182,50,83,1000,589,881,993,916,970,942,988,1000,1000,973,954,932,818,979,1000,1000,1000,1000,981,998,1000,1000,516,997,980,986,13,995,986,17.2.1 (18617.1.17.11.12),846,166,998,778,903,1000,1000,961,928,763,432,927,122,625,563,470,997,1000,1000,1000,974,999,1000,1000,1000,984,952,818,997,1000,859,1000,1000,895,954,1000,993,992,972,970,976,978,1000,1000,-,758,250,76,540,825,242,214,928,852,745,338,182,46,83,563,411,845,980,845,970,878,988,1000,831,973,942,903,763,968,1000,851,973,1000,864,846,1000,989,511,966,922,963,13,980,958
2024-01-16,120.0.6099.216,828,614,1000,777,977,362,214,991,997,782,751,941,194,750,795,589,868,987,1000,999,982,1000,1000,974,1000,990,999,991,992,1000,958,1000,1000,980,888,1000,982,1000,998,989,998,996,996,972,120.0.2210.133,828,614,1000,777,977,242,214,997,961,782,751,941,194,750,693,589,826,987,928,999,960,1000,1000,831,1000,990,999,947,981,1000,949,973,1000,946,888,1000,993,1000,997,952,995,988,973,960,121.0.1,802,166,76,491,819,1000,285,955,934,959,582,182,50,83,1000,589,881,993,916,970,942,988,1000,1000,973,954,931,818,979,1000,1000,1000,1000,981,998,1000,1000,516,997,980,986,13,995,986,17.2.1 (18617.1.17.11.12),846,166,999,778,903,1000,1000,961,928,763,445,927,122,625,563,470,997,1000,1000,1000,974,999,1000,1000,1000,984,951,818,997,1000,859,1000,1000,895,954,1000,993,992,972,960,976,978,1000,1000,-,758,250,76,540,825,242,214,925,853,745,353,182,46,83,543,411,813,980,845,970,878,988,1000,831,973,942,910,763,968,1000,851,973,1000,864,846,1000,982,511,968,912,963,13,969,958
2024-01-17,120.0.6099.224,828,614,1000,777,977,362,214,997,997,782,751,941,194,750,795,589,868,987,1000,999,982,1000,1000,974,1000,990,999,991,992,1000,957,1000,1000,980,888,1000,972,1000,998,989,998,996,996,960,120.0.2210.133,828,614,1000,777,977,242,214,997,959,782,751,941,194,750,713,589,858,987,928,999,960,991,1000,831,1000,990,999,947,981,1000,953,973,1000,946,888,1000,989,1000,997,952,995,988,973,949,121.0.1,802,166,76,491,819,1000,285,958,934,959,582,182,50,83,1000,589,881,993,916,970,942,988,1000,1000,973,954,931,818,979,1000,999,1000,1000,981,998,1000,1000,516,997,980,986,13,995,986,17.2.1 (18617.1.17.11.12),846,166,999,778,903,1000,1000,961,928,763,432,927,122,500,563,470,997,1000,1000,1000,974,999,1000,1000,1000,984,951,818,997,1000,859,1000,1000,895,954,1000,993,992,972,970,976,973,1000,1000,-,758,250,76,540,825,242,214,928,852,745,338,182,46,83,563,411,845,980,845,970,878,979,1000,831,973,942,910,763,968,1000,855,973,1000,864,846,1000,969,511,969,922,963,13,969,947
2024-01-18,120.0.6099.224,828,614,1000,777,977,362,214,997,997,782,751,941,194,750,795,589,868,987,1000,999,982,1000,1000,974,1000,990,999,991,992,1000,953,1000,1000,980,888,1000,993,1000,998,989,998,996,996,949,120.0.2210.144,828,614,1000,777,977,242,214,997,959,782,751,941,194,750,713,589,858,987,928,999,960,1000,1000,831,1000,990,999,947,981,1000,953,973,1000,946,888,1000,993,1000,996,952,995,988,985,960,121.0.1,802,166,76,491,819,1000,285,955,934,959,582,182,50,83,1000,589,881,993,916,970,942,988,1000,1000,973,954,931,818,979,1000,999,1000,1000,981,998,1000,1000,516,997,980,986,13,995,986,17.2.1 (18617.1.17.11.12),846,166,998,778,903,1000,1000,961,927,763,432,927,122,625,563,470,997,1000,1000,1000,974,999,1000,1000,1000,984,951,818,997,1000,859,1000,1000,895,954,1000,993,992,972,970,976,963,1000,1000,-,758,250,76,540,825,242,214,928,852,745,338,182,46,83,563,411,845,980,845,970,878,988,1000,831,973,942,910,763,968,1000,851,973,1000,864,846,1000,993,511,968,922,963,13,980,947
2024-01-19,120.0.6099.224,828,614,1000,777,977,362,214,997,997,782,751,941,194,750,795,589,868,987,1000,999,982,1000,1000,974,1000,990,999,991,992,1000,957,1000,1000,980,888,1000,982,1000,998,989,998,996,996,949,120.0.2210.144,828,614,1000,777,977,242,214,997,960,782,751,941,194,750,713,589,858,987,928,999,960,1000,1000,831,1000,990,999,947,981,1000,953,973,1000,946,863,1000,993,1000,997,952,995,988,973,949,121.0.1,802,166,76,491,819,1000,285,955,934,959,582,182,50,83,1000,589,881,993,916,970,942,988,1000,1000,973,954,931,818,979,1000,999,1000,1000,981,998,1000,1000,516,997,980,986,13,995,986,17.2.1 (18617.1.17.11.12),846,166,998,778,903,1000,1000,961,928,763,418,927,122,500,563,470,997,1000,1000,1000,974,999,1000,1000,1000,984,951,818,997,1000,859,1000,1000,895,954,1000,993,992,972,970,976,973,1000,1000,-,758,250,76,540,825,242,214,925,853,745,323,182,46,83,563,411,845,980,845,970,878,988,1000,831,973,942,910,763,968,1000,855,973,1000,864,820,1000,982,511,968,922,963,13,969,947
2024-01-20,120.0.6099.224,828,614,1000,771,977,362,214,994,997,782,751,941,194,750,795,589,868,987,1000,999,982,1000,1000,974,1000,990,999,991,992,1000,957,1000,1000,980,888,1000,993,1000,998,989,998,996,996,949,120.0.2210.144,828,614,1000,771,977,242,214,997,960,753,751,941,194,750,713,589,858,987,928,999,960,1000,1000,831,1000,990,999,947,981,1000,953,973,1000,946,888,1000,990,1000,996,942,995,973,973,960,121.0.1,802,166,76,491,819,1000,285,958,934,959,582,182,50,83,1000,589,881,993,916,970,942,988,1000,1000,973,954,931,818,979,1000,999,1000,1000,981,998,1000,1000,516,997,980,986,13,995,986,17.2.1 (18617.1.17.11.12),846,166,998,772,903,1000,1000,961,927,763,432,927,122,625,563,470,997,1000,1000,1000,974,999,1000,1000,1000,984,951,818,997,1000,859,1000,1000,895,954,1000,993,992,972,960,976,973,1000,1000,-,758,250,76,540,825,242,214,928,852,716,338,182,46,83,563,411,845,980,845,970,878,988,1000,831,973,942,910,763,968,1000,855,973,1000,864,846,1000,990,511,968,902,963,13,969,947
2024-01-21,120.0.6099.224,828,614,1000,771,977,362,214,997,997,782,751,941,194,750,795,589,868,987,1000,999,982,1000,1000,974,1000,990,999,991,992,1000,957,1000,1000,980,888,1000,993,1000,998,989,998,996,996,960,120.0.2210.144,828,614,1000,771,977,242,214,997,960,782,751,941,194,750,713,589,858,987,928,999,960,1000,1000,831,1000,990,999,947,981,1000,949,973,1000,943,888,1000,989,1000,997,952,995,986,973,960,121.0.1,802,166,76,491,819,1000,285,955,934,959,582,182,50,83,1000,589,881,993,916,970,942,988,1000,1000,973,954,931,818,979,1000,999,1000,1000,981,998,1000,1000,516,997,980,986,13,995,986,17.2.1 (18617.1.17.11.12),846,166,998,772,903,1000,1000,961,928,763,418,927,122,625,563,470,997,1000,1000,1000,974,999,1000,1000,1000,984,951,818,997,1000,859,1000,1000,895,954,1000,993,992,972,970,976,973,1000,1000,-,758,250,76,540,825,242,214,928,853,745,323,182,46,83,563,411,845,980,845,970,878,988,1000,831,973,942,910,763,968,1000,851,973,1000,861,846,1000,989,511,969,922,963,13,969,958
2024-01-22,120.0.6099.224,828,614,1000,771,977,362,214,997,997,782,751,941,194,750,795,589,868,987,1000,999,982,1000,1000,974,1000,990,999,991,992,1000,957,1000,1000,980,888,1000,993,1000,998,989,998,996,996,949,120.0.2210.144,828,614,1000,771,977,242,214,997,960,782,751,919,194,750,713,589,858,987,904,999,960,1000,1000,831,1000,990,999,947,981,1000,953,973,1000,946,888,1000,993,1000,997,952,995,988,973,960,121.0.1,802,166,76,491,819,1000,285,958,934,959,582,182,50,83,1000,589,881,993,916,970,942,988,1000,1000,973,954,931,818,979,1000,999,1000,1000,981,998,1000,1000,516,997,980,986,13,995,986,17.2.1 (18617.1.17.11.12),846,166,998,772,903,1000,1000,961,928,763,418,927,122,625,563,470,997,1000,1000,1000,974,999,1000,1000,1000,984,951,818,997,1000,859,1000,1000,895,954,1000,993,992,972,970,976,973,1000,1000,-,758,250,76,540,825,242,214,928,853,745,323,181,46,83,563,411,845,980,821,970,878,988,1000,831,973,942,910,763,968,1000,855,973,1000,864,846,1000,993,511,969,922,963,13,969,947
2024-03-20,123.0.6312.58,869,829,937,782,1000,362,214,993,998,767,863,990,188,750,857,649,868,987,1000,999,981,1000,1000,974,986,997,1000,989,1000,1000,995,1000,973,998,896,1000,993,980,996,970,998,996,1000,983,122.0.2365.92,864,850,937,774,969,242,214,997,958,767,806,990,188,750,775,649,858,987,928,999,958,1000,1000,831,1000,997,999,945,983,1000,973,973,973,964,896,1000,993,1000,998,952,996,994,988,972,124.0,843,188,76,927,862,997,1000,955,937,958,715,182,50,83,857,1000,894,993,916,970,941,988,1000,1000,971,957,939,820,1000,1000,986,1000,1000,983,998,1000,1000,995,997,980,986,13,1000,998,17.4 (18618.1.15.111.5),876,341,936,919,944,1000,1000,961,925,763,474,981,116,437,424,613,996,1000,1000,1000,973,999,1000,1000,1000,983,951,816,1000,1000,999,1000,1000,895,996,1000,993,997,973,970,976,976,1000,1000,-,785,206,76,774,827,242,214,924,853,744,427,182,46,83,495,496,856,980,845,970,877,988,1000,831,958,942,919,763,983,1000,969,973,973,870,895,1000,993,979,969,902,963,13,988,970
2024-03-22,123.0.6312.58,869,829,937,782,1000,362,214,994,998,767,890,990,188,750,857,649,868,987,1000,999,981,1000,1000,974,986,997,1000,989,1000,1000,995,1000,973,998,896,1000,982,983,996,970,998,996,1000,983,122.0.2365.92,864,850,937,774,969,242,214,997,958,767,806,990,188,750,775,649,858,987,928,999,958,1000,1000,831,1000,997,999,945,983,1000,973,973,973,964,896,1000,993,1000,998,952,996,985,988,972,124.0,843,188,76,927,862,997,1000,955,937,958,742,182,50,83,857,1000,894,993,916,970,941,988,1000,1000,971,957,939,820,1000,1000,986,1000,1000,983,998,1000,1000,995,997,980,986,13,1000,998,17.4 (18618.1.15.111.5),876,341,935,919,944,1000,1000,961,925,763,488,981,116,520,424,613,996,1000,1000,1000,973,999,1000,1000,1000,983,951,816,1000,1000,999,1000,1000,895,996,1000,993,997,973,970,976,976,1000,1000,-,785,206,76,774,827,242,214,925,853,744,402,182,46,83,495,496,856,980,845,970,877,988,1000,831,958,942,919,763,983,1000,969,973,973,870,895,1000,982,977,969,902,963,13,988,970
2024-03-24,123.0.6312.58,869,829,937,782,1000,362,214,991,998,767,890,990,188,750,857,649,868,987,1000,999,981,1000,1000,974,986,997,1000,989,1000,1000,999,1000,973,998,896,1000,991,976,997,970,998,996,1000,983,123.0.2420.53,869,850,937,782,1000,242,214,997,962,767,806,990,188,750,836,649,858,987,928,999,958,1000,1000,831,1000,992,999,949,989,1000,973,973,973,964,896,1000,993,1000,998,952,996,995,988,972,124.0.1,843,188,76,927,862,997,1000,955,937,958,742,182,50,83,857,1000,894,993,916,970,941,988,1000,1000,971,957,939,820,1000,1000,986,1000,1000,983,998,1000,1000,995,997,980,986,13,1000,998,17.4 (18618.1.15.111.5),876,341,935,919,944,1000,1000,961,924,763,488,981,116,520,424,613,996,1000,1000,1000,973,999,1000,1000,1000,983,951,816,1000,1000,999,1000,1000,895,996,1000,993,997,973,970,976,976,1000,1000,-,785,206,76,782,857,242,214,925,853,744,402,182,46,83,495,496,856,980,845,970,877,988,1000,831,958,937,919,767,989,1000,973,973,973,870,895,1000,991,975,969,902,963,13,988,970
2024-03-26,123.0.6312.58,869,850,937,782,1000,362,214,997,998,767,904,990,188,750,857,649,868,987,1000,999,981,1000,1000,974,986,997,1000,989,1000,1000,999,1000,973,998,896,1000,993,970,997,970,998,996,1000,983,122.0.2365.92,864,850,937,774,969,242,214,997,958,767,809,990,188,750,775,649,858,987,928,999,958,1000,1000,831,1000,997,999,945,983,1000,973,973,973,964,896,1000,993,1000,997,952,996,992,988,972,124.0.1,843,188,76,927,862,997,1000,958,937,958,738,182,50,83,857,1000,894,993,916,970,941,988,1000,1000,971,957,939,820,1000,1000,986,1000,1000,983,998,1000,1000,995,997,980,986,13,1000,998,17.4.1 (18618.1.15.111.8),876,341,935,919,944,1000,1000,961,925,763,485,981,116,520,424,613,996,1000,1000,1000,973,999,1000,1000,1000,983,951,816,1000,1000,999,1000,1000,895,996,1000,993,997,973,970,976,976,1000,1000,-,785,206,76,774,827,242,214,928,853,744,398,182,46,83,495,496,856,980,845,970,877,988,1000,831,958,942,919,762,983,1000,973,973,973,870,895,1000,993,970,968,902,963,13,988,970
2024-03-27,123.0.6312.86,869,850,937,782,1000,362,214,994,998,767,904,990,188,750,857,649,868,987,1000,999,981,1000,1000,974,986,997,1000,989,1000,1000,999,1000,973,998,896,1000,993,982,996,970,998,996,1000,983,122.0.2365.92,864,850,937,774,969,242,214,994,958,767,809,990,188,750,775,649,858,987,928,999,958,1000,1000,831,1000,997,999,945,983,1000,973,973,973,964,896,1000,993,1000,997,952,996,980,988,972,124.0.1,843,188,76,927,862,997,1000,961,937,958,738,182,50,83,857,1000,894,993,916,970,941,988,1000,1000,971,957,939,820,1000,1000,986,1000,1000,983,998,1000,1000,995,997,980,986,13,1000,998,17.4.1 (18618.1.15.111.8),876,341,935,919,944,1000,1000,961,925,763,498,981,116,520,424,613,996,1000,1000,1000,973,999,1000,1000,1000,983,951,816,1000,1000,999,1000,1000,895,996,1000,993,997,973,970,976,976,1000,1000,-,785,206,76,774,827,242,214,928,853,744,412,182,46,83,495,496,856,980,845,970,877,988,1000,831,958,942,919,763,983,1000,973,973,973,870,895,1000,993,976,968,902,963,13,988,970
2024-03-28,123.0.6312.86,869,850,937,782,1000,362,214,994,998,767,904,990,188,750,857,649,868,987,1000,999,981,1000,1000,974,986,997,1000,989,1000,1000,999,1000,973,998,896,1000,993,986,996,970,998,996,1000,983,123.0.2420.65,869,850,937,782,1000,242,214,994,962,767,809,990,188,750,836,649,858,987,928,999,958,1000,1000,831,1000,997,999,949,989,1000,973,973,973,964,896,1000,993,1000,997,952,996,980,988,972,124.0.1,843,188,76,927,861,997,1000,958,937,958,738,182,50,83,857,1000,894,993,916,970,941,988,1000,1000,971,957,939,820,1000,1000,986,1000,1000,983,998,1000,1000,995,997,980,986,13,1000,998,17.4.1 (18618.1.15.111.8),876,341,936,919,943,1000,1000,961,925,763,498,981,116,520,424,613,996,1000,1000,1000,973,999,1000,1000,1000,983,951,816,1000,1000,999,1000,1000,895,996,1000,993,997,973,980,976,976,1000,1000,-,785,206,76,782,857,242,214,925,853,744,412,182,46,83,495,496,856,980,845,970,877,988,1000,831,958,942,919,767,989,1000,973,973,973,870,895,1000,993,983,968,902,963,13,988,970
2024-03-30,123.0.6312.86,863,850,937,782,1000,362,214,994,998,767,904,990,188,750,857,649,868,987,1000,999,981,1000,1000,974,986,997,1000,989,1000,1000,999,1000,973,998,896,1000,993,976,996,970,998,996,1000,983,123.0.2420.65,863,850,937,782,1000,242,214,994,962,767,809,990,188,750,836,649,858,987,928,999,958,1000,1000,831,1000,997,999,949,989,1000,973,973,973,964,896,1000,993,1000,997,952,996,995,988,972,124.0.1,838,188,76,927,861,997,1000,958,937,958,738,182,50,83,857,1000,894,993,916,970,941,988,1000,1000,971,957,939,820,1000,1000,986,1000,1000,983,998,1000,1000,995,997,980,986,13,1000,998,17.4.1 (18618.1.15.111.8),871,341,935,919,943,1000,1000,961,925,763,498,981,116,520,424,613,996,1000,1000,1000,973,999,1000,1000,1000,983,951,816,1000,1000,999,1000,1000,895,996,1000,993,997,973,970,976,976,1000,1000,-,779,206,76,782,857,242,214,925,853,744,412,182,46,83,495,496,856,980,845,970,877,988,1000,831,958,942,919,767,989,1000,973,973,973,870,895,1000,993,975,968,902,963,13,988,970
2024-03-31,123.0.6312.86,863,829,937,782,1000,362,214,994,998,767,904,990,188,750,857,649,868,987,1000,999,981,1000,1000,974,986,997,1000,991,1000,1000,999,1000,973,998,896,1000,993,983,996,970,998,996,1000,983,123.0.2420.65,863,850,937,782,1000,242,214,994,962,767,809,990,188,750,836,649,858,987,928,999,958,1000,1000,831,1000,997,999,949,989,1000,973,973,973,964,896,1000,993,1000,998,952,996,995,988,972,124.0.1,838,188,76,927,861,997,1000,961,937,958,738,182,50,83,857,1000,894,993,916,970,952,988,1000,1000,971,957,939,820,1000,1000,986,1000,1000,983,998,1000,1000,995,997,980,986,13,1000,998,17.4.1 (18618.1.15.111.8),871,341,935,919,943,1000,1000,961,925,763,485,981,116,520,424,613,996,1000,1000,1000,973,999,1000,1000,1000,983,951,816,1000,1000,999,1000,1000,895,996,1000,993,997,973,970,976,976,1000,1000,-,779,206,76,782,857,242,214,928,853,744,398,182,46,83,495,496,856,980,845,970,888,988,1000,831,958,942,919,769,989,1000,973,973,973,870,895,1000,993,981,969,902,963,13,988,970
2024-04-01,123.0.6312.86,863,829,937,782,1000,362,214,994,998,767,904,990,188,750,857,649,868,987,1000,999,981,1000,1000,974,986,997,1000,989,1000,1000,999,1000,973,998,896,1000,993,976,996,970,998,996,1000,983,123.0.2420.65,863,850,937,782,1000,242,214,994,962,767,809,990,188,750,836,649,858,987,928,999,958,1000,1000,831,1000,997,999,947,989,1000,973,973,973,964,896,1000,993,1000,998,952,996,995,988,972,124.0.1,838,188,76,927,861,997,1000,961,937,958,738,182,50,83,857,1000,894,993,916,970,941,988,1000,1000,971,957,939,820,1000,1000,986,1000,1000,983,998,1000,1000,995,997,980,986,13,1000,998,17.4.1 (18618.1.15.111.8),871,341,936,919,943,1000,1000,961,925,763,498,981,116,520,424,613,996,1000,1000,1000,973,999,1000,1000,1000,983,951,816,1000,1000,999,1000,1000,895,996,1000,993,997,973,980,976,976,1000,1000,-,779,206,76,782,857,242,214,928,853,744,412,182,46,83,495,496,856,980,845,970,877,988,1000,831,958,942,919,765,989,1000,973,973,973,870,895,1000,993,971,969,902,963,13,988,970
2024-04-02,123.0.6312.86,863,829,937,782,1000,362,214,994,998,767,904,990,188,750,857,649,868,987,1000,999,981,1000,1000,974,986,997,1000,989,1000,1000,999,1000,973,998,896,1000,993,973,997,970,998,996,1000,983,123.0.2420.65,863,850,937,782,1000,242,214,994,962,767,809,990,188,750,836,649,858,987,928,999,958,1000,1000,831,1000,997,999,949,989,1000,973,973,973,964,896,1000,993,1000,997,952,996,995,988,972,124.0.1,838,188,76,927,861,997,1000,958,937,958,738,182,50,83,857,1000,894,993,916,970,941,988,1000,1000,971,957,939,820,1000,1000,986,1000,1000,983,998,1000,1000,995,997,980,986,13,1000,998,17.4.1 (18618.1.15.111.8),871,341,935,919,943,1000,1000,961,925,763,485,981,116,520,424,613,996,1000,1000,1000,973,999,1000,1000,1000,983,951,816,1000,1000,999,1000,1000,895,996,1000,993,997,973,970,976,976,1000,998,-,779,206,76,782,857,242,214,928,853,744,398,182,46,83,495,496,856,980,845,970,877,988,1000,831,958,942,919,767,989,1000,973,973,973,870,895,1000,993,970,969,902,963,13,988,970
2024-04-03,123.0.6312.86,863,850,937,782,1000,362,214,989,998,767,904,989,188,750,857,649,868,987,1000,999,981,1000,1000,974,986,997,1000,989,1000,1000,999,1000,973,998,896,1000,993,980,996,970,998,996,1000,983,123.0.2420.65,863,850,937,782,1000,242,214,994,962,767,809,989,188,750,836,649,858,987,928,999,958,1000,1000,831,1000,997,999,949,989,1000,973,973,973,964,896,1000,993,1000,997,952,996,985,988,972,124.0.2,838,188,76,927,861,997,1000,961,937,958,738,182,50,83,857,1000,894,993,916,970,941,988,1000,1000,971,957,939,820,1000,1000,986,1000,1000,983,998,1000,1000,995,997,980,986,13,1000,998,17.4.1 (18618.1.15.111.8),871,341,936,919,943,1000,1000,961,925,763,498,981,116,520,424,613,996,1000,1000,1000,973,999,1000,1000,1000,983,951,816,1000,1000,999,1000,1000,895,996,1000,993,997,973,970,976,976,1000,1000,-,779,206,76,782,857,242,214,925,853,744,412,182,46,83,495,496,856,980,845,970,877,988,1000,831,958,942,919,767,989,1000,973,973,973,870,895,1000,993,978,968,902,963,13,988,970
2024-04-04,123.0.6312.86,863,829,937,782,1000,362,214,991,998,767,904,989,188,750,857,649,868,987,1000,999,981,1000,1000,974,986,995,1000,989,1000,1000,995,1000,973,998,896,1000,993,976,997,970,998,996,1000,983,123.0.2420.65,863,850,937,782,1000,242,214,994,962,767,809,989,188,750,836,649,858,987,928,999,958,1000,1000,831,1000,995,999,949,989,1000,973,973,973,964,896,1000,993,1000,997,952,996,994,988,972,124.0.2,838,188,76,927,861,997,1000,961,937,958,738,182,50,83,857,1000,894,993,916,970,941,988,1000,1000,971,957,939,820,995,1000,986,1000,1000,983,998,1000,1000,995,997,980,986,13,1000,998,17.4.1 (18618.1.15.111.8),871,341,935,919,943,1000,1000,961,925,763,485,981,116,520,424,613,996,1000,1000,1000,973,999,1000,1000,1000,981,951,816,1000,1000,999,1000,1000,895,996,1000,993,997,973,960,976,976,1000,1000,-,779,206,76,782,857,242,214,925,853,744,398,182,46,83,495,496,856,980,845,970,877,988,1000,831,958,940,919,767,984,1000,969,973,973,870,895,1000,993,974,969,893,963,13,988,970
2024-04-06,123.0.6312.105,863,850,937,782,1000,362,214,994,998,767,904,989,188,750,1000,649,868,980,1000,999,981,1000,1000,974,986,995,1000,989,1000,1000,995,1000,973,998,896,1000,982,977,996,970,998,996,1000,983,123.0.2420.81,863,850,937,782,1000,242,214,994,962,767,809,989,188,750,979,649,858,980,928,999,958,1000,1000,831,1000,995,999,947,989,1000,973,973,973,964,896,1000,993,1000,997,952,996,995,988,972,124.0.2,838,188,76,927,861,997,1000,958,937,958,738,182,50,83,1000,1000,894,993,916,970,941,988,1000,1000,971,957,939,820,995,1000,986,1000,1000,983,998,1000,1000,995,997,980,986,13,1000,998,17.4.1 (18618.1.15.111.8),871,341,935,919,943,1000,1000,961,925,763,485,981,115,520,482,613,996,1000,1000,1000,973,999,1000,1000,1000,981,951,816,1000,1000,999,1000,1000,895,996,1000,993,997,973,980,976,976,1000,1000,-,779,206,76,782,857,242,214,928,853,744,398,182,46,83,482,496,856,974,845,970,877,988,1000,831,958,940,919,765,984,1000,969,973,973,870,895,1000,982,974,968,902,963,13,988,970
2024-04-07,123.0.6312.105,863,896,937,782,1000,362,214,994,998,767,904,989,188,750,1000,649,868,980,976,999,981,1000,1000,974,986,995,1000,989,1000,1000,999,1000,973,998,896,1000,982,994,996,970,998,996,1000,983,123.0.2420.81,863,917,937,782,1000,242,214,994,962,767,809,989,188,750,979,649,858,980,928,999,958,1000,1000,831,1000,995,999,949,989,1000,973,973,973,964,896,1000,993,1000,998,952,996,995,988,972,124.0.2,838,255,76,927,861,997,1000,961,937,958,738,182,50,83,1000,1000,894,993,916,970,941,988,1000,1000,971,957,939,820,995,1000,986,1000,1000,983,998,1000,1000,995,997,980,986,13,1000,998,17.4.1 (18618.1.15.111.8),871,408,935,919,943,1000,1000,961,925,763,485,981,115,520,482,613,996,1000,1000,1000,973,999,1000,1000,1000,981,951,816,1000,1000,999,1000,1000,895,996,1000,993,997,973,970,976,976,1000,998,-,779,255,76,782,857,242,214,928,853,744,398,182,46,83,482,496,856,974,845,970,877,988,1000,831,958,940,919,767,984,1000,973,973,973,870,895,1000,982,989,969,902,963,13,988,970
2024-04-09,123.0.6312.105,863,917,937,782,1000,362,214,983,998,767,904,989,188,750,1000,649,868,980,1000,973,981,1000,1000,974,986,995,1000,989,1000,1000,995,1000,973,998,896,1000,993,990,996,970,998,996,1000,983,123.0.2420.81,863,917,937,782,1000,242,214,983,962,767,809,989,188,750,979,649,858,980,928,999,958,1000,1000,831,1000,995,999,949,989,1000,973,973,973,964,896,1000,993,1000,997,952,996,985,988,972,124.0.2,838,255,76,927,861,997,1000,947,937,958,738,182,50,83,1000,1000,894,993,916,970,941,988,1000,1000,971,957,939,820,995,1000,986,1000,1000,983,998,1000,1000,995,997,980,986,13,1000,998,17.4.1 (18618.1.15.111.8),871,408,936,919,943,1000,1000,950,924,763,498,981,115,520,482,613,996,1000,1000,1000,973,999,1000,1000,1000,981,951,816,1000,1000,999,1000,1000,895,996,1000,993,997,973,980,976,971,1000,1000,-,779,255,76,782,857,242,214,914,853,744,412,182,46,83,482,496,856,974,845,943,877,988,1000,831,958,940,919,767,984,1000,969,973,973,870,895,1000,993,985,969,902,963,13,988,970
2024-04-10,123.0.6312.105,863,917,937,782,1000,362,214,978,998,767,904,989,188,750,1000,649,868,980,1000,999,981,1000,1000,974,986,995,1000,989,1000,1000,999,1000,973,998,896,1000,993,984,996,970,998,996,1000,983,123.0.2420.81,863,917,937,782,1000,242,214,983,962,767,809,989,188,750,979,649,858,980,928,999,958,1000,1000,831,1000,995,999,949,989,1000,973,973,973,964,896,1000,993,1000,997,952,996,985,988,972,124.0.2,838,255,76,927,861,997,1000,950,937,958,738,182,50,83,1000,1000,894,993,916,970,941,988,1000,1000,971,957,939,820,995,1000,986,1000,1000,983,998,1000,1000,995,997,980,986,13,1000,998,17.4.1 (18618.1.15.111.8),871,408,935,919,943,1000,1000,950,925,763,485,981,115,520,482,613,996,1000,1000,1000,973,999,1000,1000,1000,981,951,816,1000,1000,999,1000,1000,895,996,1000,993,997,973,980,976,976,1000,1000,-,779,255,76,782,857,242,214,914,853,744,398,182,46,83,482,496,856,974,845,970,877,988,1000,831,958,940,919,767,984,1000,973,973,973,870,895,1000,993,981,968,902,963,13,988,970
2024-04-11,123.0.6312.122,863,917,937,782,1000,362,214,983,998,767,904,989,188,750,1000,649,868,980,1000,999,981,1000,1000,974,986,995,1000,989,1000,1000,999,1000,973,998,896,1000,993,976,996,970,998,996,1000,983,123.0.2420.81,863,917,937,782,1000,242,214,983,962,767,809,989,188,750,979,649,858,980,928,999,958,1000,1000,831,1000,995,999,949,989,1000,973,973,973,964,896,1000,993,1000,998,952,996,994,988,972,124.0.2,838,255,76,927,861,997,1000,947,937,958,738,182,50,83,1000,1000,894,993,916,970,941,988,1000,1000,971,957,939,820,995,1000,986,1000,1000,983,998,1000,1000,995,997,980,986,13,1000,998,17.4.1 (18618.1.15.111.8),871,408,935,919,943,1000,1000,950,924,763,485,981,115,520,482,613,996,1000,1000,1000,973,999,1000,1000,1000,981,951,816,1000,1000,999,1000,1000,895,996,1000,993,997,973,970,976,976,1000,1000,-,779,255,76,782,857,242,214,917,853,744,398,182,46,83,482,496,856,974,845,970,877,988,1000,831,958,940,919,767,984,1000,973,973,973,870,895,1000,993,972,969,902,963,13,988,970
2024-04-13,123.0.6312.122,863,896,937,782,1000,362,214,994,998,767,904,977,188,750,1000,649,868,980,1000,999,981,1000,1000,974,986,995,1000,989,1000,1000,999,1000,973,998,896,1000,993,989,996,970,998,996,1000,983,123.0.2420.97,863,917,937,782,1000,242,214,994,962,767,809,971,188,750,979,649,858,980,928,999,958,1000,1000,831,1000,995,999,949,989,1000,973,973,973,964,896,1000,993,1000,997,952,996,995,988,972,124.0.2,837,255,76,927,861,997,1000,961,937,958,738,182,50,83,1000,1000,894,993,916,970,941,988,1000,1000,971,957,939,820,995,1000,986,1000,1000,983,998,1000,1000,995,997,980,986,13,1000,998,17.4.1 (18618.1.15.111.8),871,408,936,919,943,960,1000,960,925,763,498,981,115,520,482,613,996,1000,1000,1000,973,999,1000,1000,1000,981,951,816,1000,1000,999,1000,1000,895,996,1000,993,997,973,970,976,976,1000,1000,-,779,255,76,782,857,202,214,928,853,744,412,182,46,83,482,496,856,974,845,970,877,988,1000,831,958,940,919,767,984,1000,973,973,973,870,895,1000,993,985,968,902,963,13,988,970
2024-04-14,123.0.6312.122,863,896,937,782,1000,362,214,994,998,767,904,971,188,750,1000,649,868,980,1000,999,981,1000,1000,974,986,995,1000,989,1000,1000,999,1000,973,998,896,1000,993,988,996,970,998,996,1000,983,123.0.2420.97,863,917,937,782,1000,242,214,994,962,767,809,971,188,750,979,649,858,980,928,999,958,1000,1000,831,1000,995,999,949,989,1000,973,973,973,964,896,1000,993,1000,997,952,996,995,988,972,124.0.2,838,255,76,927,861,997,1000,961,937,958,738,182,50,83,1000,1000,894,993,916,970,941,988,1000,1000,971,957,939,820,995,1000,986,1000,1000,983,998,1000,1000,995,997,980,986,13,1000,998,17.4.1 (18618.1.15.111.8),871,408,935,919,943,960,1000,960,925,763,485,981,115,520,482,613,996,1000,1000,1000,973,999,1000,1000,1000,981,951,816,1000,1000,999,1000,1000,895,996,1000,993,997,973,970,976,976,1000,1000,-,779,255,76,782,857,202,214,928,853,744,398,182,46,83,482,496,856,974,845,970,877,988,1000,831,958,940,919,767,984,1000,973,973,973,870,895,1000,993,981,968,902,963,13,988,970
2024-04-16,123.0.6312.122,863,917,937,782,1000,362,214,994,998,767,904,973,188,750,1000,649,868,980,1000,999,981,1000,1000,974,986,995,1000,989,1000,1000,999,1000,973,998,896,1000,993,986,996,970,998,996,1000,983,123.0.2420.97,863,917,937,782,1000,242,214,994,962,767,809,973,188,750,979,649,858,980,928,999,958,1000,1000,831,1000,995,999,949,989,1000,973,973,973,964,896,1000,993,1000,997,952,996,985,988,972,124.0.2,838,255,76,927,861,997,1000,961,937,958,738,182,50,83,1000,1000,895,993,916,970,941,988,1000,1000,971,957,939,820,995,1000,986,1000,1000,983,998,1000,1000,995,997,980,986,13,1000,998,17.4.1 (18618.1.15.111.8),871,408,935,919,943,960,1000,960,925,763,485,981,115,520,482,613,995,1000,1000,1000,973,999,1000,1000,1000,981,951,816,1000,1000,999,1000,1000,895,996,1000,993,997,973,970,976,971,1000,1000,-,779,255,76,782,857,202,214,928,853,744,398,182,46,83,482,496,857,974,845,970,877,988,1000,831,958,940,919,767,984,1000,973,973,973,870,895,1000,993,981,968,902,963,13,988,970
2024-04-17,123.0.6312.122,863,917,937,782,1000,362,214,994,998,767,904,979,188,750,1000,649,868,980,1000,999,981,1000,1000,974,986,995,1000,989,1000,997,999,1000,973,998,896,1000,993,975,997,970,998,996,1000,983,123.0.2420.97,863,917,937,782,1000,242,214,994,962,767,809,973,188,750,979,649,858,980,928,999,958,1000,1000,831,1000,995,999,949,989,997,973,973,973,964,896,1000,993,1000,997,952,996,995,988,972,125.0.1,902,255,76,986,864,997,1000,958,939,958,738,993,50,83,1000,1000,895,993,916,970,941,988,1000,1000,971,957,939,979,995,999,986,1000,1000,983,998,1000,1000,995,997,980,994,13,1000,999,17.4.1 (18618.1.15.111.8),871,408,936,919,943,960,1000,960,924,763,498,981,115,520,482,613,995,1000,1000,1000,973,999,1000,1000,1000,981,951,816,1000,998,999,1000,1000,895,996,1000,993,997,973,970,976,971,1000,1000,-,819,255,76,782,859,202,214,928,854,744,412,968,46,83,482,496,857,974,845,970,877,988,1000,831,958,940,919,767,984,997,973,973,973,870,895,1000,993,974,969,902,971,13,988,971
2024-04-18,123.0.6312.122,863,917,937,782,1000,362,214,994,998,767,904,979,188,750,1000,649,868,980,1000,999,981,1000,1000,974,986,995,1000,986,1000,997,999,1000,973,998,896,1000,972,985,997,970,998,996,1000,983,123.0.2420.97,863,917,937,782,1000,242,214,994,962,767,809,973,188,750,979,649,858,980,928,999,958,1000,1000,831,1000,995,999,949,989,997,973,973,973,964,896,1000,993,1000,997,952,996,987,988,972,125.0.1,902,255,76,986,864,997,1000,958,939,958,738,993,50,83,1000,1000,895,993,916,970,941,988,1000,1000,971,957,939,979,995,999,986,1000,1000,983,998,1000,1000,995,997,980,994,13,1000,999,17.4.1 (18618.1.15.111.8),871,408,935,919,943,960,1000,960,925,763,485,981,115,520,482,613,995,1000,1000,1000,973,999,1000,1000,1000,981,951,816,1000,998,999,1000,1000,895,996,1000,993,997,973,960,976,976,1000,1000,-,819,255,76,782,859,202,214,928,854,744,398,968,46,83,482,496,857,974,845,970,877,988,1000,831,958,940,919,767,984,997,973,973,973,870,895,1000,972,979,969,893,971,13,988,971
2024-04-19,123.0.6312.122,863,917,937,782,1000,362,214,994,998,767,904,979,188,750,1000,649,868,980,1000,999,981,1000,1000,974,986,995,1000,989,1000,979,999,1000,973,998,896,1000,972,968,995,970,998,996,1000,983,124.0.2478.51,870,917,937,999,1000,242,214,994,962,817,809,973,189,750,979,649,858,980,928,999,958,1000,1000,831,1000,995,999,949,989,997,995,973,973,964,896,1000,993,1000,997,952,996,995,988,987,125.0.1,902,255,76,986,864,997,1000,961,939,958,738,993,50,83,1000,1000,895,993,916,970,941,988,1000,1000,971,957,939,979,995,999,986,1000,1000,983,998,1000,1000,995,997,980,994,13,1000,805,17.4.1 (18618.1.15.111.8),871,408,935,919,943,960,1000,960,925,763,498,981,115,520,482,613,995,1000,1000,1000,973,999,1000,1000,1000,981,951,814,1000,998,999,1000,1000,895,996,1000,993,997,973,980,976,971,1000,1000,-,819,255,76,782,859,202,214,928,854,744,412,968,46,83,482,496,857,974,845,970,877,988,1000,831,958,940,919,765,984,979,982,973,973,870,895,1000,972,967,968,902,971,13,988,777
2024-04-20,123.0.6312.122,863,917,934,782,1000,362,214,994,998,767,904,979,188,750,1000,649,868,980,1000,999,981,1000,1000,974,986,995,1000,991,1000,997,999,1000,973,998,896,1000,991,985,995,990,998,996,1000,983,124.0.2478.51,870,917,934,999,1000,242,214,994,962,817,809,973,189,750,979,649,858,980,928,999,958,1000,1000,831,1000,995,999,947,989,997,995,973,973,964,896,1000,993,1000,998,952,996,972,988,987,125.0.1,902,255,76,986,864,997,1000,961,939,958,738,993,50,83,1000,1000,895,993,916,970,941,988,1000,1000,971,957,939,979,995,999,986,1000,1000,983,998,1000,1000,995,997,980,994,13,1000,805,17.4.1 (18618.1.15.111.8),871,408,874,919,943,960,1000,960,925,763,498,981,115,520,482,613,995,1000,1000,1000,973,999,1000,1000,1000,981,951,816,1000,998,999,1000,1000,895,996,1000,993,997,973,970,976,976,1000,1000,-,819,255,76,782,859,202,214,928,854,744,412,968,46,83,482,496,857,974,845,970,877,988,1000,831,958,940,919,767,984,997,982,973,973,870,895,1000,991,981,968,912,971,13,988,777
2024-04-21,123.0.6312.122,863,896,934,782,1000,362,214,994,998,767,904,973,188,750,1000,649,868,980,1000,999,981,1000,1000,974,986,995,1000,991,1000,997,999,1000,973,998,896,1000,993,992,996,990,998,996,1000,983,124.0.2478.51,870,917,934,999,1000,242,214,994,962,817,809,973,189,750,979,649,858,980,928,999,958,1000,1000,831,1000,995,999,949,989,997,995,973,973,964,896,1000,993,1000,997,952,996,995,988,987,125.0.1,901,255,76,986,864,997,1000,961,939,958,738,993,50,83,1000,1000,895,993,916,970,941,988,1000,1000,971,957,939,979,995,999,986,1000,1000,983,998,1000,1000,995,997,980,994,13,1000,805,17.4.1 (18618.1.15.111.8),871,408,874,919,943,960,1000,960,925,763,485,981,115,520,482,613,995,1000,1000,1000,973,999,1000,1000,1000,981,951,816,1000,998,999,1000,1000,895,996,1000,993,997,973,970,976,966,1000,1000,-,819,255,76,782,859,202,214,928,854,744,398,968,46,83,482,496,857,974,845,970,877,988,1000,831,958,940,919,769,984,997,982,973,973,870,895,1000,993,986,968,922,971,13,988,777
2024-04-22,123.0.6312.122,863,896,934,782,1000,362,214,994,998,767,904,979,188,750,1000,649,868,980,1000,999,981,1000,1000,974,986,995,1000,991,1000,997,999,1000,973,998,896,1000,993,987,997,990,998,996,1000,983,124.0.2478.51,870,917,934,999,1000,242,214,994,962,817,809,973,189,750,979,649,858,980,928,999,958,1000,1000,831,1000,990,999,949,989,997,995,973,973,964,896,1000,993,1000,997,952,996,987,988,987,125.0.1,902,255,76,986,864,997,1000,958,939,958,738,993,50,83,1000,1000,895,993,916,970,941,988,1000,1000,971,957,939,979,995,999,986,1000,1000,983,998,1000,1000,995,997,980,994,13,1000,805,17.4.1 (18618.1.15.111.8),871,408,874,919,943,960,1000,960,925,763,498,981,115,520,482,613,995,1000,1000,1000,973,999,1000,1000,1000,981,951,816,1000,998,999,1000,1000,895,996,1000,993,997,973,970,976,976,1000,1000,-,819,255,76,782,859,202,214,928,854,744,412,968,46,83,482,496,857,974,845,970,877,988,1000,831,958,935,919,769,984,997,982,973,973,870,895,1000,993,982,969,922,971,13,988,777
2024-04-23,124.0.6367.60,870,917,934,999,1000,362,214,994,998,817,904,973,189,750,1000,649,868,980,1000,999,981,1000,1000,974,986,995,1000,991,1000,997,995,1000,973,998,896,1000,993,985,997,990,998,996,1000,998,124.0.2478.51,870,917,934,999,1000,242,214,994,962,817,809,973,189,750,979,649,858,980,928,999,958,1000,1000,831,1000,995,999,947,989,997,995,973,973,964,896,1000,993,1000,997,952,996,987,988,987,125.0.2,902,255,76,986,864,997,1000,961,939,958,738,993,50,83,1000,1000,895,993,916,970,941,988,1000,1000,971,957,939,979,995,999,986,1000,1000,983,998,1000,1000,995,997,980,994,13,1000,805,17.4.1 (18618.1.15.111.8),871,408,874,919,943,960,1000,960,925,763,512,981,115,520,482,613,995,1000,1000,1000,973,999,1000,1000,1000,981,951,816,1000,998,999,1000,1000,895,996,1000,993,997,973,980,976,976,1000,1000,-,822,255,76,918,859,202,214,928,854,747,425,968,46,83,482,496,857,974,845,970,877,988,1000,831,958,940,919,767,984,997,978,973,973,870,895,1000,993,980,969,922,971,13,988,793
2024-04-24,124.0.6367.78,870,896,934,999,1000,362,214,994,998,817,904,973,189,750,1000,649,868,980,1000,973,981,1000,1000,974,986,990,1000,991,1000,997,999,1000,973,998,896,1000,993,988,996,990,998,996,1000,998,124.0.2478.51,870,917,934,999,1000,242,214,994,962,817,809,973,189,750,979,649,858,980,928,999,958,1000,1000,831,1000,995,999,947,989,997,995,973,973,964,896,1000,993,1000,997,952,996,987,988,987,125.0.2,902,255,76,986,864,997,1000,961,939,958,738,993,50,83,1000,1000,895,993,916,970,941,988,1000,1000,971,957,939,979,995,999,986,1000,1000,983,998,1000,1000,995,997,980,994,13,1000,805,17.4.1 (18618.1.15.111.8),871,408,874,919,943,960,1000,960,925,763,498,981,115,520,482,613,995,1000,1000,1000,973,999,1000,1000,1000,981,951,816,1000,998,999,1000,1000,895,996,1000,993,997,973,970,976,971,1000,1000,-,822,255,76,918,859,202,214,928,854,747,412,968,46,83,482,496,857,974,845,943,877,988,1000,831,958,935,919,767,984,997,982,973,973,870,895,1000,993,984,968,922,971,13,988,793
2024-04-26,124.0.6367.91,872,917,934,999,1000,362,214,994,998,817,904,979,189,750,1000,649,868,987,1000,999,981,1000,1000,974,986,995,1000,991,1000,997,999,1000,973,998,896,1000,972,976,997,990,998,996,1000,998,124.0.2478.51,874,917,934,999,1000,242,214,994,962,817,809,973,189,750,979,649,858,987,928,999,958,1000,1000,831,1000,995,999,947,989,997,995,973,973,964,896,1000,993,1000,997,952,996,987,988,987,125.0.2,901,255,76,986,864,997,1000,961,939,958,738,993,50,83,1000,1000,895,993,916,970,941,988,1000,1000,971,957,939,979,995,999,986,1000,1000,983,998,1000,1000,995,997,980,994,13,1000,805,17.4.1 (18618.1.15.111.8),876,408,874,919,943,960,1000,960,925,763,512,981,115,520,482,613,995,1000,1000,1000,973,999,1000,1000,1000,981,951,816,1000,998,999,1000,1000,895,996,1000,993,997,973,980,976,976,1000,998,-,826,255,76,918,859,202,214,928,854,747,425,968,46,83,482,496,857,980,845,970,877,988,1000,831,958,940,919,767,984,997,982,973,973,870,895,1000,972,975,969,922,971,13,988,791
2024-04-27,124.0.6367.91,872,896,934,999,1000,362,214,991,998,817,904,979,189,750,1000,649,868,987,1000,999,981,1000,1000,974,986,995,1000,991,1000,997,995,1000,973,998,896,1000,993,985,996,990,998,996,1000,998,124.0.2478.67,872,917,934,999,1000,242,214,994,962,817,809,973,189,750,979,649,858,987,928,999,958,1000,1000,831,1000,995,999,949,989,997,995,973,973,964,896,1000,993,1000,998,952,996,995,988,987,125.0.2,901,255,76,986,864,997,1000,958,939,958,738,993,50,83,1000,1000,895,993,916,970,941,988,1000,1000,971,957,939,979,995,999,986,1000,1000,983,998,1000,1000,995,997,980,994,13,1000,805,17.4.1 (18618.1.15.111.8),876,408,874,919,943,960,1000,960,925,763,485,981,115,520,482,613,995,1000,1000,1000,973,999,1000,1000,1000,981,951,816,1000,998,999,1000,1000,895,996,1000,993,997,973,970,976,976,1000,1000,-,826,255,76,918,859,202,214,925,854,747,398,968,46,83,482,496,857,980,845,970,877,988,1000,831,958,940,919,769,984,997,978,973,973,870,895,1000,993,983,969,922,971,13,988,793
2024-04-29,124.0.6367.91,872,896,934,999,1000,362,214,994,997,817,904,979,189,750,1000,649,868,987,1000,999,981,1000,1000,974,986,995,1000,991,1000,997,999,1000,973,998,896,1000,991,978,996,990,998,996,1000,998,124.0.2478.67,872,917,934,999,1000,242,214,994,962,817,809,973,189,750,979,649,858,987,928,999,958,1000,1000,831,1000,995,999,949,989,997,995,973,973,964,896,1000,993,1000,997,952,996,972,988,987,125.0.2,901,255,76,986,864,997,1000,958,939,958,738,993,50,83,1000,1000,895,993,916,970,941,988,1000,1000,971,957,939,979,995,999,986,1000,1000,983,998,1000,1000,995,997,980,994,13,1000,805,17.4.1 (18618.1.15.111.8),876,408,874,919,923,960,1000,960,913,763,485,981,115,520,482,613,995,1000,1000,1000,973,981,1000,1000,986,972,934,795,978,998,995,1000,1000,881,996,1000,993,997,973,970,965,971,977,1000,-,826,255,76,918,839,202,214,928,844,747,398,968,46,83,482,496,857,980,845,970,877,970,1000,831,945,930,902,750,963,997,978,973,973,856,895,1000,991,978,968,922,960,13,965,793
2024-04-30,124.0.6367.91,872,875,934,999,1000,362,214,991,997,817,904,973,189,750,1000,649,868,987,1000,999,981,1000,1000,974,986,995,1000,991,1000,997,995,1000,973,998,896,1000,993,989,996,990,998,996,1000,998,124.0.2478.67,872,917,934,999,1000,242,214,994,962,817,809,973,189,750,979,649,858,987,928,999,958,1000,1000,831,1000,995,999,949,989,997,995,973,973,964,896,1000,993,1000,997,952,996,995,988,987,125.0.3,901,255,76,986,864,997,1000,961,939,958,738,993,50,83,1000,1000,895,993,916,970,941,988,1000,1000,971,957,939,979,995,999,986,1000,1000,983,998,1000,1000,995,997,980,994,13,1000,805,17.4.1 (18618.1.15.111.8),876,408,874,919,943,960,1000,960,925,763,498,981,115,520,482,613,995,1000,1000,1000,973,999,1000,1000,1000,981,951,816,1000,998,999,1000,1000,895,996,1000,993,997,973,970,976,971,1000,1000,-,826,255,76,918,859,202,214,925,853,747,412,968,46,83,482,496,857,980,845,970,877,988,1000,831,958,940,919,769,984,997,978,973,973,870,895,1000,993,985,968,922,971,13,988,793
2024-05-02,124.0.6367.91,872,896,934,999,1000,362,214,994,998,817,904,979,189,750,1000,649,868,987,1000,999,981,1000,1000,974,986,995,1000,991,995,997,999,1000,973,998,896,1000,993,985,996,990,998,996,1000,998,124.0.2478.67,872,917,934,999,1000,242,214,994,962,817,809,973,189,750,979,649,858,987,928,999,958,1000,1000,831,1000,990,999,949,984,997,995,973,973,964,896,1000,993,1000,997,952,996,994,988,987,125.0.3,901,255,76,986,864,997,1000,961,939,958,738,993,50,83,1000,1000,895,993,916,970,941,988,1000,1000,971,957,939,979,991,999,986,1000,1000,983,998,1000,1000,995,997,980,994,13,1000,805,17.4.1 (18618.1.15.111.8),876,408,874,919,943,960,1000,960,925,763,498,981,115,520,482,613,995,1000,1000,1000,973,999,1000,1000,1000,981,951,816,1000,998,999,1000,1000,892,996,1000,993,997,973,970,976,976,1000,1000,-,826,255,76,918,859,202,214,928,854,747,412,968,46,83,482,496,857,980,845,970,877,988,1000,831,958,935,919,767,980,997,982,973,973,867,895,1000,993,983,968,922,971,13,988,793
2024-05-03,124.0.6367.91,872,917,934,999,1000,362,214,994,998,817,904,979,189,750,1000,649,868,987,1000,999,981,1000,1000,974,986,995,1000,991,995,997,999,1000,973,998,896,1000,993,977,996,990,998,996,1000,998,124.0.2478.80,872,917,934,999,1000,242,214,994,962,817,809,973,189,750,979,649,858,987,928,999,958,1000,1000,831,1000,995,999,949,984,997,995,973,973,964,896,1000,993,1000,997,952,996,983,988,987,125.0.3,901,255,76,986,864,997,1000,958,939,958,738,993,50,83,1000,1000,895,993,916,970,941,988,1000,1000,971,957,939,979,991,999,986,1000,1000,983,998,1000,1000,995,997,980,994,13,1000,805,17.4.1 (18618.1.15.111.8),876,408,874,919,943,960,1000,960,925,763,485,981,115,520,482,613,995,1000,1000,1000,973,999,1000,1000,1000,981,951,816,1000,998,999,1000,1000,892,996,1000,993,997,973,970,976,976,1000,1000,-,826,255,76,918,859,202,214,928,854,747,398,968,46,83,482,496,857,980,845,970,877,988,1000,831,958,940,919,767,980,997,982,973,973,867,895,1000,993,976,968,922,971,13,988,793
2024-05-04,124.0.6367.91,872,917,934,999,1000,362,214,991,998,817,904,979,189,750,1000,649,868,987,1000,999,981,1000,1000,974,986,995,1000,991,995,997,999,1000,973,998,896,1000,993,979,995,990,998,996,1000,998,124.0.2478.80,872,917,934,999,1000,242,214,994,962,817,809,973,189,750,979,649,858,987,928,999,958,1000,1000,831,1000,995,999,949,984,997,995,973,973,964,896,1000,993,1000,997,952,996,985,988,987,125.0.3,901,255,76,986,864,997,1000,961,939,958,738,993,50,83,1000,1000,895,993,916,970,941,988,1000,1000,971,957,939,979,991,999,986,1000,1000,983,998,1000,1000,995,997,980,994,13,1000,805,17.4.1 (18618.1.15.111.8),876,408,874,919,943,960,1000,960,925,763,498,981,115,520,482,613,995,1000,1000,1000,973,999,1000,1000,1000,981,951,816,1000,998,999,1000,1000,892,996,1000,993,997,973,970,976,971,1000,1000,-,826,255,76,918,859,202,214,925,854,747,412,968,46,83,482,496,857,980,845,970,877,988,1000,831,958,940,919,767,980,997,982,973,973,867,895,1000,993,977,968,922,971,13,988,793
2024-05-06,124.0.6367.91,872,917,934,999,1000,362,214,994,998,817,904,979,189,750,1000,649,868,987,1000,999,981,1000,1000,974,986,995,1000,991,995,997,999,1000,973,998,896,1000,993,979,996,990,998,996,1000,998,124.0.2478.80,872,917,934,999,1000,242,214,994,962,817,809,973,189,750,979,649,858,987,928,999,958,1000,1000,831,1000,995,999,949,984,997,995,973,973,964,896,1000,993,1000,997,952,996,994,988,987,125.0.3,901,255,76,986,864,997,1000,961,939,958,738,993,50,83,1000,1000,895,993,916,970,941,988,1000,1000,971,957,939,979,991,999,986,1000,1000,983,998,1000,1000,995,997,980,994,13,1000,805,17.4.1 (18618.1.15.111.8),876,408,874,919,943,960,1000,960,925,763,485,981,115,520,482,613,995,1000,1000,1000,973,999,1000,1000,1000,981,951,818,1000,998,999,1000,1000,892,996,1000,993,997,973,970,976,976,1000,1000,-,826,255,76,918,859,202,214,928,854,747,398,968,46,83,482,496,857,980,845,970,877,988,1000,831,958,940,919,769,980,997,982,973,973,867,895,1000,993,976,968,922,971,13,988,793
2024-05-07,124.0.6367.91,872,917,934,999,1000,362,214,994,998,817,904,973,189,750,1000,649,868,987,1000,999,981,1000,1000,974,986,995,1000,989,995,997,999,1000,973,998,896,1000,993,991,996,990,998,996,1000,998,124.0.2478.80,872,917,934,999,1000,242,214,994,962,817,809,973,189,750,979,649,858,987,928,999,958,1000,1000,831,1000,995,999,949,984,997,995,973,973,964,896,1000,993,1000,998,952,996,995,988,987,125.0.3,901,255,76,986,864,997,1000,961,939,958,738,993,50,83,1000,1000,895,993,916,970,941,988,1000,1000,971,957,939,979,991,999,986,1000,1000,983,998,1000,1000,995,997,980,994,13,1000,805,17.4.1 (18618.1.15.111.8),876,408,874,919,943,960,1000,960,925,763,498,981,115,520,482,613,995,1000,1000,1000,973,999,1000,1000,1000,981,951,816,1000,998,999,1000,1000,892,996,1000,993,997,973,970,976,976,1000,1000,-,826,255,76,918,859,202,214,928,854,747,412,968,46,83,482,496,857,980,845,970,877,988,1000,831,958,940,919,765,980,997,982,973,973,867,895,1000,993,984,969,922,971,13,988,793
2024-05-09,124.0.6367.155,872,917,934,999,1000,362,214,994,998,817,904,973,189,750,1000,649,868,987,1000,999,981,1000,1000,974,986,995,1000,991,995,997,999,1000,973,998,896,1000,993,972,997,990,998,996,1000,998,124.0.2478.80,872,917,934,999,1000,242,214,994,962,817,809,973,189,750,979,649,858,987,928,999,958,1000,1000,831,1000,995,999,947,984,997,995,973,973,964,896,1000,993,1000,997,952,996,994,988,987,125.0.3,901,255,76,986,864,997,1000,958,939,958,738,993,50,83,1000,1000,895,993,916,970,941,988,1000,1000,971,957,939,979,991,999,986,1000,1000,983,998,1000,1000,995,997,980,994,13,1000,999,17.4.1 (18618.1.15.111.8),876,408,874,919,943,960,1000,960,925,763,512,981,115,520,482,613,995,1000,1000,1000,973,999,1000,1000,1000,981,951,816,1000,998,999,1000,1000,892,996,1000,993,997,973,970,976,976,1000,1000,-,826,255,76,918,859,202,214,928,854,747,425,968,46,83,482,496,857,980,845,970,877,988,1000,831,958,940,919,765,980,997,982,973,973,867,895,1000,993,971,969,922,971,13,988,986
2024-05-10,124.0.6367.201,872,917,934,999,1000,362,214,988,998,817,904,979,189,750,1000,649,868,987,1000,999,981,1000,1000,974,986,995,1000,991,995,997,999,1000,973,998,896,1000,993,969,996,990,998,996,1000,998,124.0.2478.80,872,917,934,999,1000,242,214,991,962,817,809,973,189,750,979,649,858,987,928,999,958,1000,1000,831,1000,995,999,949,984,997,995,973,973,964,896,1000,993,1000,997,952,996,995,988,987,125.0.3,900,255,76,986,864,997,1000,961,939,958,738,993,50,83,1000,1000,895,993,916,970,941,988,1000,1000,971,957,939,979,991,999,986,1000,1000,983,998,1000,1000,995,997,980,994,13,1000,999,17.4.1 (18618.1.15.111.8),876,408,874,919,943,960,1000,960,925,763,485,981,115,520,482,613,995,1000,1000,1000,973,999,1000,1000,1000,981,951,816,1000,998,995,1000,1000,892,996,1000,993,997,973,980,976,976,1000,1000,-,826,255,76,918,859,202,214,925,854,747,398,968,46,83,482,496,857,980,845,970,877,988,1000,831,958,940,919,767,980,997,978,973,973,867,895,1000,993,968,968,922,971,13,988,986
2024-05-12,124.0.6367.201,872,896,934,999,1000,362,214,991,998,817,904,997,189,750,1000,649,868,987,1000,999,981,1000,1000,974,986,995,1000,991,995,997,999,1000,973,998,896,1000,993,972,995,990,998,996,1000,998,124.0.2478.97,872,917,934,999,1000,242,214,991,962,817,809,997,189,750,979,649,858,987,928,999,958,1000,1000,831,1000,995,999,947,984,997,995,973,973,964,896,1000,993,1000,997,952,996,995,988,987,125.0.3,901,255,76,986,864,997,1000,958,939,958,738,993,50,83,1000,1000,895,993,916,970,941,988,1000,1000,971,957,939,979,991,999,986,1000,1000,983,998,1000,1000,995,997,980,994,13,1000,999,17.4.1 (18618.1.15.111.8),876,408,874,919,943,960,1000,960,925,763,498,981,115,520,482,613,995,1000,1000,1000,973,999,1000,1000,1000,981,951,816,1000,998,999,1000,1000,892,996,1000,993,997,973,960,976,976,1000,1000,-,826,255,76,918,859,202,214,928,854,747,412,981,46,83,482,496,857,980,845,970,877,988,1000,831,958,940,919,765,980,997,982,973,973,867,895,1000,993,971,968,912,971,13,988,986
2024-05-13,124.0.6367.201,872,875,934,999,1000,362,214,991,998,817,904,997,189,750,1000,649,868,987,1000,999,981,1000,1000,974,986,995,1000,991,995,997,999,1000,973,998,896,1000,993,977,996,990,998,996,1000,998,124.0.2478.97,872,917,934,999,1000,242,214,991,962,817,809,997,189,750,979,649,858,987,928,999,958,1000,1000,831,1000,995,999,949,984,997,995,973,973,964,896,1000,993,1000,997,952,996,980,988,987,125.0.3,901,255,76,986,864,997,1000,958,939,958,738,993,50,83,1000,1000,895,993,916,970,941,988,1000,1000,971,957,939,979,991,999,986,1000,1000,983,998,1000,1000,995,997,980,994,13,1000,999,17.4.1 (18618.1.15.111.8),876,408,874,919,943,960,1000,960,925,763,498,981,115,520,482,613,995,1000,1000,1000,973,999,1000,1000,1000,981,951,816,1000,998,999,1000,1000,892,996,1000,993,997,973,970,976,976,1000,1000,-,826,255,76,918,859,202,214,928,854,747,412,981,46,83,482,496,857,980,845,970,877,988,1000,831,958,940,919,767,980,997,982,973,973,867,895,1000,993,972,968,922,971,13,988,986
2024-05-14,124.0.6367.207,871,896,934,999,1000,362,214,991,998,817,904,997,189,750,1000,649,868,987,1000,973,981,1000,1000,974,986,995,1000,991,995,997,991,1000,973,998,896,1000,993,977,995,990,998,996,1000,998,124.0.2478.97,871,917,934,999,1000,242,214,991,962,817,809,997,189,750,979,649,858,987,928,999,958,1000,1000,831,1000,995,999,949,984,997,995,973,973,964,896,1000,993,1000,997,952,996,983,988,987,125.0.3,901,255,76,986,864,997,1000,958,939,958,738,993,50,83,1000,1000,895,993,916,970,941,988,1000,1000,971,957,939,979,991,999,986,1000,1000,983,998,1000,1000,995,997,980,994,13,1000,999,17.5 (18618.2.12.111.5),875,947,874,967,943,960,1000,960,925,763,485,981,115,645,482,1000,995,1000,1000,1000,973,999,1000,1000,1000,981,951,816,1000,997,999,1000,1000,892,996,1000,993,997,973,970,976,971,1000,998,-,825,255,76,957,859,202,214,928,854,747,398,981,46,83,482,649,857,980,845,943,877,988,1000,831,958,940,919,767,980,997,973,973,973,867,895,1000,993,974,967,922,971,13,988,985
2024-05-15,124.0.6367.207,871,917,934,999,1000,362,214,991,998,817,904,997,189,750,1000,649,868,987,1000,999,981,1000,1000,974,986,995,1000,991,995,997,995,1000,973,998,896,1000,993,989,995,990,998,996,1000,998,124.0.2478.105,871,917,934,999,1000,242,214,991,962,817,809,997,189,750,979,649,858,987,928,999,958,1000,1000,831,1000,995,999,949,984,997,995,973,973,964,896,1000,993,1000,997,952,996,987,988,987,126.0,940,255,76,1000,867,997,1000,985,939,970,738,993,50,83,1000,1000,895,993,916,970,941,988,1000,1000,971,957,939,979,995,999,986,1000,1000,983,998,1000,1000,995,997,980,994,13,1000,999,17.5 (18618.2.12.111.5),875,947,874,967,943,960,1000,960,925,763,485,981,115,645,482,1000,995,1000,1000,1000,973,999,1000,1000,1000,981,951,816,1000,997,999,1000,1000,892,996,1000,993,997,973,970,976,976,1000,998,-,826,255,76,966,859,202,214,952,854,751,398,981,46,83,482,649,857,980,845,970,877,988,1000,831,958,940,919,767,984,997,978,973,973,867,895,1000,993,986,968,922,971,13,988,985
2024-05-18,125.0.6422.60,882,947,934,1000,1000,362,928,991,998,1000,904,997,197,750,1000,649,868,993,1000,973,981,1000,1000,974,986,997,1000,989,995,997,999,1000,973,998,946,1000,993,987,995,1000,998,996,1000,998,125.0.2535.51,882,947,934,999,1000,242,928,991,962,1000,836,997,197,750,979,649,858,993,928,999,958,1000,1000,831,1000,997,999,949,984,997,995,973,973,964,946,1000,993,1000,998,962,996,994,988,987,126.0,940,255,76,1000,867,997,1000,985,939,970,738,993,50,83,1000,1000,895,993,916,970,941,988,1000,1000,971,957,939,979,995,998,986,1000,1000,983,998,1000,1000,995,997,980,994,13,1000,999,17.5 (18618.2.12.111.5),875,947,874,967,943,960,1000,960,925,763,485,981,115,645,482,1000,995,1000,1000,1000,973,999,1000,1000,1000,981,951,816,1000,996,999,1000,1000,892,996,1000,993,997,973,970,976,976,1000,998,-,836,255,76,966,859,202,928,952,854,763,425,981,46,83,482,649,857,987,845,943,877,988,1000,831,958,940,919,767,984,996,982,973,973,867,945,1000,993,984,968,932,971,13,988,985
2024-05-19,125.0.6422.60,882,947,934,1000,1000,362,928,991,998,1000,904,997,197,750,1000,649,868,993,1000,999,981,1000,1000,974,986,997,1000,991,995,997,999,1000,973,998,946,1000,993,980,997,1000,998,996,1000,998,125.0.2535.51,882,947,934,999,1000,242,928,991,962,1000,836,997,197,750,979,649,858,993,928,999,958,1000,1000,831,1000,997,999,949,984,997,995,973,973,964,946,1000,993,1000,997,962,996,980,988,987,126.0,940,255,76,1000,867,997,1000,985,939,970,738,993,50,83,1000,1000,895,993,916,970,941,988,1000,1000,971,957,939,979,995,998,986,1000,1000,983,998,1000,1000,995,997,980,994,13,1000,999,17.5 (18618.2.12.111.5),875,947,874,967,943,960,1000,960,925,763,485,981,115,645,482,1000,995,1000,1000,1000,973,999,1000,1000,1000,981,951,816,1000,996,999,1000,1000,892,996,1000,993,997,973,970,976,976,1000,998,-,836,255,76,966,859,202,928,952,854,763,425,981,46,83,482,649,857,987,845,970,877,988,1000,831,958,940,919,767,984,996,982,973,973,867,945,1000,993,976,968,932,971,13,988,985
2024-05-20,125.0.6422.60,882,947,934,1000,1000,362,928,991,998,1000,904,997,197,750,1000,649,868,993,1000,999,981,1000,1000,974,986,997,1000,991,995,997,999,1000,973,998,946,1000,993,993,995,1000,998,996,1000,998,125.0.2535.51,882,947,934,999,1000,242,928,991,962,1000,836,997,197,750,979,649,858,993,928,999,958,1000,1000,831,1000,997,999,949,984,997,995,973,973,964,946,1000,993,1000,997,962,996,978,988,987,126.0,940,255,76,1000,867,997,1000,983,939,970,738,993,50,83,1000,1000,895,993,916,970,941,988,1000,1000,971,957,939,979,995,998,986,1000,1000,983,998,1000,1000,995,997,980,994,13,1000,999,17.5 (18618.2.12.111.5),875,947,874,967,943,960,1000,960,925,763,485,981,115,645,482,1000,995,1000,1000,1000,973,999,1000,1000,1000,981,951,816,1000,996,999,1000,1000,892,996,1000,993,997,973,980,976,971,1000,998,-,836,255,76,966,859,202,928,952,854,763,425,981,46,83,482,649,857,987,845,970,877,988,1000,831,958,940,919,767,984,996,982,973,973,867,945,1000,993,987,967,932,971,13,988,985
2024-05-21,125.0.6422.60,882,947,934,1000,1000,362,928,991,998,1000,904,997,197,750,1000,649,868,993,1000,999,981,1000,1000,974,986,997,1000,991,995,997,999,1000,973,998,946,1000,993,983,995,1000,998,996,1000,998,125.0.2535.51,882,947,934,999,1000,242,928,991,962,1000,836,997,197,750,979,649,858,993,928,999,958,1000,1000,831,1000,997,999,949,984,997,995,973,973,964,946,1000,993,1000,997,962,996,995,988,987,126.0,940,255,76,1000,867,997,1000,985,939,970,738,993,50,83,1000,1000,895,993,916,970,941,988,1000,1000,971,957,939,979,995,998,986,1000,1000,983,998,1000,1000,995,997,980,994,13,1000,999,17.5 (18618.2.12.111.5),875,947,874,967,943,960,1000,960,925,763,485,981,115,645,482,1000,995,1000,1000,1000,973,999,1000,1000,1000,981,951,816,1000,996,999,1000,1000,892,996,1000,993,997,973,970,976,971,1000,998,-,836,255,76,966,859,202,928,952,854,763,425,981,46,83,482,649,857,987,845,970,877,988,1000,831,958,940,919,767,984,996,981,973,973,867,945,1000,993,977,967,932,971,13,988,985
2024-05-22,125.0.6422.76,882,947,934,1000,1000,362,928,991,998,1000,904,997,197,750,1000,649,868,993,1000,999,981,1000,1000,974,986,997,1000,991,995,997,999,1000,973,998,946,1000,993,992,996,1000,998,996,1000,998,125.0.2535.51,882,947,934,999,1000,242,928,991,962,1000,836,997,197,750,979,649,858,993,928,999,958,1000,1000,831,1000,997,999,949,984,997,995,973,973,964,946,1000,993,1000,997,962,996,995,988,987,126.0,940,255,76,1000,867,997,1000,983,939,970,738,993,50,83,1000,1000,895,993,916,970,941,988,1000,1000,971,957,939,979,995,998,986,1000,1000,983,998,1000,1000,995,997,980,994,13,1000,999,17.5 (18618.2.12.111.5),875,947,870,967,943,960,1000,960,925,763,512,981,115,645,482,1000,995,1000,1000,1000,973,999,1000,1000,1000,981,951,816,1000,996,999,1000,1000,892,996,1000,993,997,973,980,976,971,1000,998,-,836,255,76,966,859,202,928,952,854,763,452,981,46,83,482,649,857,987,845,970,877,988,1000,831,958,940,919,767,984,996,982,973,973,867,945,1000,993,986,968,932,971,13,988,985
2024-05-23,125.0.6422.76,882,926,934,1000,1000,362,928,991,998,1000,904,997,197,750,1000,649,868,993,1000,999,981,1000,1000,974,986,997,1000,991,995,997,999,1000,973,998,946,1000,993,990,996,1000,998,996,1000,998,125.0.2535.51,882,947,934,999,1000,242,928,991,962,1000,836,997,197,750,979,649,858,993,928,999,958,1000,1000,831,1000,997,999,949,984,997,995,973,973,964,946,1000,993,1000,997,962,996,970,988,987,126.0,940,255,76,1000,867,997,1000,983,939,970,738,993,50,83,1000,1000,895,993,916,970,941,988,1000,1000,971,957,939,979,995,998,986,1000,1000,983,998,1000,1000,995,997,980,994,13,1000,999,17.5 (18618.2.12.111.5),875,947,870,967,943,960,1000,960,925,763,498,981,115,645,482,1000,995,1000,1000,1000,973,999,1000,1000,1000,981,951,816,1000,996,999,1000,1000,892,996,1000,993,997,973,970,976,976,1000,998,-,836,255,76,966,859,202,928,952,854,763,439,981,46,83,482,649,857,987,845,970,877,988,1000,831,958,940,919,767,984,996,982,973,973,867,945,1000,993,984,968,932,971,13,988,985
2024-05-27,125.0.6422.78,883,947,934,1000,1000,362,928,991,998,1000,904,997,197,750,1000,649,868,993,1000,999,981,1000,1000,974,986,997,1000,991,995,997,999,1000,973,998,946,1000,993,984,995,1000,998,996,1000,998,125.0.2535.67,883,947,934,999,1000,242,928,991,962,1000,836,997,197,750,979,649,858,993,928,999,958,1000,1000,831,1000,997,999,946,984,997,995,973,973,964,946,1000,993,1000,997,962,996,995,988,987,126.0,940,255,76,1000,867,997,1000,985,939,970,738,993,50,83,1000,1000,895,993,916,970,952,988,1000,1000,971,957,939,977,995,998,986,1000,1000,983,998,1000,1000,995,997,980,994,13,1000,999,17.5 (18618.2.12.111.5),875,947,870,967,943,960,1000,960,925,763,485,981,115,645,482,1000,995,1000,1000,1000,973,999,1000,1000,1000,981,951,816,1000,996,999,1000,1000,892,996,1000,993,997,973,970,976,976,1000,996,-,837,255,76,966,859,202,928,952,854,763,425,981,46,83,482,649,857,987,845,970,888,988,1000,831,958,940,919,765,984,996,982,973,973,867,945,1000,993,982,968,932,971,13,988,983
2024-05-29,125.0.6422.78,883,947,934,1000,1000,362,928,991,998,1000,904,997,197,750,1000,649,868,993,1000,999,981,1000,1000,974,986,997,1000,991,995,997,997,1000,973,998,946,1000,993,984,997,1000,998,996,1000,998,125.0.2535.67,883,947,934,999,1000,242,928,991,962,1000,836,997,197,750,979,649,858,993,928,999,958,1000,1000,831,1000,997,999,948,984,997,993,973,973,964,946,1000,993,1000,997,962,994,985,977,987,126.0.1,940,255,76,1000,867,997,1000,983,939,970,738,993,50,83,1000,1000,895,993,916,970,941,988,1000,1000,971,957,939,977,995,998,984,1000,1000,983,998,1000,1000,995,997,980,994,13,1000,999,17.5 (18618.2.12.111.5),875,947,870,967,943,960,1000,960,925,763,485,981,115,645,482,1000,995,1000,1000,1000,973,999,1000,1000,1000,981,951,816,1000,996,996,1000,1000,892,996,1000,993,997,973,970,976,976,1000,998,-,837,255,76,966,859,202,928,952,854,763,425,981,46,83,482,649,857,987,845,970,877,988,1000,831,958,940,919,767,984,996,979,973,973,867,945,1000,993,981,969,932,969,13,977,985
2024-05-30,125.0.6422.78,883,947,934,1000,1000,362,928,991,998,1000,904,997,197,750,1000,649,868,993,1000,999,981,1000,1000,974,986,997,1000,991,995,997,997,1000,973,998,946,1000,993,988,997,1000,998,996,1000,998,125.0.2535.67,883,947,934,999,1000,242,928,991,963,1000,836,997,197,750,979,649,858,993,928,999,958,1000,1000,831,1000,997,999,948,984,997,993,973,973,964,946,1000,993,1000,997,962,996,995,988,987,126.0.1,941,255,76,1000,867,997,1000,983,939,970,738,993,50,83,1000,1000,895,993,916,970,941,988,1000,1000,971,957,939,977,995,998,984,1000,1000,983,998,1000,1000,995,997,980,994,13,1000,999,17.5 (18618.2.12.111.5),876,947,870,967,943,960,1000,960,925,763,485,981,115,645,482,1000,995,1000,1000,1000,973,999,1000,1000,1000,981,951,816,1000,996,996,1000,1000,892,996,1000,993,997,973,980,976,971,1000,998,-,837,255,76,966,859,202,928,952,855,763,425,981,46,83,482,649,857,987,845,970,877,988,1000,831,958,940,919,767,984,996,979,973,973,867,945,1000,993,982,968,932,971,13,988,985
2024-05-31,125.0.6422.141,883,947,934,1000,1000,362,928,991,998,1000,904,997,197,750,1000,649,868,993,1000,999,981,1000,1000,974,986,997,1000,991,995,997,997,1000,973,998,946,1000,993,988,996,1000,997,996,1000,998,125.0.2535.79,883,947,934,999,1000,242,928,991,962,1000,836,997,197,750,979,649,858,993,928,999,958,1000,1000,831,1000,997,999,946,984,997,993,973,973,964,946,1000,993,1000,997,962,994,995,988,987,126.0.1,941,255,76,1000,867,997,1000,985,939,970,738,993,50,83,1000,1000,895,993,916,970,941,988,1000,1000,971,957,939,977,995,998,984,1000,1000,983,998,1000,1000,995,997,980,994,13,1000,999,17.5 (18618.2.12.111.5),876,947,870,967,943,960,1000,960,925,763,485,981,115,645,482,1000,995,1000,1000,1000,973,999,1000,1000,1000,981,951,816,1000,996,996,1000,1000,892,996,1000,993,997,973,970,976,976,1000,998,-,837,255,76,966,859,202,928,952,854,763,425,981,46,83,482,649,857,987,845,970,877,988,1000,831,958,940,919,765,984,996,979,973,973,867,945,1000,993,985,968,932,968,13,988,985
2024-06-01,125.0.6422.141,883,947,934,1000,1000,362,928,991,998,1000,904,997,197,750,1000,649,868,993,1000,999,981,1000,1000,974,986,997,1000,991,995,997,997,1000,973,998,946,1000,993,985,997,1000,998,996,1000,998,125.0.2535.79,883,947,934,999,1000,242,928,991,962,1000,836,997,197,750,979,649,858,993,928,999,958,1000,1000,831,1000,997,999,948,984,997,993,973,973,964,946,1000,993,1000,997,962,994,995,988,987,126.0.1,941,255,76,1000,867,997,1000,983,939,970,738,993,50,83,1000,1000,895,993,916,970,941,988,1000,1000,971,957,939,977,995,998,984,1000,1000,983,998,1000,1000,995,997,980,994,13,1000,999,17.5 (18618.2.12.111.5),876,947,870,967,943,960,1000,960,925,763,485,981,115,645,482,1000,995,1000,1000,1000,973,999,1000,1000,1000,981,951,816,1000,996,996,1000,1000,892,996,1000,993,997,973,980,976,976,1000,998,-,837,255,76,966,859,202,928,952,854,763,425,981,46,83,482,649,857,987,845,970,877,988,1000,831,958,940,919,767,984,996,979,973,973,867,945,1000,993,979,968,932,969,13,988,985
2024-06-02,125.0.6422.141,883,947,934,1000,1000,362,928,991,998,1000,904,997,197,750,1000,649,868,993,1000,973,981,1000,1000,974,986,997,1000,991,995,997,997,1000,973,998,946,1000,993,993,996,1000,998,996,1000,998,125.0.2535.79,883,947,934,999,1000,242,928,991,963,1000,836,997,197,750,979,649,858,993,928,999,958,1000,1000,831,1000,997,999,948,984,997,993,973,973,964,946,1000,993,1000,997,962,996,994,988,987,126.0.1,941,255,76,1000,867,997,1000,985,939,970,738,993,50,83,1000,1000,895,993,916,970,941,988,1000,1000,971,957,939,977,995,998,984,1000,1000,983,998,1000,1000,995,997,980,994,13,1000,999,17.5 (18618.2.12.111.5),876,947,870,967,943,960,1000,960,925,763,498,981,115,645,482,1000,995,1000,1000,1000,973,999,1000,1000,1000,981,951,816,1000,996,996,1000,1000,892,996,1000,993,997,973,960,976,976,1000,998,-,837,255,76,966,859,202,928,952,855,763,439,981,46,83,482,649,857,987,845,943,877,988,1000,831,958,940,919,767,984,996,979,973,973,867,945,1000,993,987,968,922,971,13,988,985
2024-06-08,125.0.6422.141,883,926,934,1000,1000,362,928,991,998,1000,904,997,197,750,1000,649,868,993,1000,999,981,1000,1000,974,986,997,986,991,995,997,997,1000,973,998,946,1000,993,987,995,1000,998,996,1000,998,125.0.2535.92,883,947,934,999,1000,242,928,991,962,1000,836,997,197,750,979,649,858,993,928,999,958,1000,1000,831,1000,997,986,946,984,997,993,973,973,964,946,1000,993,1000,998,962,994,994,988,987,126.0.1,941,255,76,1000,867,997,1000,985,939,970,738,993,50,83,1000,1000,895,993,916,970,941,988,1000,1000,971,957,952,977,995,998,984,1000,1000,983,998,1000,1000,995,997,980,994,13,1000,999,17.5 (18618.2.12.111.5),876,947,870,967,943,960,1000,960,925,763,498,981,115,645,482,1000,995,1000,1000,1000,973,999,1000,1000,1000,981,938,816,1000,996,996,1000,1000,892,996,1000,993,997,973,980,976,976,1000,998,-,837,255,76,966,859,202,928,952,854,763,439,981,46,83,482,649,857,987,845,970,877,988,1000,831,958,940,919,765,984,996,979,973,973,867,945,1000,993,983,968,932,969,13,988,985
2024-06-09,125.0.6422.141,883,905,934,1000,1000,362,928,991,998,1000,904,997,197,750,1000,649,868,993,1000,999,981,1000,1000,974,986,997,986,991,995,997,997,1000,973,998,946,1000,993,995,996,1000,998,996,1000,987,125.0.2535.92,883,947,934,999,1000,242,928,991,963,1000,836,997,197,750,979,649,858,993,928,999,958,1000,1000,831,1000,997,986,948,984,997,993,973,973,964,946,1000,993,1000,998,962,996,995,965,987,126.0.1,941,255,76,1000,867,997,1000,983,939,970,738,993,50,83,1000,1000,895,993,916,970,941,988,1000,1000,971,957,952,977,995,998,984,1000,1000,983,998,1000,1000,995,997,980,994,13,1000,999,17.5 (18618.2.12.111.5),876,947,870,967,943,960,1000,960,925,763,485,981,115,583,482,1000,995,1000,1000,1000,973,999,1000,1000,1000,981,938,816,1000,996,996,1000,1000,892,996,1000,993,997,973,970,976,976,1000,998,-,837,255,76,966,859,202,928,952,855,763,425,981,46,83,482,649,857,987,845,970,877,988,1000,831,958,940,919,767,984,996,979,973,973,867,945,1000,993,990,969,932,971,13,965,973
2024-06-10,125.0.6422.141,883,947,934,1000,1000,362,928,991,998,1000,904,997,197,750,1000,649,868,993,1000,999,981,1000,1000,974,986,997,986,991,995,997,997,1000,973,998,946,1000,993,992,997,1000,998,996,1000,998,125.0.2535.92,883,947,934,999,1000,242,928,991,962,1000,836,997,197,750,979,649,858,993,928,999,958,1000,1000,831,1000,997,986,948,984,997,993,973,973,964,946,1000,993,1000,997,962,996,980,977,987,126.0.1,941,255,76,1000,867,997,1000,983,939,970,738,993,50,83,1000,1000,895,993,916,970,941,988,1000,1000,971,957,952,975,995,998,984,1000,1000,983,998,1000,1000,995,997,980,994,13,1000,999,17.5 (18618.2.12.111.5),876,947,870,967,943,960,1000,960,925,763,485,981,115,645,482,1000,995,1000,1000,1000,973,999,1000,1000,1000,981,938,816,1000,996,996,1000,1000,892,996,1000,993,997,973,980,976,976,1000,998,-,837,255,76,966,859,202,928,952,854,763,425,981,46,83,482,649,857,987,845,970,877,988,1000,831,958,940,919,767,984,996,979,973,973,867,945,1000,993,986,969,932,971,13,977,985
2024-06-11,125.0.6422.141,883,947,934,1000,1000,362,928,991,998,1000,904,997,197,750,1000,649,868,993,1000,999,981,1000,1000,974,986,997,986,991,995,997,997,1000,973,998,946,1000,993,991,995,1000,998,996,1000,998,125.0.2535.92,883,947,934,999,1000,242,928,991,963,1000,836,997,197,750,979,649,858,993,928,999,958,1000,1000,831,1000,997,986,948,984,997,993,973,973,964,946,1000,993,1000,998,962,996,995,988,987,126.0.1,941,255,76,1000,867,997,1000,985,939,970,738,993,50,83,1000,1000,895,993,916,970,941,988,1000,1000,971,957,952,977,995,998,984,1000,1000,983,998,1000,1000,995,997,980,994,13,1000,999,17.5 (18618.2.12.111.5),876,947,870,967,943,960,1000,960,925,763,512,981,115,645,482,1000,995,1000,1000,1000,973,999,1000,1000,1000,981,938,816,1000,996,996,1000,1000,892,996,1000,993,997,973,980,976,976,1000,998,-,837,255,76,966,859,202,928,952,855,763,452,981,46,83,482,649,857,987,845,970,877,988,1000,831,958,940,919,767,984,996,979,973,973,867,945,1000,993,986,968,932,971,13,988,985
2024-06-12,126.0.6478.55,906,936,937,1000,1000,362,928,986,998,1000,904,997,197,750,1000,649,868,993,1000,999,981,1000,1000,974,986,997,988,995,1000,1000,997,1000,973,990,946,1000,993,990,997,1000,1000,996,1000,998,125.0.2535.92,883,936,934,999,1000,242,928,991,962,1000,836,997,197,750,979,649,858,993,928,999,958,1000,1000,831,1000,997,987,946,984,997,993,973,973,964,946,1000,993,1000,997,962,994,995,965,987,127.0,944,255,76,1000,867,997,1000,996,939,1000,738,1000,50,83,1000,1000,897,993,940,970,941,988,1000,1000,971,999,952,977,995,998,984,1000,1000,983,998,1000,1000,995,997,980,994,13,1000,999,17.5 (18618.2.12.111.5),876,933,870,967,943,960,1000,960,925,763,485,981,115,620,482,1000,995,1000,1000,1000,973,999,1000,1000,1000,981,940,816,1000,996,996,1000,1000,892,996,1000,993,997,973,980,976,976,1000,996,-,837,255,76,966,859,202,928,955,854,763,425,981,46,83,482,649,857,987,869,970,877,988,1000,831,958,981,920,765,984,996,979,973,973,861,945,1000,993,987,969,932,969,13,965,983
2024-06-14,126.0.6478.61,906,915,937,1000,1000,362,928,991,998,1000,904,997,197,750,1000,649,868,993,1000,999,981,1000,1000,974,986,997,988,994,1000,1000,997,1000,973,990,946,1000,993,981,997,1000,1000,996,1000,998,126.0.2592.56,906,936,937,999,1000,362,928,991,997,1000,836,997,197,750,1000,649,858,993,1000,999,958,1000,1000,974,1000,997,987,980,984,1000,993,973,973,995,946,1000,993,1000,997,962,996,995,988,998,127.0,944,255,76,1000,867,997,1000,996,939,1000,738,1000,50,83,1000,1000,897,993,940,970,941,988,1000,1000,971,999,952,977,995,998,984,1000,1000,983,998,1000,1000,995,997,980,994,13,1000,999,17.5 (18618.2.12.111.5),876,933,870,967,943,960,1000,960,925,763,498,981,115,645,482,1000,995,1000,1000,1000,973,999,1000,1000,1000,981,940,816,1000,996,996,1000,1000,892,996,1000,993,997,973,960,976,976,1000,998,-,844,255,76,966,859,322,928,957,887,763,439,981,46,83,482,649,857,987,940,970,877,988,1000,974,958,981,920,788,984,996,979,973,973,881,945,1000,993,977,969,922,971,13,988,996
2024-06-17,126.0.6478.61,906,936,937,1000,1000,362,928,985,998,1000,904,997,197,750,1000,649,868,993,1000,999,981,1000,1000,974,986,997,988,994,1000,1000,997,1000,973,990,946,1000,993,990,997,1000,1000,996,1000,998,126.0.2592.56,906,936,937,999,1000,362,928,991,997,1000,836,997,197,750,1000,649,858,993,1000,999,958,1000,1000,974,1000,997,987,982,984,1000,993,973,973,995,946,1000,993,1000,998,962,996,994,977,998,127.0,944,255,76,1000,867,997,1000,996,939,1000,738,1000,50,83,1000,1000,897,993,940,970,941,988,1000,1000,971,999,952,977,995,998,984,1000,1000,983,998,1000,1000,995,997,980,994,13,1000,999,17.5 (19618.2.12.11.6),876,933,870,967,943,960,1000,960,925,763,498,975,115,645,482,1000,995,1000,1000,1000,973,999,1000,1000,1000,981,940,814,1000,941,996,973,1000,881,996,1000,993,997,975,967,983,991,1000,996,-,844,255,76,966,859,322,928,955,887,763,439,975,46,83,482,649,857,987,940,970,877,988,1000,974,958,981,920,788,984,941,979,947,973,870,945,1000,993,984,971,932,973,13,977,994
2024-06-18,126.0.6478.61,907,936,937,1000,1000,362,928,991,998,1000,904,997,197,750,1000,649,868,993,1000,999,981,1000,1000,974,986,997,988,994,1000,1000,997,1000,973,990,946,1000,993,989,991,1000,1000,987,1000,998,126.0.2592.61,907,936,937,999,1000,362,928,991,997,1000,836,997,197,750,1000,649,858,993,1000,999,958,1000,1000,974,1000,997,987,982,984,1000,993,973,973,995,946,1000,993,1000,993,962,996,979,977,998,127.0,951,255,76,1000,867,997,1000,996,939,1000,738,1000,50,83,1000,1000,897,993,940,970,941,988,1000,1000,971,999,952,977,995,998,984,1000,973,983,998,1000,1000,995,992,980,994,12,1000,999,17.5 (19618.2.12.11.6),882,933,870,967,943,960,1000,960,925,763,498,978,115,645,482,1000,995,1000,1000,1000,973,999,1000,1000,1000,981,940,814,1000,941,992,1000,1000,881,996,1000,993,997,970,967,983,982,1000,998,-,850,255,76,966,859,322,928,957,887,763,439,978,46,83,482,649,857,987,940,970,877,988,1000,974,958,981,920,788,984,941,975,973,973,870,945,1000,993,984,969,932,973,12,977,996
2024-06-19,126.0.6478.62,907,915,937,1000,1000,362,928,991,998,1000,904,997,197,750,1000,649,868,993,1000,999,981,1000,1000,974,986,997,988,995,1000,1000,997,1000,973,990,946,1000,993,983,992,1000,1000,987,1000,998,126.0.2592.61,907,936,937,999,1000,362,928,991,998,1000,836,997,197,750,1000,649,858,993,1000,999,958,1000,1000,974,1000,993,987,982,984,1000,993,973,973,995,946,1000,993,1000,993,962,997,984,1000,998,127.0,950,255,76,1000,867,997,1000,996,939,1000,738,1000,50,83,1000,1000,897,993,940,970,941,988,1000,1000,971,999,952,977,995,998,984,1000,1000,983,998,1000,1000,995,992,980,994,12,1000,999,17.5 (19618.2.12.11.6),882,933,870,967,943,960,1000,960,925,763,498,981,115,645,482,1000,995,1000,1000,1000,973,999,1000,1000,1000,981,940,814,1000,941,996,1000,1000,881,996,1000,993,997,970,967,983,982,1000,998,-,850,255,76,966,859,322,928,957,887,763,439,981,46,83,482,649,857,987,940,970,877,988,1000,974,958,977,920,788,984,941,979,973,973,870,945,1000,993,981,971,932,975,12,1000,996
