feature,chrome,firefox,safari,interop,tests
aborting,100.0,100.0,100.0,100.0,13
abortsignal-any,100.0,100.0,100.0,100.0,2
active-view-transition,100.0,100.0,100.0,100.0,3
alternative-style-sheets,100.0,100.0,100.0,100.0,7
animation-composition,100.0,100.0,100.0,100.0,5
aria-attribute-reflection,100.0,100.0,100.0,100.0,1
autocorrect,100.0,100.0,100.0,100.0,1
autofill,100.0,100.0,100.0,100.0,1
b,100.0,100.0,100.0,100.0,2
base64encodedecode,100.0,100.0,100.0,100.0,2
bdo,100.0,100.0,100.0,100.0,4
br,100.0,100.0,100.0,100.0,2
canvas-createconicgradient,100.0,100.0,100.0,100.0,9
canvas-roundrect,100.0,100.0,100.0,100.0,168
cap,100.0,100.0,100.0,100.0,2
capture-stream-canvas,100.0,100.0,100.0,100.0,1
cascade-layers,100.0,100.0,100.0,100.0,22
check-visibility,100.0,100.0,100.0,100.0,1
color-contrast,100.0,100.0,100.0,100.0,1
color-gamut,100.0,100.0,100.0,100.0,5
column-pseudo,100.0,100.0,100.0,100.0,1
console,100.0,100.0,100.0,100.0,14
constructed-stylesheets,100.0,100.0,100.0,100.0,14
contain,100.0,100.0,100.0,100.0,14
contain-intrinsic-size,100.0,100.0,100.0,100.0,59
contain-paint,100.0,100.0,100.0,100.0,82
contenteditable-plaintextonly,100.0,100.0,100.0,100.0,1
cookie-enabled,100.0,100.0,100.0,100.0,2
cors,100.0,100.0,100.0,100.0,25
counter-set,100.0,100.0,100.0,100.0,2
crisp-edges,100.0,100.0,100.0,100.0,50
cross-fade,100.0,100.0,100.0,100.0,2
css-escape,100.0,100.0,100.0,100.0,1
cubic-bezier-easing,100.0,100.0,100.0,100.0,1
dataset,100.0,100.0,100.0,100.0,8
default,100.0,100.0,100.0,100.0,1
del,100.0,100.0,100.0,100.0,1
description-list,100.0,100.0,100.0,100.0,3
details-name,100.0,100.0,100.0,100.0,1
device-queries,100.0,100.0,100.0,100.0,4
dir-pseudo,100.0,100.0,100.0,100.0,27
div,100.0,100.0,100.0,100.0,1
document-colors,100.0,100.0,100.0,100.0,4
early-data,100.0,100.0,100.0,100.0,4
em-unit,100.0,100.0,100.0,100.0,7
empty,100.0,100.0,100.0,100.0,2
ex,100.0,100.0,100.0,100.0,6
exp-functions,100.0,100.0,100.0,100.0,6
fetch-priority,100.0,100.0,100.0,100.0,5
file-selector-button,100.0,100.0,100.0,100.0,6
flexbox-gap,100.0,100.0,100.0,100.0,47
font-family-ui,100.0,100.0,100.0,100.0,11
font-optical-sizing,100.0,100.0,100.0,100.0,5
font-synthesis-position,100.0,100.0,100.0,100.0,1
font-synthesis-weight,100.0,100.0,100.0,100.0,6
font-variant-alternates,100.0,100.0,100.0,100.0,24
font-variant-caps,100.0,100.0,100.0,100.0,12
font-variant-east-asian,100.0,100.0,100.0,100.0,14
font-variant-numeric,100.0,100.0,100.0,100.0,13
font-variant-position,100.0,100.0,100.0,100.0,6
getallrecords,100.0,100.0,100.0,100.0,8
gethtml,100.0,100.0,100.0,100.0,2
gradient-interpolation,100.0,100.0,100.0,100.0,3
grid-animation,100.0,100.0,100.0,100.0,15
hanging-punctuation,100.0,100.0,100.0,100.0,2
hardware-concurrency,100.0,100.0,100.0,100.0,3
headings,100.0,100.0,100.0,100.0,1
hsts,100.0,100.0,100.0,100.0,1
http2,100.0,100.0,100.0,100.0,3
hwb,100.0,100.0,100.0,100.0,5
imagebitmaprenderingcontext,100.0,100.0,100.0,100.0,14
import,100.0,100.0,100.0,100.0,33
initial-value,100.0,100.0,100.0,100.0,2
input-button,100.0,100.0,100.0,100.0,2
input-email-tel-url,100.0,100.0,100.0,100.0,4
input-file,100.0,100.0,100.0,100.0,5
input-hidden,100.0,100.0,100.0,100.0,2
input-image,100.0,100.0,100.0,100.0,2
input-password,100.0,100.0,100.0,100.0,3
input-reset,100.0,100.0,100.0,100.0,1
input-submit,100.0,100.0,100.0,100.0,2
ins,100.0,100.0,100.0,100.0,1
isolation,100.0,100.0,100.0,100.0,5
justify-self-block,100.0,100.0,100.0,100.0,2
language,100.0,100.0,100.0,100.0,2
line-height,100.0,100.0,100.0,100.0,86
link-selectors,100.0,100.0,100.0,100.0,10
mask-border,100.0,100.0,100.0,100.0,1
mask-type,100.0,100.0,100.0,100.0,6
media-query-range-syntax,100.0,100.0,100.0,100.0,3
meter,100.0,100.0,100.0,100.0,7
min-max-width-height,100.0,100.0,100.0,100.0,6
modal,100.0,100.0,100.0,100.0,2
named-color,100.0,100.0,100.0,100.0,3
namespace,100.0,100.0,100.0,100.0,130
non-cookie-storage-access,100.0,100.0,100.0,100.0,1
nth-child,100.0,100.0,100.0,100.0,7
nth-of-type,100.0,100.0,100.0,100.0,16
numeric-factory-functions,100.0,100.0,100.0,100.0,4
offline-audio-context,100.0,100.0,100.0,100.0,4
online,100.0,100.0,100.0,100.0,3
output,100.0,100.0,100.0,100.0,2
overflow,100.0,100.0,100.0,100.0,1
overflow-anchor,100.0,100.0,100.0,100.0,8
overflow-overlay,100.0,100.0,100.0,100.0,1
overlay,100.0,100.0,100.0,100.0,6
p,100.0,100.0,100.0,100.0,1
pdf-viewer,100.0,100.0,100.0,100.0,1
physical-properties,100.0,100.0,100.0,100.0,200
picture,100.0,100.0,100.0,100.0,1
placeholder-shown,100.0,100.0,100.0,100.0,7
position,100.0,100.0,100.0,100.0,4
pre,100.0,100.0,100.0,100.0,3
prefers-contrast,100.0,100.0,100.0,100.0,1
prefers-reduced-motion,100.0,100.0,100.0,100.0,1
preloading-responsive-images,100.0,100.0,100.0,100.0,2
preserves-pitch,100.0,100.0,100.0,100.0,1
progress,100.0,100.0,100.0,100.0,4
q-unit,100.0,100.0,100.0,100.0,2
queuemicrotask,100.0,100.0,100.0,100.0,10
rcap,100.0,100.0,100.0,100.0,1
rch,100.0,100.0,100.0,100.0,1
read-write-pseudos,100.0,100.0,100.0,100.0,4
rect-xywh,100.0,100.0,100.0,100.0,6
request-animation-frame,100.0,100.0,100.0,100.0,10
request-animation-frame-workers,100.0,100.0,100.0,100.0,1
requestclose,100.0,100.0,100.0,100.0,10
rex,100.0,100.0,100.0,100.0,1
rgb,100.0,100.0,100.0,100.0,24
ric,100.0,100.0,100.0,100.0,1
root,100.0,100.0,100.0,100.0,4
round-mod-rem,100.0,100.0,100.0,100.0,5
ruby,100.0,100.0,100.0,100.0,2
safe-area-inset,100.0,100.0,100.0,100.0,1
scope-pseudo,100.0,100.0,100.0,100.0,3
screen,100.0,100.0,100.0,100.0,6
scripting,100.0,100.0,100.0,100.0,3
scroll-initial-target,100.0,100.0,100.0,100.0,3
scroll-target-group,100.0,100.0,100.0,100.0,3
scrollbar-width,100.0,100.0,100.0,100.0,25
search-input-type,100.0,100.0,100.0,100.0,1
setinterval,100.0,100.0,100.0,100.0,14
settimeout,100.0,100.0,100.0,100.0,11
shape-function,100.0,100.0,100.0,100.0,3
shapes,100.0,100.0,100.0,100.0,15
show-picker-input,100.0,100.0,100.0,100.0,4
static-positioning,100.0,100.0,100.0,100.0,2
strong,100.0,100.0,100.0,100.0,1
structured-clone,100.0,100.0,100.0,100.0,4
style-attr,100.0,100.0,100.0,100.0,17
svg-discouraged,100.0,100.0,100.0,100.0,1
svg-filters,100.0,100.0,100.0,100.0,7
text-indent-each-line,100.0,100.0,100.0,100.0,1
text-indent-hanging,100.0,100.0,100.0,100.0,1
text-size-adjust,100.0,100.0,100.0,100.0,1
text-wrap,100.0,100.0,100.0,100.0,10
time,100.0,100.0,100.0,100.0,1
title,100.0,100.0,100.0,100.0,15
top-level-await,100.0,100.0,100.0,100.0,2
transition-behavior,100.0,100.0,100.0,100.0,3
trig-functions,100.0,100.0,100.0,100.0,6
unset-value,100.0,100.0,100.0,100.0,12
update,100.0,100.0,100.0,100.0,1
url-canparse,100.0,100.0,100.0,100.0,2
user-agent-sniffing,100.0,100.0,100.0,100.0,4
view-transition-class,100.0,100.0,100.0,100.0,19
view-transitions-element-scoped,100.0,100.0,100.0,100.0,4
viewport-unit-variants,100.0,100.0,100.0,100.0,7
visibility,100.0,100.0,100.0,100.0,5
wbr,100.0,100.0,100.0,100.0,1
webauthn-public-key-easy,100.0,100.0,100.0,100.0,1
webvtt-cue-settings,100.0,100.0,100.0,100.0,6
where,100.0,100.0,100.0,100.0,5
word-spacing,100.0,100.0,100.0,100.0,82
writing-mode-svg-values,100.0,100.0,100.0,100.0,1
indexeddb,100.0,100.0,100.0,100.0,801
padding,100.0,100.0,100.0,100.0,346
image-set,99.9,100.0,100.0,99.9,39
nesting,99.9,100.0,99.9,99.9,48
input-color,100.0,99.8,100.0,99.8,3
input-color-alpha,100.0,99.8,100.0,99.8,3
mutationobserver,99.7,100.0,100.0,99.7,13
table,100.0,99.6,100.0,99.6,29
light-dark,100.0,99.6,100.0,99.6,7
text-encoding,99.5,99.4,100.0,99.4,1341
calc-constants,99.6,100.0,99.2,99.2,6
dialog-closedby,100.0,100.0,99.2,99.2,8
contrast-color,99.2,100.0,100.0,99.2,7
hsl,99.5,99.0,100.0,99.0,47
abs-sign,98.9,99.4,99.2,98.9,4
font-shorthand,100.0,100.0,98.9,98.9,22
attr-contents,100.0,98.8,100.0,98.8,83
font-stretch,98.8,99.9,98.9,98.8,22
streams,98.7,99.6,99.6,98.6,224
dom-geometry,99.9,98.6,99.7,98.5,30
dominant-baseline,98.5,100.0,98.5,98.5,32
state,100.0,100.0,98.4,98.4,8
font-variant,98.4,98.4,100.0,98.4,9
custom-properties,99.6,98.7,99.2,98.3,245
counter-style,99.5,99.4,98.3,98.3,67
color-function,100.0,100.0,98.2,98.2,56
width-height,99.9,99.5,98.6,98.1,756
charset,100.0,98.1,100.0,98.1,53
lang-attr,100.0,98.0,100.0,98.0,17
opacity-svg,100.0,97.8,100.0,97.8,9
media-queries,97.8,97.8,97.8,97.8,46
float-clear,100.0,97.8,100.0,97.8,45
logical-properties,98.9,97.7,98.9,97.7,92
change-event,100.0,100.0,97.7,97.7,4
document-caretpositionfrompoint,100.0,100.0,97.6,97.6,3
scroll-behavior,100.0,100.0,97.6,97.6,14
pointer-events,100.0,97.6,100.0,97.6,1
z-index,97.5,97.5,97.5,97.5,40
scroll-into-view,97.3,98.2,98.2,97.3,28
contain-layout,100.0,98.6,98.6,97.3,73
borders,100.0,99.6,97.6,97.3,549
performance,99.6,97.6,99.0,97.1,130
lang,100.0,97.1,99.9,97.1,83
file,98.1,99.9,97.7,97.1,107
transforms2d,99.8,99.1,97.7,97.1,665
text-underline-offset,100.0,100.0,96.9,96.9,18
clip,100.0,98.8,97.8,96.6,92
min-max-clamp,99.3,99.8,97.6,96.6,36
margin,99.0,97.1,98.3,96.6,397
textarea,100.0,99.6,96.8,96.4,31
canvas,100.0,97.9,98.0,96.3,122
domparser,96.3,97.5,96.3,96.3,16
vertical-align,98.7,100.0,96.2,96.2,82
all,99.5,96.8,100.0,96.2,31
transforms3d,100.0,97.8,98.4,96.2,198
template,98.0,96.2,97.8,96.2,51
text-align-last,97.3,95.9,97.0,95.9,37
matchmedia,95.8,100.0,97.0,95.8,11
flexbox,99.7,98.1,97.0,95.8,1327
appearance,95.8,100.0,99.9,95.7,24
event-timing,98.6,98.5,95.7,95.7,71
meta,100.0,95.7,100.0,95.7,23
document-write,96.9,98.6,97.8,95.5,147
execcommand,95.9,97.6,95.4,95.4,48
aspect-ratio,99.2,96.7,98.4,95.4,261
font-style,96.2,95.4,95.9,95.4,26
calc,98.5,95.3,99.0,95.3,70
selectors,98.6,98.1,98.3,95.1,248
backdrop,100.0,95.0,100.0,95.0,20
postmessage,96.3,98.5,99.7,95.0,119
beacons,96.9,98.0,100.0,94.9,16
localstorage,96.8,99.6,97.6,94.8,50
supports,97.5,95.9,96.4,94.8,123
layout-direction-override,98.5,97.2,95.8,94.6,199
relative-color,94.5,99.8,97.0,94.5,23
slot-assign,100.0,100.0,94.4,94.4,9
starting-style,100.0,94.4,100.0,94.4,9
motion-path,98.5,98.8,96.6,94.4,141
shape-outside,99.4,97.1,97.1,94.3,333
will-change,100.0,100.0,94.3,94.3,53
has,97.7,98.5,95.6,94.3,88
box-sizing,100.0,100.0,94.3,94.3,88
font-size,94.3,98.6,98.6,94.3,70
individual-transforms,96.2,96.2,94.1,94.1,26
element-from-point,100.0,96.6,95.8,94.1,30
audio,100.0,94.1,100.0,94.1,17
bdi,100.0,94.1,100.0,94.1,17
display-mode,100.0,100.0,94.1,94.1,1
form-associated-custom-elements,100.0,100.0,94.1,94.1,17
xhr,96.6,98.5,98.4,94.0,421
closewatcher,100.0,100.0,94.0,94.0,67
nth-child-of,100.0,100.0,94.0,94.0,67
server-sent-events,93.9,100.0,100.0,93.9,99
contain-style,100.0,100.0,93.9,93.9,41
dedicated-workers,93.9,98.8,99.3,93.9,151
transitions,97.3,97.3,98.0,93.8,118
contain-inline-size,100.0,100.0,93.8,93.8,16
input-range,100.0,93.8,100.0,93.8,16
background-color,100.0,100.0,93.8,93.7,80
border-image,99.7,98.0,95.6,93.6,100
scrollbar-gutter,96.8,96.8,100.0,93.5,31
form,97.8,96.5,96.1,93.5,72
server-timing,99.0,96.9,94.8,93.5,10
js-modules-workers,98.8,94.7,94.7,93.5,14
websockets,94.6,95.5,95.2,93.4,708
contain-size,100.0,96.5,96.8,93.4,96
referrer-policy,99.7,97.1,95.4,93.4,1379
shadow-parts,97.7,93.8,97.5,93.4,53
text-tracks,97.1,97.1,94.0,93.4,98
ch,100.0,100.0,93.3,93.3,15
fit-content,100.0,100.0,93.3,93.3,15
font-variant-ligatures,100.0,100.0,93.3,93.3,15
hidden-until-found,100.0,100.0,93.3,93.3,15
media-playback-quality,100.0,93.3,100.0,93.3,1
font-family,93.8,96.3,96.9,93.2,32
dialog,99.7,98.0,95.4,93.1,109
events,98.4,97.3,95.3,92.9,100
object-view-box,100.0,92.9,92.9,92.9,7
oklab,92.9,92.9,92.9,92.9,28
autonomous-custom-elements,98.9,96.2,96.4,92.9,85
content-visibility,98.1,96.9,96.5,92.8,233
background,99.1,99.1,93.0,92.8,160
line-break,97.0,96.4,94.5,92.7,166
script,99.4,97.8,94.6,92.6,283
writing-mode,98.5,98.2,93.1,92.6,1146
background-repeat,96.1,100.0,96.5,92.6,57
grid,99.3,98.1,93.5,92.5,1123
iframe-sandbox,99.0,98.0,94.7,92.3,85
ic,100.0,100.0,92.3,92.3,13
js-modules-shared-workers,97.5,93.7,93.7,92.2,11
mixed-content,97.5,95.9,93.3,92.0,388
constraint-validation,100.0,96.5,95.5,92.0,57
steps-easing,99.0,92.9,99.5,91.9,14
shadow-dom,98.2,97.4,94.9,91.9,166
table-discouraged,97.6,91.7,97.6,91.7,17
field-sizing,100.0,91.7,100.0,91.7,12
linear-easing,91.4,91.4,99.3,91.4,4
channel-messaging,91.4,92.3,92.3,91.4,62
is,98.5,92.9,98.9,91.3,14
color-mix,97.5,93.4,99.8,91.3,16
visual-viewport,94.1,97.1,100.0,91.2,17
view-transitions,99.1,93.5,97.6,91.1,323
list-style,99.9,100.0,91.0,91.0,90
font-palette,100.0,100.0,90.9,90.9,56
currentcolor,100.0,90.9,100.0,90.9,11
lab,90.9,90.9,90.9,90.9,22
readable-byte-streams,90.9,100.0,100.0,90.9,44
transform-box,100.0,100.0,90.9,90.9,33
get-computed-style,96.5,95.4,94.5,90.9,22
animations-css,98.6,93.7,98.0,90.8,180
not,100.0,90.9,99.7,90.6,11
gradients,100.0,100.0,90.5,90.5,63
search,100.0,100.0,90.5,90.5,2
overflow-wrap,96.7,95.1,95.1,90.4,63
sticky-positioning,97.2,93.1,94.4,90.3,108
offscreen-canvas,96.4,95.9,91.5,90.2,1091
async-iterable-streams,97.6,90.2,100.0,90.2,4
canvas-2d,96.8,96.3,92.6,90.1,1020
page-visibility,100.0,100.0,90.0,90.0,10
scrollbar-color,100.0,100.0,90.0,90.0,30
url,94.6,91.4,99.3,89.9,75
background-origin,94.0,95.8,91.7,89.9,24
font-feature-settings,100.0,99.8,90.0,89.8,12
web-animations,97.3,93.3,97.5,89.7,191
webgl,100.0,99.6,89.6,89.6,10
device-memory,100.0,89.5,89.5,89.5,2
gpc,89.5,100.0,100.0,89.5,4
tab-size,100.0,100.0,89.5,89.5,19
outlines,89.4,89.4,89.4,89.4,68
css-object-model,94.8,98.6,94.0,89.4,47
input-number,100.0,89.3,100.0,89.3,7
abortable-fetch,94.9,93.4,96.8,89.3,15
font-synthesis,89.2,100.0,89.2,89.2,11
trusted-types,97.4,99.4,92.1,89.2,232
user-pseudos,100.0,89.2,100.0,89.2,3
container-queries,99.5,93.6,94.7,89.0,151
color-scheme,100.0,95.2,93.7,88.9,42
accent-color,100.0,100.0,88.9,88.9,9
broadcast-channel,88.9,100.0,100.0,88.9,18
figure,97.2,88.9,100.0,88.9,4
lh,100.0,100.0,88.9,88.9,9
ruby-position,88.9,88.9,100.0,88.9,3
storage-manager,100.0,100.0,88.9,88.9,18
text-indent,100.0,88.9,100.0,88.9,27
text-underline-position,100.0,100.0,88.9,88.9,9
word-break-break-word,100.0,88.9,100.0,88.9,9
anchor-positioning,99.0,91.1,97.8,88.8,465
intersection-observer,94.0,94.2,97.2,88.8,105
autofocus,98.9,100.0,88.5,88.5,29
data-urls,100.0,88.2,100.0,88.2,17
private-click-measurement,88.2,88.2,100.0,88.2,1
xpath,96.3,89.8,96.3,88.2,34
registered-custom-properties,95.8,89.6,94.5,88.1,117
font-weight,88.5,88.1,88.1,88.1,26
text-align,89.5,89.5,88.1,88.1,68
srcset,100.0,99.6,88.2,87.8,17
beforeunload,100.0,100.0,87.5,87.5,8
dirname,100.0,100.0,87.5,87.5,4
related-apps,100.0,87.5,87.5,87.5,1
tabindex,100.0,100.0,87.5,87.5,8
translate,100.0,87.5,100.0,87.5,8
input-selectors,88.9,98.4,100.0,87.3,9
subgrid,98.4,90.5,96.2,87.3,125
background-size,96.1,99.5,90.8,87.2,260
focus-visible,100.0,96.2,91.0,87.2,52
scroll-elements,97.3,99.8,87.0,87.0,25
attr,87.7,96.1,99.4,87.0,40
focus-within,100.0,95.7,91.3,87.0,23
background-clip,99.1,86.9,98.3,86.9,30
overflow-clip,100.0,100.0,86.8,86.8,19
parse-html-unsafe,100.0,87.4,94.5,86.8,13
cursor,88.5,96.7,98.5,86.7,5
backdrop-filter,96.7,93.5,92.1,86.7,92
font-size-adjust,90.0,100.0,96.7,86.7,30
selection-api,98.0,97.5,89.3,86.5,137
invoker-commands,90.4,88.9,86.5,86.2,33
input-checkbox,86.1,97.2,100.0,86.1,9
opacity,98.4,92.0,94.1,86.1,17
text-transform,95.0,91.8,91.7,86.1,159
viewport-units,90.6,93.7,89.1,85.9,32
host-context,100.0,85.7,85.7,85.7,2
clip-path-boxes,100.0,85.7,100.0,85.7,14
target,100.0,100.0,85.7,85.7,7
zoom,99.8,90.0,95.7,85.7,95
text-decoration,93.1,91.8,88.9,85.6,122
background-position,98.4,99.5,86.9,85.4,154
http-authentication,93.8,100.0,91.7,85.4,16
declarative-shadow-dom,100.0,85.4,85.3,85.3,29
js-modules,94.4,95.3,87.7,85.2,131
list-elements,100.0,88.1,97.0,85.1,67
slot,87.9,99.8,97.1,85.0,35
origin-private-file-system,100.0,85.0,90.0,85.0,5
navigation-timing,98.2,88.6,92.2,85.0,55
css-supports,99.8,90.5,94.6,84.9,7
filter,96.7,98.9,87.0,84.8,92
largest-contentful-paint,92.4,89.1,87.9,84.7,66
resize-observer,97.0,96.0,85.7,84.7,20
transferable-streams,84.6,100.0,100.0,84.6,13
shared-workers,89.6,92.6,97.3,84.4,59
iframe,94.9,94.9,93.4,84.2,49
image-rendering,84.0,92.0,84.0,84.0,5
display-contents,97.3,89.3,94.7,84.0,75
details,100.0,100.0,83.8,83.8,37
img,95.2,95.0,88.8,83.8,55
location,86.9,92.8,91.5,83.6,52
display-table,98.7,92.5,89.4,83.6,319
details-content,100.0,100.0,83.3,83.3,6
font-synthesis-small-caps,100.0,100.0,83.3,83.3,6
media-pseudos,100.0,100.0,83.3,83.3,8
open-pseudo,100.0,83.3,100.0,83.3,6
scroll-buttons,100.0,83.3,94.4,83.3,9
text-stroke-fill,83.3,100.0,100.0,83.3,12
csp,95.6,89.0,87.1,83.1,870
clip-path,97.9,90.1,90.8,83.1,142
min-max-content,98.2,83.1,97.7,83.1,56
font-loading,98.8,92.2,88.3,83.1,27
select,96.3,91.1,90.1,83.1,87
background-image,99.4,93.4,88.0,82.8,58
fetch,90.5,88.2,90.7,82.4,648
hashchange,100.0,100.0,82.4,82.4,17
image-orientation,97.1,94.1,91.2,82.4,34
png,100.0,100.0,82.4,82.4,34
link,86.2,94.9,98.9,82.3,26
input,97.7,99.4,83.6,82.0,60
scrollend,100.0,88.6,91.8,81.9,35
form-validity-pseudos,100.0,90.9,90.9,81.8,11
button,96.6,95.1,84.6,81.8,35
border-radius,83.3,83.3,81.8,81.8,66
mathml,97.4,90.8,91.4,81.7,414
vibration,100.0,81.3,81.3,81.3,1
counters,95.8,98.6,83.9,81.0,219
navigation,99.1,95.3,85.4,81.0,447
font-synthesis-style,81.0,100.0,100.0,81.0,7
text-wrap-balance,100.0,100.0,81.0,81.0,21
mediastream-recording,94.9,94.4,87.8,80.9,116
js-modules-service-workers,100.0,85.7,95.0,80.7,2
style,95.8,84.7,84.7,80.6,24
storage-access,95.0,100.0,84.5,80.5,25
relative-positioning,100.0,99.8,80.6,80.3,72
input-date-time,100.0,91.7,88.4,80.1,24
scroll-snap,99.3,98.2,80.4,80.1,146
download,100.0,100.0,80.0,80.0,5
indeterminate,80.0,100.0,100.0,80.0,5
placeholder,80.0,100.0,100.0,80.0,5
content,96.8,96.8,84.0,79.8,94
font-variation-settings,100.0,99.8,79.9,79.7,15
inert,98.2,96.4,84.8,79.4,28
contenteditable,95.5,96.8,82.0,79.4,19
compression-streams,82.0,100.0,97.3,79.3,74
import-maps,100.0,79.7,99.5,79.2,56
mouse-events,90.4,98.3,79.4,79.1,47
object-position,78.9,100.0,100.0,78.9,19
web-locks,96.5,96.5,85.5,78.5,86
createimagebitmap,92.8,94.6,83.0,78.5,26
embed,100.0,87.5,88.6,78.4,22
text-box,93.1,100.0,84.6,78.4,109
canvas-reset,100.0,91.9,86.5,78.4,111
dynamic-range,91.3,100.0,78.3,78.3,1
font-face,96.1,98.9,80.7,78.3,28
letter-spacing,82.2,81.2,79.2,78.2,101
label,90.7,92.5,86.5,78.2,10
smil-svg-animations,99.6,97.5,81.0,78.2,285
multi-column,100.0,97.8,80.3,78.1,185
absolute-positioning,100.0,97.2,80.5,78.0,82
column-span,99.4,96.7,80.7,77.9,181
container-style-queries,94.3,97.9,79.9,77.9,29
white-space,90.3,90.7,90.9,77.9,506
iframe-srcdoc,95.5,90.9,90.9,77.3,11
scope,98.9,92.4,79.2,77.0,46
webrtc,87.4,88.8,88.0,76.9,238
interactivity,86.7,76.7,76.7,76.7,5
cookies,95.8,87.4,79.3,76.5,64
base,91.3,92.7,85.1,76.5,55
prefers-reduced-data,100.0,76.5,76.5,76.5,1
prefers-reduced-transparency,100.0,76.5,76.5,76.5,1
speak,91.2,76.5,76.5,76.5,1
zstd,100.0,100.0,76.5,76.5,17
hyphens,97.4,97.4,81.6,76.3,38
draganddrop,87.9,89.1,77.9,76.3,65
scroll-driven-animations,97.7,79.3,92.4,76.0,201
web-audio,96.2,82.2,94.1,75.9,231
video,91.9,81.3,85.6,75.9,31
host,94.7,83.6,97.2,75.7,38
masks,100.0,100.0,75.7,75.7,127
popover,99.5,98.0,75.7,75.7,104
fieldset,90.5,96.2,78.9,75.5,90
service-workers,88.2,84.9,88.6,75.4,315
object,91.7,83.3,83.7,75.3,24
clipboard-events,100.0,100.0,75.0,75.0,4
conic-gradients,100.0,100.0,75.0,75.0,16
element-timing,75.0,75.0,75.0,75.0,1
hr,100.0,75.0,100.0,75.0,8
hyphenate-character,100.0,100.0,75.0,75.0,4
path-shape,75.0,100.0,100.0,75.0,4
print,75.0,75.0,75.0,75.0,4
spellcheck,100.0,75.0,100.0,75.0,12
box-shadow,81.8,80.0,76.4,74.5,55
overflow-shorthand,100.0,95.7,78.7,74.5,47
text-overflow,86.9,92.7,81.6,74.4,56
word-break,89.7,91.0,85.9,74.4,78
progress-function,76.3,100.0,74.4,74.4,3
sizes-auto,86.6,100.0,87.5,74.1,8
svg,86.5,95.3,81.0,74.0,114
file-system-access,100.0,85.7,76.7,73.9,9
wasm-bulk-memory,100.0,100.0,73.7,73.7,8
reporting,97.4,97.4,76.3,73.7,19
webcodecs,93.1,94.4,78.8,73.5,201
align-content-block,96.9,100.0,74.0,73.3,19
inverted-colors,100.0,73.3,100.0,73.3,1
media-source,91.4,86.3,91.3,73.3,76
async-clipboard,85.4,83.3,79.2,73.2,21
is-secure-context,73.2,100.0,88.3,73.2,9
vertical-form-controls,100.0,83.8,89.2,73.0,37
audio-worklet,96.3,80.3,95.4,72.9,36
a,100.0,100.0,72.8,72.8,16
font-palette-animation,100.0,72.8,72.8,72.8,3
fixed-positioning,100.0,100.0,72.7,72.7,11
outline,100.0,93.9,78.8,72.7,33
caret-color,86.7,72.4,79.1,72.4,15
before-after,72.2,83.3,73.6,72.2,6
gap-decorations,96.3,84.7,73.4,72.1,82
css-typed-om,93.8,77.8,91.8,72.1,128
keyboard-events,95.9,96.2,72.1,72.1,10
white-space-collapse,72.0,78.0,72.0,72.0,10
ua-client-hints,100.0,71.8,71.8,71.8,4
font-variant-emoji,100.0,100.0,71.4,71.4,7
mix-blend-mode,91.1,91.1,75.0,71.4,56
text-shadow,94.3,94.3,71.4,71.4,35
paint-timing,91.7,96.9,82.4,71.3,36
web-based-payment-handler,96.1,71.0,71.0,71.0,11
display-animation,100.0,71.0,100.0,71.0,1
window,82.8,90.4,84.1,70.5,87
fetch-metadata,96.4,97.3,71.8,70.3,92
media-capabilities,83.1,99.3,74.7,70.1,12
quotes,97.5,95.0,77.5,70.0,40
toggleevent-source,80.0,73.3,70.0,70.0,5
image-maps,96.3,76.0,93.8,69.8,10
wasm,71.5,76.3,76.1,68.8,176
highlight,97.4,100.0,71.0,68.3,114
web-cryptography,70.0,72.9,72.4,68.2,303
input-radio,100.0,100.0,68.0,68.0,15
link-rel-preload,93.7,78.3,75.9,67.4,48
xml-serializer,89.7,67.0,82.8,67.0,2
referencetarget,100.0,67.0,67.0,67.0,5
topics,100.0,78.1,67.0,67.0,9
user-activation,77.8,81.9,75.4,66.8,14
overscroll-behavior,100.0,80.0,71.7,66.7,10
color,100.0,100.0,66.7,66.7,24
font-kerning,97.8,97.8,66.7,66.7,10
font-width,66.7,66.7,100.0,66.7,3
inherit-value,66.7,66.7,66.7,66.7,3
prefers-color-scheme,100.0,100.0,66.7,66.7,6
rlh,100.0,100.0,66.7,66.7,3
user-action-pseudos,100.0,100.0,66.7,66.7,3
wasm-multi-value,66.7,66.7,66.7,66.7,3
urlpattern,100.0,68.4,65.9,65.9,30
text-combine-upright,71.9,75.0,68.8,65.6,32
blocking-render,100.0,67.0,98.4,65.4,50
focus-events,91.7,100.0,73.6,65.3,12
scroll-markers,74.1,70.7,68.0,65.0,40
column-fill,99.1,92.5,71.5,64.3,185
heading-selectors,64.3,64.3,100.0,64.3,1
loading-lazy,92.7,94.2,73.3,63.8,78
display,96.3,84.1,72.3,63.7,23
resource-timing,97.8,84.7,72.8,63.7,110
revert-value,100.0,63.6,100.0,63.6,11
selection,90.4,88.5,72.8,63.5,52
alignment-baseline,89.4,88.2,66.3,62.9,34
text-autospace,87.9,96.1,71.1,62.9,32
background-attachment,94.5,87.2,72.3,62.6,47
background-clip-text,95.8,79.2,79.2,62.5,24
datalist,100.0,87.5,75.0,62.5,4
rem,100.0,100.0,62.5,62.5,2
request-video-frame-callback,75.0,75.0,62.5,62.5,8
display-ruby,87.9,93.2,76.8,62.3,69
text-orientation,100.0,100.0,61.9,61.9,21
source,61.8,62.5,61.8,61.8,16
cookie-store,92.4,97.8,68.8,61.5,71
webtransport,85.6,79.7,69.0,61.2,60
eyedropper,100.0,61.1,61.1,61.1,2
sibling-count,95.8,74.1,83.1,61.1,20
if,100.0,60.9,60.9,60.9,2
first-line,96.3,74.0,90.4,60.8,27
wasm-exception-handling,63.2,68.6,68.3,60.5,31
ruby-align,100.0,100.0,60.0,60.0,5
savedata,100.0,60.0,60.0,60.0,2
scroll-into-view-container,100.0,60.0,60.0,60.0,1
pointer-events-api,90.2,79.4,71.6,59.4,202
wasm-threads,66.7,59.3,66.7,59.3,9
history,90.4,78.3,71.6,59.3,108
background-blend-mode,73.3,85.7,71.4,59.0,7
wasm-garbage-collection,98.6,100.0,59.0,59.0,17
clip-path-animatable,63.6,97.4,94.8,58.4,77
marker,99.8,96.0,61.1,57.8,70
interest-invokers,90.0,57.4,57.4,57.4,10
first-letter,80.0,89.9,82.2,57.2,40
page-break-aliases,100.0,100.0,57.1,57.1,1
wasm-exnref-exceptions,100.0,100.0,57.1,57.1,1
popover-hint,100.0,95.0,56.7,56.7,4
alt-text-generated-content,59.4,76.2,56.2,56.2,2
clear-site-data,62.5,90.4,75.8,56.2,13
pointer-lock,88.2,91.2,61.8,55.9,17
notifications,72.7,86.0,70.4,55.7,17
touch-action,100.0,88.9,55.6,55.6,21
paint-order,100.0,55.6,100.0,55.6,9
upgrade-insecure-requests,85.7,57.6,84.5,55.5,173
webauthn,97.9,88.9,55.9,55.2,47
fullscreen,89.6,87.7,62.7,54.1,67
media-capture,72.2,73.9,65.0,53.9,49
media-session,86.5,64.7,90.8,53.6,9
webvtt-regions,63.3,56.7,66.7,53.3,30
xslt,53.3,98.6,100.0,53.3,15
wasm-simd,100.0,100.0,52.9,52.9,59
fetchlater,66.7,52.8,52.8,52.8,6
partitioned-cookies,100.0,100.0,52.4,52.4,7
credential-management,90.1,56.0,80.1,52.3,9
wasm-tail-call-optimization,100.0,100.0,52.2,52.2,2
webrtc-sctp,85.0,60.0,82.1,52.1,5
device-posture,100.0,51.9,51.9,51.9,1
webrtc-stats,84.9,58.7,77.2,51.2,8
corner-shape,63.6,60.2,55.7,51.1,22
modulepreload,96.0,77.3,66.3,51.1,9
barprop,100.0,50.0,100.0,50.0,2
display-flow-root,100.0,100.0,50.0,50.0,4
display-list-item,100.0,100.0,50.0,50.0,2
document-modelcontext,66.7,50.0,50.0,50.0,3
font-family-system,50.0,100.0,100.0,50.0,6
geolocation,100.0,94.4,50.0,50.0,12
link-rel-preconnect,100.0,100.0,50.0,50.0,2
long-animation-frames,50.0,50.0,50.0,50.0,2
messageerror,100.0,50.0,100.0,50.0,2
print-color-adjust,50.0,100.0,100.0,50.0,1
resource-size,100.0,100.0,50.0,50.0,2
ruby-overhang,100.0,75.0,75.0,50.0,8
scroll-snap-events,100.0,100.0,50.0,50.0,2
speech-recognition,100.0,50.0,50.0,50.0,1
spelling-grammar-error,50.0,50.0,50.0,50.0,6
supports-compat,100.0,50.0,100.0,50.0,2
target-text,93.8,81.3,62.5,50.0,16
system-color,99.8,99.8,49.7,49.7,29
baseline-shift,74.5,100.0,57.3,49.5,4
push,74.7,63.0,52.8,49.1,12
webrtc-encoded-transform,60.7,62.3,60.4,49.1,24
permissions,84.8,82.3,56.5,48.7,16
wheel-events,80.6,51.6,83.9,48.4,31
user-select,72.0,78.0,48.3,48.3,10
supports-at-rule,100.0,48.0,48.0,48.0,1
caret-shape,80.0,87.7,67.7,47.7,5
wasm-typed-fun-refs,100.0,100.0,47.6,47.6,5
baseline-source,90.7,98.0,50.6,47.4,18
background-sync,100.0,47.1,47.1,47.1,2
object-fit,99.5,99.5,46.7,46.7,125
web-otp,100.0,46.2,46.2,46.2,1
scroll-to-text-fragment,91.5,93.0,55.7,45.6,29
webhid,99.3,45.0,45.0,45.0,4
webusb,82.4,44.8,44.8,44.8,9
text-spacing-trim,86.8,47.4,89.5,44.7,38
gamepad,45.1,78.8,64.9,44.4,5
iframe-credentialless,87.5,44.3,72.4,44.3,16
wasm-reference-types,100.0,100.0,43.9,43.9,5
html-media-capture,43.8,43.8,43.8,43.8,2
network-information,100.0,43.6,43.6,43.6,2
reading-flow,85.7,64.3,42.9,42.9,7
resize,100.0,57.1,85.7,42.9,7
readablestream-from,42.4,98.4,100.0,42.4,5
canvas-2d-color-management,97.5,42.3,100.0,42.3,35
intersection-observer-v2,70.5,41.9,41.9,41.9,14
encrypted-media-extensions,93.0,75.3,56.9,41.8,57
permissions-policy,71.7,58.6,59.8,41.7,30
calc-size,100.0,50.5,42.8,41.5,11
composed-ranges,98.1,64.8,52.3,41.2,6
column-breaks,97.7,70.5,67.4,41.2,175
share,40.7,40.7,57.1,40.7,7
ambient-light,100.0,40.6,40.6,40.6,3
mixin,87.5,40.1,40.1,40.1,8
local-network-access,100.0,79.1,40.0,40.0,16
wasm-string-builtins,40.0,40.0,40.0,40.0,15
word-break-auto-phrase,100.0,70.0,70.0,40.0,10
interpolate-size,100.0,39.7,44.8,39.7,15
container-anchor-position-queries,100.0,42.6,39.3,39.3,6
gyroscope,100.0,39.3,39.3,39.3,3
line-clamp,87.0,47.3,79.9,39.2,148
paint,39.0,39.0,39.0,39.0,5
random-function,64.1,40.3,56.5,38.9,16
webvtt,41.4,47.7,46.8,38.7,111
page-setup,80.0,80.1,43.6,38.6,29
function,100.0,38.6,45.2,38.6,5
initial-letter,75.0,62.5,37.5,37.5,8
speech-synthesis,42.9,80.1,85.7,37.3,7
magnetometer,65.7,36.9,36.9,36.9,3
customizable-select,92.8,48.6,77.0,36.9,97
virtual-keyboard,100.0,36.4,36.4,36.4,2
wasm-simd-relaxed,100.0,100.0,36.1,36.1,7
two-value-display,79.1,50.2,65.3,36.0,5
stretch,100.0,37.3,95.3,34.9,76
fetch-request-streams,100.0,37.3,35.7,34.7,8
content-index,100.0,34.6,34.6,34.6,4
storage-buckets,100.0,34.0,34.0,34.0,4
font-language-override,100.0,100.0,33.3,33.3,3
link-rel-expect,100.0,33.3,100.0,33.3,12
notifications-apps,100.0,54.2,33.3,33.3,3
has-slotted,59.4,59.4,32.3,32.3,29
webdriver,93.7,98.1,32.3,31.6,211
font-metric-overrides,100.0,100.0,31.3,31.3,4
screen-capture,87.4,83.2,36.7,31.1,12
local-fonts,58.3,30.6,30.6,30.6,6
periodic-background-sync,60.6,30.3,30.3,30.3,2
capture-stream-audio-video,100.0,83.3,30.0,30.0,5
orientation-sensor,100.0,29.1,29.1,29.1,4
screen-wake-lock,100.0,91.1,31.1,28.9,15
widows-orphans,100.0,35.0,93.8,28.7,20
attribution-reporting,28.6,28.6,28.6,28.6,7
wasm-memory64,99.6,99.8,28.2,28.2,25
page-lifecycle,33.3,28.1,28.1,28.1,6
webxr-dom-overlays,33.3,27.8,27.8,27.8,4
compute-pressure,100.0,27.7,27.7,27.7,9
overflow-clip-margin,84.4,84.5,27.2,27.2,35
webxr-gamepads,33.3,26.7,26.7,26.7,3
badging,29.5,25.8,25.8,25.8,6
accesskey,100.0,75.0,25.0,25.0,2
box-decoration-break,100.0,96.9,28.1,25.0,32
context-fill-stroke,100.0,50.0,75.0,25.0,4
font-display,50.0,25.0,50.0,25.0,4
rhythmic-sizing,25.7,24.9,25.7,24.9,35
accelerometer,100.0,24.2,24.2,24.2,5
text-emphasis,85.3,87.8,25.0,22.7,98
margin-trim,86.5,22.7,100.0,22.7,52
secure-payment-confirmation,83.3,27.8,28.6,22.2,6
keyboard-map,94.1,21.3,21.3,21.3,2
masonry,94.3,23.5,89.6,19.6,505
forced-colors,30.2,28.9,22.1,18.9,63
screen-orientation,37.1,38.8,18.3,18.3,8
webxr-hand-input,100.0,18.2,18.2,18.2,1
web-bluetooth,30.6,17.8,17.8,17.8,9
is-input-pending,33.3,17.3,17.3,17.3,3
css-modules,100.0,100.0,16.7,16.7,15
custom-media-queries,16.7,16.7,16.7,16.7,3
keyboard-lock,43.2,16.6,16.6,16.6,4
picture-in-picture,94.7,98.9,16.5,16.5,15
wasm-multi-memory,100.0,100.0,16.3,16.3,41
measure-memory,16.0,16.0,16.0,16.0,5
presentation-api,100.0,15.5,15.5,15.5,1
link-rel-prefetch,90.3,97.2,15.3,15.3,8
text-justify,93.4,73.7,36.8,14.5,19
background-fetch,80.0,14.3,14.3,14.3,5
background-clip-border-area,100.0,14.3,100.0,14.3,14
filter-function,28.6,28.6,14.3,14.3,7
text-wrap-pretty,100.0,14.3,100.0,14.3,1
profiler,50.0,14.1,14.1,14.1,4
web-midi,97.8,98.9,13.5,13.5,1
sanitizer,87.0,74.3,13.2,13.2,24
highlightsfrompoint,100.0,100.0,12.5,12.5,3
touch-events,85.6,77.7,18.7,12.1,15
webxr-ar,20.0,11.4,11.4,11.4,5
payment-request,82.6,11.2,89.4,11.2,28
page-orientation,76.7,97.7,29.5,10.8,4
battery,33.3,10.3,10.3,10.3,3
device-orientation-events,100.0,64.8,14.7,9.7,5
web-nfc,9.4,9.4,9.4,9.4,11
transformstream-transformer-cancel,9.1,9.1,9.1,9.1,4
customized-built-in-elements,98.4,100.0,8.7,8.7,38
scoped-custom-element-registries,95.8,9.9,88.8,8.5,36
edit-context,100.0,8.3,58.3,8.3,2
show-picker-select,100.0,100.0,8.3,8.3,6
idle-detection,100.0,7.7,7.7,7.7,1
writingsuggestions,100.0,7.5,100.0,7.5,1
serial,90.0,83.3,7.4,7.4,10
compression-dictionary-transport,100.0,94.5,7.1,7.1,14
fedcm,8.9,12.5,7.1,7.1,14
webnn,22.2,7.2,6.4,6.4,36
fit-content-function,5.9,5.9,5.9,5.9,17
shared-storage,6.8,6.5,6.5,5.7,67
observable,100.0,5.6,5.6,5.6,1
virtual-sensors,100.0,5.6,5.6,5.6,1
move-before,99.7,98.5,5.4,5.4,57
webxr-anchors,12.6,5.0,5.0,5.0,7
document-picture-in-picture,97.3,99.2,4.5,4.5,22
remote-playback,100.0,3.9,100.0,3.9,8
plane-detection,16.7,3.8,3.8,3.8,6
jpegxl,3.6,89.3,89.3,3.6,28
fencedframe,3.7,3.8,3.6,3.5,194
webxr-lighting-estimation,12.5,3.4,3.4,3.4,8
barcode,40.3,3.1,3.1,3.1,6
layout-instability,50.0,2.9,2.9,2.9,2
webxr-device,3.7,2.7,2.7,2.7,89
cross-document-view-transitions,100.0,2.2,98.9,2.2,51
requestidlecallback,94.4,94.4,1.9,1.9,18
webxr-depth-sensing,5.0,1.3,1.3,1.3,19
longtasks,28.0,1.1,1.1,1.1,3
webxr-hit-test,12.5,1.1,1.1,1.1,8
insertable-streams,0.9,0.9,13.4,0.9,6
scheduler,100.0,99.7,0.9,0.9,114
webxr-layers,8.5,0.5,0.5,0.5,11
speculation-rules,47.9,0.2,47.4,0.2,282
alerts,0.0,0.0,0.0,0.0,2
audio-video-tracks,50.0,0.0,100.0,0.0,1
autocapitalize,100.0,100.0,0.0,0.0,1
avif,100.0,0.0,100.0,0.0,1
bfcache-blocking-reasons,0.0,0.0,0.0,0.0,2
canvas-2d-alpha,100.0,100.0,0.0,0.0,6
clipboard-custom-format,85.0,100.0,0.0,0.0,4
clipboard-unsanitized-formats,100.0,100.0,0.0,0.0,1
container-scroll-state-queries,0.0,0.0,0.0,0.0,4
counter-reset-reversed,90.9,90.9,0.0,0.0,22
custom-ellipses,0.0,0.0,0.0,0.0,3
getboxquads,0.0,0.0,0.0,0.0,2
hyphenate-limit-chars,100.0,100.0,0.0,0.0,1
image-function,0.0,0.0,0.0,0.0,5
origin,88.8,0.0,90.5,0.0,23
ping,100.0,0.0,100.0,0.0,18
screen-orientation-lock,33.3,33.3,0.0,0.0,4
shared-storage-locks,0.0,0.0,0.0,0.0,8
summarizer,0.0,0.0,0.0,0.0,8
time-relative-selectors,0.0,0.0,0.0,0.0,10
wasm-mutable-globals,0.0,0.0,0.0,0.0,6
webauthn-signals,100.0,0.0,33.3,0.0,3
webdriver-bidi,93.1,94.7,0.0,0.0,339
webvtt-cue-alignment,0.0,100.0,100.0,0.0,3
webxr-camera,0.0,0.0,0.0,0.0,1
